RIC,ISIN,Company Common Name,Country of Headquarters,Country of Exchange,TRBC Economic Sector Name,TRBC Economic Sector Code,TRBC Business Sector Name,TRBC Business Sector Code,TRBC Industry Group Name,TRBC Industry Group Code,TRBC Industry Name,TRBC Industry Code,TRBC Activity Name,TRBC Activity Code,Organization Founded Year
SYN0000.X,SY0000000000,Synthetic Firm 0000,Belgium,Belgium,Financials,50.0,Financials Services,50.0,Financials Group,50.0,Financials Industry,50.0,Financials Activity,50.0,2004.0
SYN0001.X,SY0000000001,Synthetic Firm 0001,Ireland,Ireland,Consumer Cyclicals,51.0,Consumer Cyclicals Services,51.0,Consumer Cyclicals Group,51.0,Consumer Cyclicals Industry,51.0,Consumer Cyclicals Activity,51.0,1968.0
SYN0002.X,SY0000000002,Synthetic Firm 0002,Iceland,Iceland,Consumer Cyclicals,51.0,Consumer Cyclicals Services,51.0,Consumer Cyclicals Group,51.0,Consumer Cyclicals Industry,51.0,Consumer Cyclicals Activity,51.0,2010.0
SYN0003.X,SY0000000003,Synthetic Firm 0003,France,France,Financials,50.0,Financials Services,50.0,Financials Group,50.0,Financials Industry,50.0,Financials Activity,50.0,1973.0
SYN0004.X,SY0000000004,Synthetic Firm 0004,Sweden,Sweden,Financials,50.0,Financials Services,50.0,Financials Group,50.0,Financials Industry,50.0,Financials Activity,50.0,0.0
SYN0005.X,SY0000000005,Synthetic Firm 0005,France,France,Consumer Non-Cyclicals,52.0,Consumer Non-Cyclicals Services,52.0,Consumer Non-Cyclicals Group,52.0,Consumer Non-Cyclicals Industry,52.0,Consumer Non-Cyclicals Activity,52.0,2013.0
SYN0006.X,SY0000000006,Synthetic Firm 0006,Spain,Spain,Technology,53.0,Technology Services,53.0,Technology Group,53.0,Technology Industry,53.0,Technology Activity,53.0,2025.0
SYN0007.X,SY0000000007,Synthetic Firm 0007,United Kingdom,United Kingdom,Technology,53.0,Technology Services,53.0,Technology Group,53.0,Technology Industry,53.0,Technology Activity,53.0,1943.0
SYN0008.X,SY0000000008,Synthetic Firm 0008,Sweden,Sweden,Consumer Non-Cyclicals,52.0,Consumer Non-Cyclicals Services,52.0,Consumer Non-Cyclicals Group,52.0,Consumer Non-Cyclicals Industry,52.0,Consumer Non-Cyclicals Activity,52.0,1954.0
SYN0009.X,SY0000000009,Synthetic Firm 0009,Sweden,Sweden,Consumer Cyclicals,51.0,Consumer Cyclicals Services,51.0,Consumer Cyclicals Group,51.0,Consumer Cyclicals Industry,51.0,Consumer Cyclicals Activity,51.0,1975.0
SYN0010.X,SY0000000010,Synthetic Firm 0010,United Kingdom,United Kingdom,Energy,54.0,Energy Services,54.0,Energy Group,54.0,Energy Industry,54.0,Energy Activity,54.0,1974.0
SYN0011.X,SY0000000011,Synthetic Firm 0011,Spain,Spain,Technology,53.0,Technology Services,53.0,Technology Group,53.0,Technology Industry,53.0,Technology Activity,53.0,2021.0
SYN0012.X,SY0000000012,Synthetic Firm 0012,Italy,Italy,Financials,50.0,Financials Services,50.0,Financials Group,50.0,Financials Industry,50.0,Financials Activity,50.0,1991.0
SYN0013.X,SY0000000013,Synthetic Firm 0013,Sweden,Sweden,Real Estate,55.0,Real Estate Services,55.0,Real Estate Group,55.0,Real Estate Industry,55.0,Real Estate Activity,55.0,1959.0
SYN0014.X,SY0000000014,Synthetic Firm 0014,Turkey,Turkey,Industrials,56.0,Industrials Services,56.0,Industrials Group,56.0,Industrials Industry,56.0,Industrials Activity,56.0,1932.0
SYN0015.X,SY0000000015,Synthetic Firm 0015,United Kingdom,United Kingdom,Technology,53.0,Technology Services,53.0,Technology Group,53.0,Technology Industry,53.0,Technology Activity,53.0,2008.0
SYN0016.X,SY0000000016,Synthetic Firm 0016,Czechia,Czechia,Utilities,57.0,Utilities Services,57.0,Utilities Group,57.0,Utilities Industry,57.0,Utilities Activity,57.0,2016.0
SYN0017.X,SY0000000017,Synthetic Firm 0017,Romania,Romania,Financials,50.0,Financials Services,50.0,Financials Group,50.0,Financials Industry,50.0,Financials Activity,50.0,2021.0
SYN0018.X,SY0000000018,Synthetic Firm 0018,Romania,Romania,Financials,50.0,Financials Services,50.0,Financials Group,50.0,Financials Industry,50.0,Financials Activity,50.0,2004.0
SYN0019.X,SY0000000019,Synthetic Firm 0019,Ireland,Ireland,Consumer Cyclicals,51.0,Consumer Cyclicals Services,51.0,Consumer Cyclicals Group,51.0,Consumer Cyclicals Industry,51.0,Consumer Cyclicals Activity,51.0,1952.0
SYN0020.X,SY0000000020,Synthetic Firm 0020,United Kingdom,United Kingdom,Consumer Cyclicals,51.0,Consumer Cyclicals Services,51.0,Consumer Cyclicals Group,51.0,Consumer Cyclicals Industry,51.0,Consumer Cyclicals Activity,51.0,2002.0
SYN0021.X,SY0000000021,Synthetic Firm 0021,United Kingdom,United Kingdom,Consumer Cyclicals,51.0,Consumer Cyclicals Services,51.0,Consumer Cyclicals Group,51.0,Consumer Cyclicals Industry,51.0,Consumer Cyclicals Activity,51.0,1941.0
SYN0022.X,SY0000000022,Synthetic Firm 0022,United Kingdom,United Kingdom,Healthcare,58.0,Healthcare Services,58.0,Healthcare Group,58.0,Healthcare Industry,58.0,Healthcare Activity,58.0,1954.0
SYN0023.X,SY0000000023,Synthetic Firm 0023,Sweden,Sweden,Basic Materials,59.0,Basic Materials Services,59.0,Basic Materials Group,59.0,Basic Materials Industry,59.0,Basic Materials Activity,59.0,2006.0
SYN0024.X,SY0000000024,Synthetic Firm 0024,Sweden,Sweden,Industrials,56.0,Industrials Services,56.0,Industrials Group,56.0,Industrials Industry,56.0,Industrials Activity,56.0,2003.0
SYN0025.X,SY0000000025,Synthetic Firm 0025,United Kingdom,United Kingdom,Financials,50.0,Financials Services,50.0,Financials Group,50.0,Financials Industry,50.0,Financials Activity,50.0,0.0
SYN0026.X,SY0000000026,Synthetic Firm 0026,Netherlands,Netherlands,Technology,53.0,Technology Services,53.0,Technology Group,53.0,Technology Industry,53.0,Technology Activity,53.0,1965.0
SYN0027.X,SY0000000027,Synthetic Firm 0027,Sweden,Sweden,Basic Materials,59.0,Basic Materials Services,59.0,Basic Materials Group,59.0,Basic Materials Industry,59.0,Basic Materials Activity,59.0,1966.0
SYN0028.X,SY0000000028,Synthetic Firm 0028,Switzerland,Switzerland,Financials,50.0,Financials Services,50.0,Financials Group,50.0,Financials Industry,50.0,Financials Activity,50.0,2004.0
SYN0029.X,SY0000000029,Synthetic Firm 0029,United Kingdom,United Kingdom,Consumer Cyclicals,51.0,Consumer Cyclicals Services,51.0,Consumer Cyclicals Group,51.0,Consumer Cyclicals Industry,51.0,Consumer Cyclicals Activity,51.0,2017.0
SYN0030.X,SY0000000030,Synthetic Firm 0030,Germany,Germany,Financials,50.0,Financials Services,50.0,Financials Group,50.0,Financials Industry,50.0,Financials Activity,50.0,1915.0
SYN0031.X,SY0000000031,Synthetic Firm 0031,Sweden,Sweden,Basic Materials,59.0,Basic Materials Services,59.0,Basic Materials Group,59.0,Basic Materials Industry,59.0,Basic Materials Activity,59.0,1992.0
SYN0032.X,SY0000000032,Synthetic Firm 0032,Sweden,Sweden,Consumer Cyclicals,51.0,Consumer Cyclicals Services,51.0,Consumer Cyclicals Group,51.0,Consumer Cyclicals Industry,51.0,Consumer Cyclicals Activity,51.0,1964.0
SYN0033.X,SY0000000033,Synthetic Firm 0033,Greece,Greece,Financials,50.0,Financials Services,50.0,Financials Group,50.0,Financials Industry,50.0,Financials Activity,50.0,1962.0
SYN0034.X,SY0000000034,Synthetic Firm 0034,United Kingdom,United Kingdom,Financials,50.0,Financials Services,50.0,Financials Group,50.0,Financials Industry,50.0,Financials Activity,50.0,2015.0
SYN0035.X,SY0000000035,Synthetic Firm 0035,United Kingdom,United Kingdom,Industrials,56.0,Industrials Services,56.0,Industrials Group,56.0,Industrials Industry,56.0,Industrials Activity,56.0,2010.0
SYN0036.X,SY0000000036,Synthetic Firm 0036,Israel,Israel,Consumer Cyclicals,51.0,Consumer Cyclicals Services,51.0,Consumer Cyclicals Group,51.0,Consumer Cyclicals Industry,51.0,Consumer Cyclicals Activity,51.0,1984.0
SYN0037.X,SY0000000037,Synthetic Firm 0037,Germany,Germany,Healthcare,58.0,Healthcare Services,58.0,Healthcare Group,58.0,Healthcare Industry,58.0,Healthcare Activity,58.0,2017.0
SYN0038.X,SY0000000038,Synthetic Firm 0038,United Kingdom,United Kingdom,Industrials,56.0,Industrials Services,56.0,Industrials Group,56.0,Industrials Industry,56.0,Industrials Activity,56.0,2020.0
SYN0039.X,SY0000000039,Synthetic Firm 0039,Portugal,Portugal,Consumer Cyclicals,51.0,Consumer Cyclicals Services,51.0,Consumer Cyclicals Group,51.0,Consumer Cyclicals Industry,51.0,Consumer Cyclicals Activity,51.0,1986.0
SYN0040.X,SY0000000040,Synthetic Firm 0040,Israel,Israel,Consumer Cyclicals,51.0,Consumer Cyclicals Services,51.0,Consumer Cyclicals Group,51.0,Consumer Cyclicals Industry,51.0,Consumer Cyclicals Activity,51.0,1976.0
SYN0041.X,SY0000000041,Synthetic Firm 0041,Switzerland,Switzerland,Industrials,56.0,Industrials Services,56.0,Industrials Group,56.0,Industrials Industry,56.0,Industrials Activity,56.0,1982.0
SYN0042.X,SY0000000042,Synthetic Firm 0042,France,France,Healthcare,58.0,Healthcare Services,58.0,Healthcare Group,58.0,Healthcare Industry,58.0,Healthcare Activity,58.0,1969.0
SYN0043.X,SY0000000043,Synthetic Firm 0043,Russia,Russia,Consumer Cyclicals,51.0,Consumer Cyclicals Services,51.0,Consumer Cyclicals Group,51.0,Consumer Cyclicals Industry,51.0,Consumer Cyclicals Activity,51.0,1983.0
SYN0044.X,SY0000000044,Synthetic Firm 0044,United Kingdom,United Kingdom,Financials,50.0,Financials Services,50.0,Financials Group,50.0,Financials Industry,50.0,Financials Activity,50.0,2006.0
SYN0045.X,SY0000000045,Synthetic Firm 0045,Switzerland,Switzerland,Financials,50.0,Financials Services,50.0,Financials Group,50.0,Financials Industry,50.0,Financials Activity,50.0,1987.0
SYN0046.X,SY0000000046,Synthetic Firm 0046,Luxembourg,Luxembourg,Consumer Non-Cyclicals,52.0,Consumer Non-Cyclicals Services,52.0,Consumer Non-Cyclicals Group,52.0,Consumer Non-Cyclicals Industry,52.0,Consumer Non-Cyclicals Activity,52.0,1977.0
SYN0047.X,SY0000000047,Synthetic Firm 0047,Spain,Spain,Consumer Non-Cyclicals,52.0,Consumer Non-Cyclicals Services,52.0,Consumer Non-Cyclicals Group,52.0,Consumer Non-Cyclicals Industry,52.0,Consumer Non-Cyclicals Activity,52.0,2020.0
SYN0048.X,SY0000000048,Synthetic Firm 0048,Switzerland,Switzerland,Consumer Cyclicals,51.0,Consumer Cyclicals Services,51.0,Consumer Cyclicals Group,51.0,Consumer Cyclicals Industry,51.0,Consumer Cyclicals Activity,51.0,1995.0
SYN0049.X,SY0000000049,Synthetic Firm 0049,Switzerland,Switzerland,Healthcare,58.0,Healthcare Services,58.0,Healthcare Group,58.0,Healthcare Industry,58.0,Healthcare Activity,58.0,1997.0
SYN0050.X,SY0000000050,Synthetic Firm 0050,United Kingdom,United Kingdom,Financials,50.0,Financials Services,50.0,Financials Group,50.0,Financials Industry,50.0,Financials Activity,50.0,1978.0
SYN0051.X,SY0000000051,Synthetic Firm 0051,Latvia,Latvia,Real Estate,55.0,Real Estate Services,55.0,Real Estate Group,55.0,Real Estate Industry,55.0,Real Estate Activity,55.0,2017.0
SYN0052.X,SY0000000052,Synthetic Firm 0052,Germany,Germany,Consumer Cyclicals,51.0,Consumer Cyclicals Services,51.0,Consumer Cyclicals Group,51.0,Consumer Cyclicals Industry,51.0,Consumer Cyclicals Activity,51.0,1987.0
SYN0053.X,SY0000000053,Synthetic Firm 0053,Netherlands,Netherlands,Energy,54.0,Energy Services,54.0,Energy Group,54.0,Energy Industry,54.0,Energy Activity,54.0,1949.0
SYN0054.X,SY0000000054,Synthetic Firm 0054,Austria,Austria,Healthcare,58.0,Healthcare Services,58.0,Healthcare Group,58.0,Healthcare Industry,58.0,Healthcare Activity,58.0,2012.0
SYN0055.X,SY0000000055,Synthetic Firm 0055,United Kingdom,United Kingdom,Real Estate,55.0,Real Estate Services,55.0,Real Estate Group,55.0,Real Estate Industry,55.0,Real Estate Activity,55.0,2005.0
SYN0056.X,SY0000000056,Synthetic Firm 0056,United Kingdom,United Kingdom,Financials,50.0,Financials Services,50.0,Financials Group,50.0,Financials Industry,50.0,Financials Activity,50.0,1966.0
SYN0057.X,SY0000000057,Synthetic Firm 0057,Denmark,Denmark,Industrials,56.0,Industrials Services,56.0,Industrials Group,56.0,Industrials Industry,56.0,Industrials Activity,56.0,1988.0
SYN0058.X,SY0000000058,Synthetic Firm 0058,Israel,Israel,Utilities,57.0,Utilities Services,57.0,Utilities Group,57.0,Utilities Industry,57.0,Utilities Activity,57.0,2014.0
SYN0059.X,SY0000000059,Synthetic Firm 0059,United Kingdom,United Kingdom,Energy,54.0,Energy Services,54.0,Energy Group,54.0,Energy Industry,54.0,Energy Activity,54.0,1989.0
SYN0060.X,SY0000000060,Synthetic Firm 0060,Switzerland,Switzerland,Financials,50.0,Financials Services,50.0,Financials Group,50.0,Financials Industry,50.0,Financials Activity,50.0,1994.0
SYN0061.X,SY0000000061,Synthetic Firm 0061,France,France,Consumer Cyclicals,51.0,Consumer Cyclicals Services,51.0,Consumer Cyclicals Group,51.0,Consumer Cyclicals Industry,51.0,Consumer Cyclicals Activity,51.0,2003.0
SYN0062.X,SY0000000062,Synthetic Firm 0062,United Kingdom,United Kingdom,Healthcare,58.0,Healthcare Services,58.0,Healthcare Group,58.0,Healthcare Industry,58.0,Healthcare Activity,58.0,2011.0
SYN0063.X,SY0000000063,Synthetic Firm 0063,Germany,Germany,Financials,50.0,Financials Services,50.0,Financials Group,50.0,Financials Industry,50.0,Financials Activity,50.0,0.0
SYN0064.X,SY0000000064,Synthetic Firm 0064,Turkey,Turkey,Financials,50.0,Financials Services,50.0,Financials Group,50.0,Financials Industry,50.0,Financials Activity,50.0,2008.0
SYN0065.X,SY0000000065,Synthetic Firm 0065,Sweden,Sweden,Financials,50.0,Financials Services,50.0,Financials Group,50.0,Financials Industry,50.0,Financials Activity,50.0,1963.0
SYN0066.X,SY0000000066,Synthetic Firm 0066,Switzerland,Switzerland,Financials,50.0,Financials Services,50.0,Financials Group,50.0,Financials Industry,50.0,Financials Activity,50.0,1928.0
SYN0067.X,SY0000000067,Synthetic Firm 0067,France,France,Financials,50.0,Financials Services,50.0,Financials Group,50.0,Financials Industry,50.0,Financials Activity,50.0,0.0
SYN0068.X,SY0000000068,Synthetic Firm 0068,United Kingdom,United Kingdom,Technology,53.0,Technology Services,53.0,Technology Group,53.0,Technology Industry,53.0,Technology Activity,53.0,1973.0
SYN0069.X,SY0000000069,Synthetic Firm 0069,Luxembourg,Luxembourg,Technology,53.0,Technology Services,53.0,Technology Group,53.0,Technology Industry,53.0,Technology Activity,53.0,2014.0
SYN0070.X,SY0000000070,Synthetic Firm 0070,Israel,Israel,Consumer Cyclicals,51.0,Consumer Cyclicals Services,51.0,Consumer Cyclicals Group,51.0,Consumer Cyclicals Industry,51.0,Consumer Cyclicals Activity,51.0,1918.0
SYN0071.X,SY0000000071,Synthetic Firm 0071,Switzerland,Switzerland,Consumer Non-Cyclicals,52.0,Consumer Non-Cyclicals Services,52.0,Consumer Non-Cyclicals Group,52.0,Consumer Non-Cyclicals Industry,52.0,Consumer Non-Cyclicals Activity,52.0,1953.0
SYN0072.X,SY0000000072,Synthetic Firm 0072,Sweden,Sweden,Industrials,56.0,Industrials Services,56.0,Industrials Group,56.0,Industrials Industry,56.0,Industrials Activity,56.0,0.0
SYN0073.X,SY0000000073,Synthetic Firm 0073,Greece,Greece,Consumer Cyclicals,51.0,Consumer Cyclicals Services,51.0,Consumer Cyclicals Group,51.0,Consumer Cyclicals Industry,51.0,Consumer Cyclicals Activity,51.0,1938.0
SYN0074.X,SY0000000074,Synthetic Firm 0074,Ireland,Ireland,Energy,54.0,Energy Services,54.0,Energy Group,54.0,Energy Industry,54.0,Energy Activity,54.0,1943.0
SYN0075.X,SY0000000075,Synthetic Firm 0075,United Kingdom,United Kingdom,Financials,50.0,Financials Services,50.0,Financials Group,50.0,Financials Industry,50.0,Financials Activity,50.0,2016.0
SYN0076.X,SY0000000076,Synthetic Firm 0076,Iceland,Iceland,Financials,50.0,Financials Services,50.0,Financials Group,50.0,Financials Industry,50.0,Financials Activity,50.0,1990.0
SYN0077.X,SY0000000077,Synthetic Firm 0077,United Kingdom,United Kingdom,Basic Materials,59.0,Basic Materials Services,59.0,Basic Materials Group,59.0,Basic Materials Industry,59.0,Basic Materials Activity,59.0,1961.0
SYN0078.X,SY0000000078,Synthetic Firm 0078,Sweden,Sweden,Energy,54.0,Energy Services,54.0,Energy Group,54.0,Energy Industry,54.0,Energy Activity,54.0,2017.0
SYN0079.X,SY0000000079,Synthetic Firm 0079,Portugal,Portugal,Financials,50.0,Financials Services,50.0,Financials Group,50.0,Financials Industry,50.0,Financials Activity,50.0,2007.0
SYN0080.X,SY0000000080,Synthetic Firm 0080,United Kingdom,United Kingdom,Technology,53.0,Technology Services,53.0,Technology Group,53.0,Technology Industry,53.0,Technology Activity,53.0,1943.0
SYN0081.X,SY0000000081,Synthetic Firm 0081,Switzerland,Switzerland,Financials,50.0,Financials Services,50.0,Financials Group,50.0,Financials Industry,50.0,Financials Activity,50.0,1997.0
SYN0082.X,SY0000000082,Synthetic Firm 0082,United Kingdom,United Kingdom,Technology,53.0,Technology Services,53.0,Technology Group,53.0,Technology Industry,53.0,Technology Activity,53.0,1994.0
SYN0083.X,SY0000000083,Synthetic Firm 0083,Ireland,Ireland,Consumer Cyclicals,51.0,Consumer Cyclicals Services,51.0,Consumer Cyclicals Group,51.0,Consumer Cyclicals Industry,51.0,Consumer Cyclicals Activity,51.0,1970.0
SYN0084.X,SY0000000084,Synthetic Firm 0084,Switzerland,Switzerland,Financials,50.0,Financials Services,50.0,Financials Group,50.0,Financials Industry,50.0,Financials Activity,50.0,1957.0
SYN0085.X,SY0000000085,Synthetic Firm 0085,United Kingdom,United Kingdom,Consumer Cyclicals,51.0,Consumer Cyclicals Services,51.0,Consumer Cyclicals Group,51.0,Consumer Cyclicals Industry,51.0,Consumer Cyclicals Activity,51.0,1947.0
SYN0086.X,SY0000000086,Synthetic Firm 0086,Iceland,Iceland,Industrials,56.0,Industrials Services,56.0,Industrials Group,56.0,Industrials Industry,56.0,Industrials Activity,56.0,1965.0
SYN0087.X,SY0000000087,Synthetic Firm 0087,Germany,Germany,Technology,53.0,Technology Services,53.0,Technology Group,53.0,Technology Industry,53.0,Technology Activity,53.0,1949.0
SYN0088.X,SY0000000088,Synthetic Firm 0088,France,France,Consumer Cyclicals,51.0,Consumer Cyclicals Services,51.0,Consumer Cyclicals Group,51.0,Consumer Cyclicals Industry,51.0,Consumer Cyclicals Activity,51.0,1997.0
SYN0089.X,SY0000000089,Synthetic Firm 0089,Germany,Germany,Consumer Cyclicals,51.0,Consumer Cyclicals Services,51.0,Consumer Cyclicals Group,51.0,Consumer Cyclicals Industry,51.0,Consumer Cyclicals Activity,51.0,2002.0
SYN0090.X,SY0000000090,Synthetic Firm 0090,Germany,Germany,Industrials,56.0,Industrials Services,56.0,Industrials Group,56.0,Industrials Industry,56.0,Industrials Activity,56.0,1972.0
SYN0091.X,SY0000000091,Synthetic Firm 0091,Luxembourg,Luxembourg,Technology,53.0,Technology Services,53.0,Technology Group,53.0,Technology Industry,53.0,Technology Activity,53.0,1994.0
SYN0092.X,SY0000000092,Synthetic Firm 0092,Germany,Germany,Consumer Cyclicals,51.0,Consumer Cyclicals Services,51.0,Consumer Cyclicals Group,51.0,Consumer Cyclicals Industry,51.0,Consumer Cyclicals Activity,51.0,1994.0
SYN0093.X,SY0000000093,Synthetic Firm 0093,France,France,Industrials,56.0,Industrials Services,56.0,Industrials Group,56.0,Industrials Industry,56.0,Industrials Activity,56.0,1918.0
SYN0094.X,SY0000000094,Synthetic Firm 0094,France,France,Financials,50.0,Financials Services,50.0,Financials Group,50.0,Financials Industry,50.0,Financials Activity,50.0,1994.0
SYN0095.X,SY0000000095,Synthetic Firm 0095,Germany,Germany,Healthcare,58.0,Healthcare Services,58.0,Healthcare Group,58.0,Healthcare Industry,58.0,Healthcare Activity,58.0,0.0
SYN0096.X,SY0000000096,Synthetic Firm 0096,United Kingdom,United Kingdom,Industrials,56.0,Industrials Services,56.0,Industrials Group,56.0,Industrials Industry,56.0,Industrials Activity,56.0,2020.0
SYN0097.X,SY0000000097,Synthetic Firm 0097,United Kingdom,United Kingdom,Industrials,56.0,Industrials Services,56.0,Industrials Group,56.0,Industrials Industry,56.0,Industrials Activity,56.0,2017.0
SYN0098.X,SY0000000098,Synthetic Firm 0098,United Kingdom,United Kingdom,Industrials,56.0,Industrials Services,56.0,Industrials Group,56.0,Industrials Industry,56.0,Industrials Activity,56.0,1975.0
SYN0099.X,SY0000000099,Synthetic Firm 0099,Germany,Germany,Financials,50.0,Financials Services,50.0,Financials Group,50.0,Financials Industry,50.0,Financials Activity,50.0,2009.0
SYN0100.X,SY0000000100,Synthetic Firm 0100,Romania,Romania,Industrials,56.0,Industrials Services,56.0,Industrials Group,56.0,Industrials Industry,56.0,Industrials Activity,56.0,1986.0
SYN0101.X,SY0000000101,Synthetic Firm 0101,United Kingdom,United Kingdom,Technology,53.0,Technology Services,53.0,Technology Group,53.0,Technology Industry,53.0,Technology Activity,53.0,1975.0
SYN0102.X,SY0000000102,Synthetic Firm 0102,United Kingdom,United Kingdom,Financials,50.0,Financials Services,50.0,Financials Group,50.0,Financials Industry,50.0,Financials Activity,50.0,2014.0
SYN0103.X,SY0000000103,Synthetic Firm 0103,United Kingdom,United Kingdom,Consumer Cyclicals,51.0,Consumer Cyclicals Services,51.0,Consumer Cyclicals Group,51.0,Consumer Cyclicals Industry,51.0,Consumer Cyclicals Activity,51.0,1981.0
SYN0104.X,SY0000000104,Synthetic Firm 0104,Sweden,Sweden,Financials,50.0,Financials Services,50.0,Financials Group,50.0,Financials Industry,50.0,Financials Activity,50.0,2003.0
SYN0105.X,SY0000000105,Synthetic Firm 0105,Austria,Austria,Consumer Cyclicals,51.0,Consumer Cyclicals Services,51.0,Consumer Cyclicals Group,51.0,Consumer Cyclicals Industry,51.0,Consumer Cyclicals Activity,51.0,2023.0
SYN0106.X,SY0000000106,Synthetic Firm 0106,Germany,Germany,Consumer Non-Cyclicals,52.0,Consumer Non-Cyclicals Services,52.0,Consumer Non-Cyclicals Group,52.0,Consumer Non-Cyclicals Industry,52.0,Consumer Non-Cyclicals Activity,52.0,2022.0
SYN0107.X,SY0000000107,Synthetic Firm 0107,Estonia,Estonia,Industrials,56.0,Industrials Services,56.0,Industrials Group,56.0,Industrials Industry,56.0,Industrials Activity,56.0,1945.0
SYN0108.X,SY0000000108,Synthetic Firm 0108,Portugal,Portugal,Basic Materials,59.0,Basic Materials Services,59.0,Basic Materials Group,59.0,Basic Materials Industry,59.0,Basic Materials Activity,59.0,1966.0
SYN0109.X,SY0000000109,Synthetic Firm 0109,Switzerland,Switzerland,Industrials,56.0,Industrials Services,56.0,Industrials Group,56.0,Industrials Industry,56.0,Industrials Activity,56.0,2010.0
SYN0110.X,SY0000000110,Synthetic Firm 0110,Germany,Germany,Technology,53.0,Technology Services,53.0,Technology Group,53.0,Technology Industry,53.0,Technology Activity,53.0,0.0
SYN0111.X,SY0000000111,Synthetic Firm 0111,United Kingdom,United Kingdom,Financials,50.0,Financials Services,50.0,Financials Group,50.0,Financials Industry,50.0,Financials Activity,50.0,1982.0
SYN0112.X,SY0000000112,Synthetic Firm 0112,Czechia,Czechia,Industrials,56.0,Industrials Services,56.0,Industrials Group,56.0,Industrials Industry,56.0,Industrials Activity,56.0,2009.0
SYN0113.X,SY0000000113,Synthetic Firm 0113,Poland,Poland,Financials,50.0,Financials Services,50.0,Financials Group,50.0,Financials Industry,50.0,Financials Activity,50.0,2020.0
SYN0114.X,SY0000000114,Synthetic Firm 0114,Germany,Germany,Technology,53.0,Technology Services,53.0,Technology Group,53.0,Technology Industry,53.0,Technology Activity,53.0,2012.0
SYN0115.X,SY0000000115,Synthetic Firm 0115,United Kingdom,United Kingdom,Technology,53.0,Technology Services,53.0,Technology Group,53.0,Technology Industry,53.0,Technology Activity,53.0,2009.0
SYN0116.X,SY0000000116,Synthetic Firm 0116,United Kingdom,United Kingdom,Financials,50.0,Financials Services,50.0,Financials Group,50.0,Financials Industry,50.0,Financials Activity,50.0,1969.0
SYN0117.X,SY0000000117,Synthetic Firm 0117,United Kingdom,United Kingdom,Energy,54.0,Energy Services,54.0,Energy Group,54.0,Energy Industry,54.0,Energy Activity,54.0,1964.0
SYN0118.X,SY0000000118,Synthetic Firm 0118,Romania,Romania,Consumer Cyclicals,51.0,Consumer Cyclicals Services,51.0,Consumer Cyclicals Group,51.0,Consumer Cyclicals Industry,51.0,Consumer Cyclicals Activity,51.0,1948.0
SYN0119.X,SY0000000119,Synthetic Firm 0119,Finland,Finland,Utilities,57.0,Utilities Services,57.0,Utilities Group,57.0,Utilities Industry,57.0,Utilities Activity,57.0,2022.0
SYN0120.X,SY0000000120,Synthetic Firm 0120,France,France,Financials,50.0,Financials Services,50.0,Financials Group,50.0,Financials Industry,50.0,Financials Activity,50.0,2003.0
SYN0121.X,SY0000000121,Synthetic Firm 0121,Denmark,Denmark,Financials,50.0,Financials Services,50.0,Financials Group,50.0,Financials Industry,50.0,Financials Activity,50.0,1972.0
SYN0122.X,SY0000000122,Synthetic Firm 0122,France,France,Healthcare,58.0,Healthcare Services,58.0,Healthcare Group,58.0,Healthcare Industry,58.0,Healthcare Activity,58.0,1963.0
SYN0123.X,SY0000000123,Synthetic Firm 0123,United Kingdom,United Kingdom,Financials,50.0,Financials Services,50.0,Financials Group,50.0,Financials Industry,50.0,Financials Activity,50.0,1948.0
SYN0124.X,SY0000000124,Synthetic Firm 0124,United Kingdom,United Kingdom,Financials,50.0,Financials Services,50.0,Financials Group,50.0,Financials Industry,50.0,Financials Activity,50.0,1986.0
SYN0125.X,SY0000000125,Synthetic Firm 0125,Sweden,Sweden,Real Estate,55.0,Real Estate Services,55.0,Real Estate Group,55.0,Real Estate Industry,55.0,Real Estate Activity,55.0,1996.0
SYN0126.X,SY0000000126,Synthetic Firm 0126,France,France,Financials,50.0,Financials Services,50.0,Financials Group,50.0,Financials Industry,50.0,Financials Activity,50.0,2014.0
SYN0127.X,SY0000000127,Synthetic Firm 0127,United Kingdom,United Kingdom,Energy,54.0,Energy Services,54.0,Energy Group,54.0,Energy Industry,54.0,Energy Activity,54.0,1967.0
SYN0128.X,SY0000000128,Synthetic Firm 0128,Czechia,Czechia,Industrials,56.0,Industrials Services,56.0,Industrials Group,56.0,Industrials Industry,56.0,Industrials Activity,56.0,2003.0
SYN0129.X,SY0000000129,Synthetic Firm 0129,Czechia,Czechia,Healthcare,58.0,Healthcare Services,58.0,Healthcare Group,58.0,Healthcare Industry,58.0,Healthcare Activity,58.0,1953.0
SYN0130.X,SY0000000130,Synthetic Firm 0130,United Kingdom,United Kingdom,Industrials,56.0,Industrials Services,56.0,Industrials Group,56.0,Industrials Industry,56.0,Industrials Activity,56.0,0.0
SYN0131.X,SY0000000131,Synthetic Firm 0131,Germany,Germany,Basic Materials,59.0,Basic Materials Services,59.0,Basic Materials Group,59.0,Basic Materials Industry,59.0,Basic Materials Activity,59.0,1963.0
SYN0132.X,SY0000000132,Synthetic Firm 0132,United Kingdom,United Kingdom,Financials,50.0,Financials Services,50.0,Financials Group,50.0,Financials Industry,50.0,Financials Activity,50.0,1974.0
SYN0133.X,SY0000000133,Synthetic Firm 0133,United Kingdom,United Kingdom,Basic Materials,59.0,Basic Materials Services,59.0,Basic Materials Group,59.0,Basic Materials Industry,59.0,Basic Materials Activity,59.0,2011.0
SYN0134.X,SY0000000134,Synthetic Firm 0134,Romania,Romania,Industrials,56.0,Industrials Services,56.0,Industrials Group,56.0,Industrials Industry,56.0,Industrials Activity,56.0,2012.0
SYN0135.X,SY0000000135,Synthetic Firm 0135,France,France,Real Estate,55.0,Real Estate Services,55.0,Real Estate Group,55.0,Real Estate Industry,55.0,Real Estate Activity,55.0,1996.0
SYN0136.X,SY0000000136,Synthetic Firm 0136,Iceland,Iceland,Industrials,56.0,Industrials Services,56.0,Industrials Group,56.0,Industrials Industry,56.0,Industrials Activity,56.0,1994.0
SYN0137.X,SY0000000137,Synthetic Firm 0137,Sweden,Sweden,Financials,50.0,Financials Services,50.0,Financials Group,50.0,Financials Industry,50.0,Financials Activity,50.0,1963.0
SYN0138.X,SY0000000138,Synthetic Firm 0138,United Kingdom,United Kingdom,Industrials,56.0,Industrials Services,56.0,Industrials Group,56.0,Industrials Industry,56.0,Industrials Activity,56.0,2024.0
SYN0139.X,SY0000000139,Synthetic Firm 0139,Switzerland,Switzerland,Financials,50.0,Financials Services,50.0,Financials Group,50.0,Financials Industry,50.0,Financials Activity,50.0,2003.0
SYN0140.X,SY0000000140,Synthetic Firm 0140,Iceland,Iceland,Consumer Non-Cyclicals,52.0,Consumer Non-Cyclicals Services,52.0,Consumer Non-Cyclicals Group,52.0,Consumer Non-Cyclicals Industry,52.0,Consumer Non-Cyclicals Activity,52.0,2000.0
SYN0141.X,SY0000000141,Synthetic Firm 0141,Austria,Austria,Utilities,57.0,Utilities Services,57.0,Utilities Group,57.0,Utilities Industry,57.0,Utilities Activity,57.0,1994.0
SYN0142.X,SY0000000142,Synthetic Firm 0142,United Kingdom,United Kingdom,Industrials,56.0,Industrials Services,56.0,Industrials Group,56.0,Industrials Industry,56.0,Industrials Activity,56.0,1970.0
SYN0143.X,SY0000000143,Synthetic Firm 0143,France,France,Real Estate,55.0,Real Estate Services,55.0,Real Estate Group,55.0,Real Estate Industry,55.0,Real Estate Activity,55.0,2019.0
SYN0144.X,SY0000000144,Synthetic Firm 0144,Romania,Romania,Financials,50.0,Financials Services,50.0,Financials Group,50.0,Financials Industry,50.0,Financials Activity,50.0,2007.0
SYN0145.X,SY0000000145,Synthetic Firm 0145,Malta,Malta,Financials,50.0,Financials Services,50.0,Financials Group,50.0,Financials Industry,50.0,Financials Activity,50.0,1996.0
SYN0146.X,SY0000000146,Synthetic Firm 0146,Russia,Russia,Technology,53.0,Technology Services,53.0,Technology Group,53.0,Technology Industry,53.0,Technology Activity,53.0,1983.0
SYN0147.X,SY0000000147,Synthetic Firm 0147,United Kingdom,United Kingdom,Healthcare,58.0,Healthcare Services,58.0,Healthcare Group,58.0,Healthcare Industry,58.0,Healthcare Activity,58.0,2017.0
SYN0148.X,SY0000000148,Synthetic Firm 0148,United Kingdom,United Kingdom,Basic Materials,59.0,Basic Materials Services,59.0,Basic Materials Group,59.0,Basic Materials Industry,59.0,Basic Materials Activity,59.0,1998.0
SYN0149.X,SY0000000149,Synthetic Firm 0149,Belgium,Belgium,Basic Materials,59.0,Basic Materials Services,59.0,Basic Materials Group,59.0,Basic Materials Industry,59.0,Basic Materials Activity,59.0,2018.0
SYN0150.X,SY0000000150,Synthetic Firm 0150,Belgium,Belgium,Consumer Cyclicals,51.0,Consumer Cyclicals Services,51.0,Consumer Cyclicals Group,51.0,Consumer Cyclicals Industry,51.0,Consumer Cyclicals Activity,51.0,1981.0
SYN0151.X,SY0000000151,Synthetic Firm 0151,Germany,Germany,Consumer Non-Cyclicals,52.0,Consumer Non-Cyclicals Services,52.0,Consumer Non-Cyclicals Group,52.0,Consumer Non-Cyclicals Industry,52.0,Consumer Non-Cyclicals Activity,52.0,2022.0
SYN0152.X,SY0000000152,Synthetic Firm 0152,United Kingdom,United Kingdom,Real Estate,55.0,Real Estate Services,55.0,Real Estate Group,55.0,Real Estate Industry,55.0,Real Estate Activity,55.0,2023.0
SYN0153.X,SY0000000153,Synthetic Firm 0153,Austria,Austria,Financials,50.0,Financials Services,50.0,Financials Group,50.0,Financials Industry,50.0,Financials Activity,50.0,1997.0
SYN0154.X,SY0000000154,Synthetic Firm 0154,United Kingdom,United Kingdom,Industrials,56.0,Industrials Services,56.0,Industrials Group,56.0,Industrials Industry,56.0,Industrials Activity,56.0,1955.0
SYN0155.X,SY0000000155,Synthetic Firm 0155,Switzerland,Switzerland,Healthcare,58.0,Healthcare Services,58.0,Healthcare Group,58.0,Healthcare Industry,58.0,Healthcare Activity,58.0,2003.0
SYN0156.X,SY0000000156,Synthetic Firm 0156,Spain,Spain,Consumer Cyclicals,51.0,Consumer Cyclicals Services,51.0,Consumer Cyclicals Group,51.0,Consumer Cyclicals Industry,51.0,Consumer Cyclicals Activity,51.0,2013.0
SYN0157.X,SY0000000157,Synthetic Firm 0157,Israel,Israel,Consumer Cyclicals,51.0,Consumer Cyclicals Services,51.0,Consumer Cyclicals Group,51.0,Consumer Cyclicals Industry,51.0,Consumer Cyclicals Activity,51.0,2015.0
SYN0158.X,SY0000000158,Synthetic Firm 0158,United Kingdom,United Kingdom,Consumer Non-Cyclicals,52.0,Consumer Non-Cyclicals Services,52.0,Consumer Non-Cyclicals Group,52.0,Consumer Non-Cyclicals Industry,52.0,Consumer Non-Cyclicals Activity,52.0,1965.0
SYN0159.X,SY0000000159,Synthetic Firm 0159,Sweden,Sweden,Financials,50.0,Financials Services,50.0,Financials Group,50.0,Financials Industry,50.0,Financials Activity,50.0,2017.0
SYN0160.X,SY0000000160,Synthetic Firm 0160,United Kingdom,United Kingdom,Consumer Non-Cyclicals,52.0,Consumer Non-Cyclicals Services,52.0,Consumer Non-Cyclicals Group,52.0,Consumer Non-Cyclicals Industry,52.0,Consumer Non-Cyclicals Activity,52.0,2023.0
SYN0161.X,SY0000000161,Synthetic Firm 0161,Sweden,Sweden,Industrials,56.0,Industrials Services,56.0,Industrials Group,56.0,Industrials Industry,56.0,Industrials Activity,56.0,1918.0
SYN0162.X,SY0000000162,Synthetic Firm 0162,Ireland,Ireland,Financials,50.0,Financials Services,50.0,Financials Group,50.0,Financials Industry,50.0,Financials Activity,50.0,1953.0
SYN0163.X,SY0000000163,Synthetic Firm 0163,Norway,Norway,Financials,50.0,Financials Services,50.0,Financials Group,50.0,Financials Industry,50.0,Financials Activity,50.0,1918.0
SYN0164.X,SY0000000164,Synthetic Firm 0164,Germany,Germany,Financials,50.0,Financials Services,50.0,Financials Group,50.0,Financials Industry,50.0,Financials Activity,50.0,1957.0
SYN0165.X,SY0000000165,Synthetic Firm 0165,Denmark,Denmark,Financials,50.0,Financials Services,50.0,Financials Group,50.0,Financials Industry,50.0,Financials Activity,50.0,1987.0
SYN0166.X,SY0000000166,Synthetic Firm 0166,United Kingdom,United Kingdom,Industrials,56.0,Industrials Services,56.0,Industrials Group,56.0,Industrials Industry,56.0,Industrials Activity,56.0,1941.0
SYN0167.X,SY0000000167,Synthetic Firm 0167,United Kingdom,United Kingdom,Financials,50.0,Financials Services,50.0,Financials Group,50.0,Financials Industry,50.0,Financials Activity,50.0,1970.0
SYN0168.X,SY0000000168,Synthetic Firm 0168,Turkey,Turkey,Basic Materials,59.0,Basic Materials Services,59.0,Basic Materials Group,59.0,Basic Materials Industry,59.0,Basic Materials Activity,59.0,2010.0
SYN0169.X,SY0000000169,Synthetic Firm 0169,Belgium,Belgium,Healthcare,58.0,Healthcare Services,58.0,Healthcare Group,58.0,Healthcare Industry,58.0,Healthcare Activity,58.0,2013.0
SYN0170.X,SY0000000170,Synthetic Firm 0170,Germany,Germany,Industrials,56.0,Industrials Services,56.0,Industrials Group,56.0,Industrials Industry,56.0,Industrials Activity,56.0,1934.0
SYN0171.X,SY0000000171,Synthetic Firm 0171,Germany,Germany,Consumer Cyclicals,51.0,Consumer Cyclicals Services,51.0,Consumer Cyclicals Group,51.0,Consumer Cyclicals Industry,51.0,Consumer Cyclicals Activity,51.0,1945.0
SYN0172.X,SY0000000172,Synthetic Firm 0172,Germany,Germany,Industrials,56.0,Industrials Services,56.0,Industrials Group,56.0,Industrials Industry,56.0,Industrials Activity,56.0,2008.0
SYN0173.X,SY0000000173,Synthetic Firm 0173,United Kingdom,United Kingdom,Consumer Cyclicals,51.0,Consumer Cyclicals Services,51.0,Consumer Cyclicals Group,51.0,Consumer Cyclicals Industry,51.0,Consumer Cyclicals Activity,51.0,2015.0
SYN0174.X,SY0000000174,Synthetic Firm 0174,Switzerland,Switzerland,Financials,50.0,Financials Services,50.0,Financials Group,50.0,Financials Industry,50.0,Financials Activity,50.0,2000.0
SYN0175.X,SY0000000175,Synthetic Firm 0175,Hungary,Hungary,Industrials,56.0,Industrials Services,56.0,Industrials Group,56.0,Industrials Industry,56.0,Industrials Activity,56.0,2022.0
SYN0176.X,SY0000000176,Synthetic Firm 0176,United Kingdom,United Kingdom,Utilities,57.0,Utilities Services,57.0,Utilities Group,57.0,Utilities Industry,57.0,Utilities Activity,57.0,1960.0
SYN0177.X,SY0000000177,Synthetic Firm 0177,Iceland,Iceland,Academic & Educational Services,60.0,Academic & Educational Services Services,60.0,Academic & Educational Services Group,60.0,Academic & Educational Services Industry,60.0,Academic & Educational Services Activity,60.0,1981.0
SYN0178.X,SY0000000178,Synthetic Firm 0178,Croatia,Croatia,Basic Materials,59.0,Basic Materials Services,59.0,Basic Materials Group,59.0,Basic Materials Industry,59.0,Basic Materials Activity,59.0,1967.0
SYN0179.X,SY0000000179,Synthetic Firm 0179,Sweden,Sweden,Technology,53.0,Technology Services,53.0,Technology Group,53.0,Technology Industry,53.0,Technology Activity,53.0,1977.0
SYN0180.X,SY0000000180,Synthetic Firm 0180,Luxembourg,Luxembourg,Real Estate,55.0,Real Estate Services,55.0,Real Estate Group,55.0,Real Estate Industry,55.0,Real Estate Activity,55.0,2004.0
SYN0181.X,SY0000000181,Synthetic Firm 0181,United Kingdom,United Kingdom,Financials,50.0,Financials Services,50.0,Financials Group,50.0,Financials Industry,50.0,Financials Activity,50.0,1999.0
SYN0182.X,SY0000000182,Synthetic Firm 0182,United Kingdom,United Kingdom,Financials,50.0,Financials Services,50.0,Financials Group,50.0,Financials Industry,50.0,Financials Activity,50.0,1993.0
SYN0183.X,SY0000000183,Synthetic Firm 0183,Luxembourg,Luxembourg,Consumer Cyclicals,51.0,Consumer Cyclicals Services,51.0,Consumer Cyclicals Group,51.0,Consumer Cyclicals Industry,51.0,Consumer Cyclicals Activity,51.0,1965.0
SYN0184.X,SY0000000184,Synthetic Firm 0184,France,France,Utilities,57.0,Utilities Services,57.0,Utilities Group,57.0,Utilities Industry,57.0,Utilities Activity,57.0,1993.0
SYN0185.X,SY0000000185,Synthetic Firm 0185,Romania,Romania,Consumer Non-Cyclicals,52.0,Consumer Non-Cyclicals Services,52.0,Consumer Non-Cyclicals Group,52.0,Consumer Non-Cyclicals Industry,52.0,Consumer Non-Cyclicals Activity,52.0,2008.0
SYN0186.X,SY0000000186,Synthetic Firm 0186,Germany,Germany,Healthcare,58.0,Healthcare Services,58.0,Healthcare Group,58.0,Healthcare Industry,58.0,Healthcare Activity,58.0,1995.0
SYN0187.X,SY0000000187,Synthetic Firm 0187,Austria,Austria,Consumer Cyclicals,51.0,Consumer Cyclicals Services,51.0,Consumer Cyclicals Group,51.0,Consumer Cyclicals Industry,51.0,Consumer Cyclicals Activity,51.0,1939.0
SYN0188.X,SY0000000188,Synthetic Firm 0188,Norway,Norway,Energy,54.0,Energy Services,54.0,Energy Group,54.0,Energy Industry,54.0,Energy Activity,54.0,1981.0
SYN0189.X,SY0000000189,Synthetic Firm 0189,Germany,Germany,Financials,50.0,Financials Services,50.0,Financials Group,50.0,Financials Industry,50.0,Financials Activity,50.0,0.0
SYN0190.X,SY0000000190,Synthetic Firm 0190,Spain,Spain,Consumer Cyclicals,51.0,Consumer Cyclicals Services,51.0,Consumer Cyclicals Group,51.0,Consumer Cyclicals Industry,51.0,Consumer Cyclicals Activity,51.0,1923.0
SYN0191.X,SY0000000191,Synthetic Firm 0191,Sweden,Sweden,Industrials,56.0,Industrials Services,56.0,Industrials Group,56.0,Industrials Industry,56.0,Industrials Activity,56.0,1996.0
SYN0192.X,SY0000000192,Synthetic Firm 0192,Netherlands,Netherlands,Financials,50.0,Financials Services,50.0,Financials Group,50.0,Financials Industry,50.0,Financials Activity,50.0,1941.0
SYN0193.X,SY0000000193,Synthetic Firm 0193,United Kingdom,United Kingdom,Basic Materials,59.0,Basic Materials Services,59.0,Basic Materials Group,59.0,Basic Materials Industry,59.0,Basic Materials Activity,59.0,0.0
SYN0194.X,SY0000000194,Synthetic Firm 0194,United Kingdom,United Kingdom,Basic Materials,59.0,Basic Materials Services,59.0,Basic Materials Group,59.0,Basic Materials Industry,59.0,Basic Materials Activity,59.0,1974.0
SYN0195.X,SY0000000195,Synthetic Firm 0195,Turkey,Turkey,Healthcare,58.0,Healthcare Services,58.0,Healthcare Group,58.0,Healthcare Industry,58.0,Healthcare Activity,58.0,2020.0
SYN0196.X,SY0000000196,Synthetic Firm 0196,United Kingdom,United Kingdom,Financials,50.0,Financials Services,50.0,Financials Group,50.0,Financials Industry,50.0,Financials Activity,50.0,1965.0
SYN0197.X,SY0000000197,Synthetic Firm 0197,Germany,Germany,Utilities,57.0,Utilities Services,57.0,Utilities Group,57.0,Utilities Industry,57.0,Utilities Activity,57.0,2022.0
SYN0198.X,SY0000000198,Synthetic Firm 0198,Switzerland,Switzerland,Industrials,56.0,Industrials Services,56.0,Industrials Group,56.0,Industrials Industry,56.0,Industrials Activity,56.0,1935.0
SYN0199.X,SY0000000199,Synthetic Firm 0199,Turkey,Turkey,Utilities,57.0,Utilities Services,57.0,Utilities Group,57.0,Utilities Industry,57.0,Utilities Activity,57.0,1922.0
SYN0200.X,SY0000000200,Synthetic Firm 0200,United Kingdom,United Kingdom,Real Estate,55.0,Real Estate Services,55.0,Real Estate Group,55.0,Real Estate Industry,55.0,Real Estate Activity,55.0,1985.0
SYN0201.X,SY0000000201,Synthetic Firm 0201,Austria,Austria,Financials,50.0,Financials Services,50.0,Financials Group,50.0,Financials Industry,50.0,Financials Activity,50.0,2013.0
SYN0202.X,SY0000000202,Synthetic Firm 0202,Sweden,Sweden,Utilities,57.0,Utilities Services,57.0,Utilities Group,57.0,Utilities Industry,57.0,Utilities Activity,57.0,1949.0
SYN0203.X,SY0000000203,Synthetic Firm 0203,Germany,Germany,Consumer Cyclicals,51.0,Consumer Cyclicals Services,51.0,Consumer Cyclicals Group,51.0,Consumer Cyclicals Industry,51.0,Consumer Cyclicals Activity,51.0,1990.0
SYN0204.X,SY0000000204,Synthetic Firm 0204,Switzerland,Switzerland,Financials,50.0,Financials Services,50.0,Financials Group,50.0,Financials Industry,50.0,Financials Activity,50.0,1991.0
SYN0205.X,SY0000000205,Synthetic Firm 0205,Switzerland,Switzerland,Technology,53.0,Technology Services,53.0,Technology Group,53.0,Technology Industry,53.0,Technology Activity,53.0,0.0
SYN0206.X,SY0000000206,Synthetic Firm 0206,United Kingdom,United Kingdom,Technology,53.0,Technology Services,53.0,Technology Group,53.0,Technology Industry,53.0,Technology Activity,53.0,1978.0
SYN0207.X,SY0000000207,Synthetic Firm 0207,Czechia,Czechia,Basic Materials,59.0,Basic Materials Services,59.0,Basic Materials Group,59.0,Basic Materials Industry,59.0,Basic Materials Activity,59.0,1972.0
SYN0208.X,SY0000000208,Synthetic Firm 0208,France,France,Industrials,56.0,Industrials Services,56.0,Industrials Group,56.0,Industrials Industry,56.0,Industrials Activity,56.0,1967.0
SYN0209.X,SY0000000209,Synthetic Firm 0209,United Kingdom,United Kingdom,Energy,54.0,Energy Services,54.0,Energy Group,54.0,Energy Industry,54.0,Energy Activity,54.0,2018.0
SYN0210.X,SY0000000210,Synthetic Firm 0210,Germany,Germany,Consumer Non-Cyclicals,52.0,Consumer Non-Cyclicals Services,52.0,Consumer Non-Cyclicals Group,52.0,Consumer Non-Cyclicals Industry,52.0,Consumer Non-Cyclicals Activity,52.0,1985.0
SYN0211.X,SY0000000211,Synthetic Firm 0211,United Kingdom,United Kingdom,Industrials,56.0,Industrials Services,56.0,Industrials Group,56.0,Industrials Industry,56.0,Industrials Activity,56.0,1969.0
SYN0212.X,SY0000000212,Synthetic Firm 0212,United Kingdom,United Kingdom,Industrials,56.0,Industrials Services,56.0,Industrials Group,56.0,Industrials Industry,56.0,Industrials Activity,56.0,2008.0
SYN0213.X,SY0000000213,Synthetic Firm 0213,United Kingdom,United Kingdom,Financials,50.0,Financials Services,50.0,Financials Group,50.0,Financials Industry,50.0,Financials Activity,50.0,1949.0
SYN0214.X,SY0000000214,Synthetic Firm 0214,United Kingdom,United Kingdom,Consumer Cyclicals,51.0,Consumer Cyclicals Services,51.0,Consumer Cyclicals Group,51.0,Consumer Cyclicals Industry,51.0,Consumer Cyclicals Activity,51.0,1936.0
SYN0215.X,SY0000000215,Synthetic Firm 0215,Australia,Australia,Consumer Cyclicals,51.0,Consumer Cyclicals Services,51.0,Consumer Cyclicals Group,51.0,Consumer Cyclicals Industry,51.0,Consumer Cyclicals Activity,51.0,1941.0
SYN0216.X,SY0000000216,Synthetic Firm 0216,Sweden,Sweden,Industrials,56.0,Industrials Services,56.0,Industrials Group,56.0,Industrials Industry,56.0,Industrials Activity,56.0,1980.0
SYN0217.X,SY0000000217,Synthetic Firm 0217,United Kingdom,United Kingdom,Financials,50.0,Financials Services,50.0,Financials Group,50.0,Financials Industry,50.0,Financials Activity,50.0,1999.0
SYN0218.X,SY0000000218,Synthetic Firm 0218,Russia,Russia,Consumer Cyclicals,51.0,Consumer Cyclicals Services,51.0,Consumer Cyclicals Group,51.0,Consumer Cyclicals Industry,51.0,Consumer Cyclicals Activity,51.0,1958.0
SYN0219.X,SY0000000219,Synthetic Firm 0219,Norway,Norway,Financials,50.0,Financials Services,50.0,Financials Group,50.0,Financials Industry,50.0,Financials Activity,50.0,1995.0
SYN0220.X,SY0000000220,Synthetic Firm 0220,United Kingdom,United Kingdom,Technology,53.0,Technology Services,53.0,Technology Group,53.0,Technology Industry,53.0,Technology Activity,53.0,1966.0
SYN0221.X,SY0000000221,Synthetic Firm 0221,Sweden,Sweden,Technology,53.0,Technology Services,53.0,Technology Group,53.0,Technology Industry,53.0,Technology Activity,53.0,1903.0
SYN0222.X,SY0000000222,Synthetic Firm 0222,Switzerland,Switzerland,Real Estate,55.0,Real Estate Services,55.0,Real Estate Group,55.0,Real Estate Industry,55.0,Real Estate Activity,55.0,1993.0
SYN0223.X,SY0000000223,Synthetic Firm 0223,France,France,Technology,53.0,Technology Services,53.0,Technology Group,53.0,Technology Industry,53.0,Technology Activity,53.0,1976.0
SYN0224.X,SY0000000224,Synthetic Firm 0224,Poland,Poland,Industrials,56.0,Industrials Services,56.0,Industrials Group,56.0,Industrials Industry,56.0,Industrials Activity,56.0,0.0
SYN0225.X,SY0000000225,Synthetic Firm 0225,Switzerland,Switzerland,Financials,50.0,Financials Services,50.0,Financials Group,50.0,Financials Industry,50.0,Financials Activity,50.0,1992.0
SYN0226.X,SY0000000226,Synthetic Firm 0226,Sweden,Sweden,Real Estate,55.0,Real Estate Services,55.0,Real Estate Group,55.0,Real Estate Industry,55.0,Real Estate Activity,55.0,1968.0
SYN0227.X,SY0000000227,Synthetic Firm 0227,Poland,Poland,Consumer Cyclicals,51.0,Consumer Cyclicals Services,51.0,Consumer Cyclicals Group,51.0,Consumer Cyclicals Industry,51.0,Consumer Cyclicals Activity,51.0,1966.0
SYN0228.X,SY0000000228,Synthetic Firm 0228,Sweden,Sweden,Technology,53.0,Technology Services,53.0,Technology Group,53.0,Technology Industry,53.0,Technology Activity,53.0,2018.0
SYN0229.X,SY0000000229,Synthetic Firm 0229,Netherlands,Netherlands,Basic Materials,59.0,Basic Materials Services,59.0,Basic Materials Group,59.0,Basic Materials Industry,59.0,Basic Materials Activity,59.0,1973.0
SYN0230.X,SY0000000230,Synthetic Firm 0230,United Kingdom,United Kingdom,Financials,50.0,Financials Services,50.0,Financials Group,50.0,Financials Industry,50.0,Financials Activity,50.0,2010.0
SYN0231.X,SY0000000231,Synthetic Firm 0231,Switzerland,Switzerland,Financials,50.0,Financials Services,50.0,Financials Group,50.0,Financials Industry,50.0,Financials Activity,50.0,1977.0
SYN0232.X,SY0000000232,Synthetic Firm 0232,Cyprus,Cyprus,Financials,50.0,Financials Services,50.0,Financials Group,50.0,Financials Industry,50.0,Financials Activity,50.0,2020.0
SYN0233.X,SY0000000233,Synthetic Firm 0233,France,France,Financials,50.0,Financials Services,50.0,Financials Group,50.0,Financials Industry,50.0,Financials Activity,50.0,1918.0
SYN0234.X,SY0000000234,Synthetic Firm 0234,Greece,Greece,Financials,50.0,Financials Services,50.0,Financials Group,50.0,Financials Industry,50.0,Financials Activity,50.0,1978.0
SYN0235.X,SY0000000235,Synthetic Firm 0235,Luxembourg,Luxembourg,Technology,53.0,Technology Services,53.0,Technology Group,53.0,Technology Industry,53.0,Technology Activity,53.0,1977.0
SYN0236.X,SY0000000236,Synthetic Firm 0236,Finland,Finland,Financials,50.0,Financials Services,50.0,Financials Group,50.0,Financials Industry,50.0,Financials Activity,50.0,1954.0
SYN0237.X,SY0000000237,Synthetic Firm 0237,Spain,Spain,Real Estate,55.0,Real Estate Services,55.0,Real Estate Group,55.0,Real Estate Industry,55.0,Real Estate Activity,55.0,1969.0
SYN0238.X,SY0000000238,Synthetic Firm 0238,United Kingdom,United Kingdom,Financials,50.0,Financials Services,50.0,Financials Group,50.0,Financials Industry,50.0,Financials Activity,50.0,2004.0
SYN0239.X,SY0000000239,Synthetic Firm 0239,France,France,Technology,53.0,Technology Services,53.0,Technology Group,53.0,Technology Industry,53.0,Technology Activity,53.0,1951.0
SYN0240.X,SY0000000240,Synthetic Firm 0240,United Kingdom,United Kingdom,Energy,54.0,Energy Services,54.0,Energy Group,54.0,Energy Industry,54.0,Energy Activity,54.0,1997.0
SYN0241.X,SY0000000241,Synthetic Firm 0241,Poland,Poland,Industrials,56.0,Industrials Services,56.0,Industrials Group,56.0,Industrials Industry,56.0,Industrials Activity,56.0,1965.0
SYN0242.X,SY0000000242,Synthetic Firm 0242,United Kingdom,United Kingdom,Financials,50.0,Financials Services,50.0,Financials Group,50.0,Financials Industry,50.0,Financials Activity,50.0,1939.0
SYN0243.X,SY0000000243,Synthetic Firm 0243,Austria,Austria,Real Estate,55.0,Real Estate Services,55.0,Real Estate Group,55.0,Real Estate Industry,55.0,Real Estate Activity,55.0,1990.0
SYN0244.X,SY0000000244,Synthetic Firm 0244,Finland,Finland,Industrials,56.0,Industrials Services,56.0,Industrials Group,56.0,Industrials Industry,56.0,Industrials Activity,56.0,1996.0
SYN0245.X,SY0000000245,Synthetic Firm 0245,United Kingdom,United Kingdom,Financials,50.0,Financials Services,50.0,Financials Group,50.0,Financials Industry,50.0,Financials Activity,50.0,1977.0
SYN0246.X,SY0000000246,Synthetic Firm 0246,Cyprus,Cyprus,Industrials,56.0,Industrials Services,56.0,Industrials Group,56.0,Industrials Industry,56.0,Industrials Activity,56.0,1942.0
SYN0247.X,SY0000000247,Synthetic Firm 0247,Sweden,Sweden,Basic Materials,59.0,Basic Materials Services,59.0,Basic Materials Group,59.0,Basic Materials Industry,59.0,Basic Materials Activity,59.0,1951.0
SYN0248.X,SY0000000248,Synthetic Firm 0248,Spain,Spain,Real Estate,55.0,Real Estate Services,55.0,Real Estate Group,55.0,Real Estate Industry,55.0,Real Estate Activity,55.0,2007.0
SYN0249.X,SY0000000249,Synthetic Firm 0249,Switzerland,Switzerland,Financials,50.0,Financials Services,50.0,Financials Group,50.0,Financials Industry,50.0,Financials Activity,50.0,1959.0
SYN0250.X,SY0000000250,Synthetic Firm 0250,United Kingdom,United Kingdom,Consumer Cyclicals,51.0,Consumer Cyclicals Services,51.0,Consumer Cyclicals Group,51.0,Consumer Cyclicals Industry,51.0,Consumer Cyclicals Activity,51.0,1971.0
SYN0251.X,SY0000000251,Synthetic Firm 0251,Sweden,Sweden,Industrials,56.0,Industrials Services,56.0,Industrials Group,56.0,Industrials Industry,56.0,Industrials Activity,56.0,1957.0
SYN0252.X,SY0000000252,Synthetic Firm 0252,Germany,Germany,Financials,50.0,Financials Services,50.0,Financials Group,50.0,Financials Industry,50.0,Financials Activity,50.0,2004.0
SYN0253.X,SY0000000253,Synthetic Firm 0253,United Kingdom,United Kingdom,Financials,50.0,Financials Services,50.0,Financials Group,50.0,Financials Industry,50.0,Financials Activity,50.0,2017.0
SYN0254.X,SY0000000254,Synthetic Firm 0254,United Kingdom,United Kingdom,Basic Materials,59.0,Basic Materials Services,59.0,Basic Materials Group,59.0,Basic Materials Industry,59.0,Basic Materials Activity,59.0,1980.0
SYN0255.X,SY0000000255,Synthetic Firm 0255,United Kingdom,United Kingdom,Technology,53.0,Technology Services,53.0,Technology Group,53.0,Technology Industry,53.0,Technology Activity,53.0,1953.0
SYN0256.X,SY0000000256,Synthetic Firm 0256,Sweden,Sweden,Real Estate,55.0,Real Estate Services,55.0,Real Estate Group,55.0,Real Estate Industry,55.0,Real Estate Activity,55.0,1979.0
SYN0257.X,SY0000000257,Synthetic Firm 0257,France,France,Consumer Non-Cyclicals,52.0,Consumer Non-Cyclicals Services,52.0,Consumer Non-Cyclicals Group,52.0,Consumer Non-Cyclicals Industry,52.0,Consumer Non-Cyclicals Activity,52.0,1993.0
SYN0258.X,SY0000000258,Synthetic Firm 0258,Belgium,Belgium,Financials,50.0,Financials Services,50.0,Financials Group,50.0,Financials Industry,50.0,Financials Activity,50.0,1955.0
SYN0259.X,SY0000000259,Synthetic Firm 0259,United Kingdom,United Kingdom,Industrials,56.0,Industrials Services,56.0,Industrials Group,56.0,Industrials Industry,56.0,Industrials Activity,56.0,2015.0
SYN0260.X,SY0000000260,Synthetic Firm 0260,United Kingdom,United Kingdom,Consumer Cyclicals,51.0,Consumer Cyclicals Services,51.0,Consumer Cyclicals Group,51.0,Consumer Cyclicals Industry,51.0,Consumer Cyclicals Activity,51.0,1953.0
SYN0261.X,SY0000000261,Synthetic Firm 0261,France,France,Consumer Cyclicals,51.0,Consumer Cyclicals Services,51.0,Consumer Cyclicals Group,51.0,Consumer Cyclicals Industry,51.0,Consumer Cyclicals Activity,51.0,1995.0
SYN0262.X,SY0000000262,Synthetic Firm 0262,Switzerland,Switzerland,Consumer Non-Cyclicals,52.0,Consumer Non-Cyclicals Services,52.0,Consumer Non-Cyclicals Group,52.0,Consumer Non-Cyclicals Industry,52.0,Consumer Non-Cyclicals Activity,52.0,0.0
SYN0263.X,SY0000000263,Synthetic Firm 0263,Switzerland,Switzerland,Financials,50.0,Financials Services,50.0,Financials Group,50.0,Financials Industry,50.0,Financials Activity,50.0,1960.0
SYN0264.X,SY0000000264,Synthetic Firm 0264,Poland,Poland,Financials,50.0,Financials Services,50.0,Financials Group,50.0,Financials Industry,50.0,Financials Activity,50.0,1955.0
SYN0265.X,SY0000000265,Synthetic Firm 0265,Luxembourg,Luxembourg,Basic Materials,59.0,Basic Materials Services,59.0,Basic Materials Group,59.0,Basic Materials Industry,59.0,Basic Materials Activity,59.0,1985.0
SYN0266.X,SY0000000266,Synthetic Firm 0266,Sweden,Sweden,Financials,50.0,Financials Services,50.0,Financials Group,50.0,Financials Industry,50.0,Financials Activity,50.0,1987.0
SYN0267.X,SY0000000267,Synthetic Firm 0267,United Kingdom,United Kingdom,Real Estate,55.0,Real Estate Services,55.0,Real Estate Group,55.0,Real Estate Industry,55.0,Real Estate Activity,55.0,1923.0
SYN0268.X,SY0000000268,Synthetic Firm 0268,Turkey,Turkey,Financials,50.0,Financials Services,50.0,Financials Group,50.0,Financials Industry,50.0,Financials Activity,50.0,2005.0
SYN0269.X,SY0000000269,Synthetic Firm 0269,Russia,Russia,Consumer Non-Cyclicals,52.0,Consumer Non-Cyclicals Services,52.0,Consumer Non-Cyclicals Group,52.0,Consumer Non-Cyclicals Industry,52.0,Consumer Non-Cyclicals Activity,52.0,1944.0
SYN0270.X,SY0000000270,Synthetic Firm 0270,Sweden,Sweden,Consumer Non-Cyclicals,52.0,Consumer Non-Cyclicals Services,52.0,Consumer Non-Cyclicals Group,52.0,Consumer Non-Cyclicals Industry,52.0,Consumer Non-Cyclicals Activity,52.0,1971.0
SYN0271.X,SY0000000271,Synthetic Firm 0271,Germany,Germany,Consumer Non-Cyclicals,52.0,Consumer Non-Cyclicals Services,52.0,Consumer Non-Cyclicals Group,52.0,Consumer Non-Cyclicals Industry,52.0,Consumer Non-Cyclicals Activity,52.0,1988.0
SYN0272.X,SY0000000272,Synthetic Firm 0272,United Kingdom,United Kingdom,Financials,50.0,Financials Services,50.0,Financials Group,50.0,Financials Industry,50.0,Financials Activity,50.0,1942.0
SYN0273.X,SY0000000273,Synthetic Firm 0273,United Kingdom,United Kingdom,Real Estate,55.0,Real Estate Services,55.0,Real Estate Group,55.0,Real Estate Industry,55.0,Real Estate Activity,55.0,1975.0
SYN0274.X,SY0000000274,Synthetic Firm 0274,Iceland,Iceland,Basic Materials,59.0,Basic Materials Services,59.0,Basic Materials Group,59.0,Basic Materials Industry,59.0,Basic Materials Activity,59.0,1933.0
SYN0275.X,SY0000000275,Synthetic Firm 0275,United Kingdom,United Kingdom,Energy,54.0,Energy Services,54.0,Energy Group,54.0,Energy Industry,54.0,Energy Activity,54.0,2001.0
SYN0276.X,SY0000000276,Synthetic Firm 0276,Poland,Poland,Consumer Cyclicals,51.0,Consumer Cyclicals Services,51.0,Consumer Cyclicals Group,51.0,Consumer Cyclicals Industry,51.0,Consumer Cyclicals Activity,51.0,2010.0
SYN0277.X,SY0000000277,Synthetic Firm 0277,United Kingdom,United Kingdom,Financials,50.0,Financials Services,50.0,Financials Group,50.0,Financials Industry,50.0,Financials Activity,50.0,1951.0
SYN0278.X,SY0000000278,Synthetic Firm 0278,United Kingdom,United Kingdom,Financials,50.0,Financials Services,50.0,Financials Group,50.0,Financials Industry,50.0,Financials Activity,50.0,1993.0
SYN0279.X,SY0000000279,Synthetic Firm 0279,France,France,Financials,50.0,Financials Services,50.0,Financials Group,50.0,Financials Industry,50.0,Financials Activity,50.0,1990.0
SYN0280.X,SY0000000280,Synthetic Firm 0280,Estonia,Estonia,Consumer Cyclicals,51.0,Consumer Cyclicals Services,51.0,Consumer Cyclicals Group,51.0,Consumer Cyclicals Industry,51.0,Consumer Cyclicals Activity,51.0,2004.0
SYN0281.X,SY0000000281,Synthetic Firm 0281,United Kingdom,United Kingdom,Financials,50.0,Financials Services,50.0,Financials Group,50.0,Financials Industry,50.0,Financials Activity,50.0,1920.0
SYN0282.X,SY0000000282,Synthetic Firm 0282,Sweden,Sweden,Real Estate,55.0,Real Estate Services,55.0,Real Estate Group,55.0,Real Estate Industry,55.0,Real Estate Activity,55.0,2022.0
SYN0283.X,SY0000000283,Synthetic Firm 0283,Sweden,Sweden,Consumer Cyclicals,51.0,Consumer Cyclicals Services,51.0,Consumer Cyclicals Group,51.0,Consumer Cyclicals Industry,51.0,Consumer Cyclicals Activity,51.0,1958.0
SYN0284.X,SY0000000284,Synthetic Firm 0284,United Kingdom,United Kingdom,Financials,50.0,Financials Services,50.0,Financials Group,50.0,Financials Industry,50.0,Financials Activity,50.0,1981.0
SYN0285.X,SY0000000285,Synthetic Firm 0285,United Kingdom,United Kingdom,Technology,53.0,Technology Services,53.0,Technology Group,53.0,Technology Industry,53.0,Technology Activity,53.0,1987.0
SYN0286.X,SY0000000286,Synthetic Firm 0286,Denmark,Denmark,Technology,53.0,Technology Services,53.0,Technology Group,53.0,Technology Industry,53.0,Technology Activity,53.0,1974.0
SYN0287.X,SY0000000287,Synthetic Firm 0287,France,France,Industrials,56.0,Industrials Services,56.0,Industrials Group,56.0,Industrials Industry,56.0,Industrials Activity,56.0,1877.0
SYN0288.X,SY0000000288,Synthetic Firm 0288,Sweden,Sweden,Consumer Cyclicals,51.0,Consumer Cyclicals Services,51.0,Consumer Cyclicals Group,51.0,Consumer Cyclicals Industry,51.0,Consumer Cyclicals Activity,51.0,1956.0
SYN0289.X,SY0000000289,Synthetic Firm 0289,United Kingdom,United Kingdom,Basic Materials,59.0,Basic Materials Services,59.0,Basic Materials Group,59.0,Basic Materials Industry,59.0,Basic Materials Activity,59.0,2017.0
SYN0290.X,SY0000000290,Synthetic Firm 0290,Austria,Austria,Technology,53.0,Technology Services,53.0,Technology Group,53.0,Technology Industry,53.0,Technology Activity,53.0,1970.0
SYN0291.X,SY0000000291,Synthetic Firm 0291,United Kingdom,United Kingdom,Financials,50.0,Financials Services,50.0,Financials Group,50.0,Financials Industry,50.0,Financials Activity,50.0,2007.0
SYN0292.X,SY0000000292,Synthetic Firm 0292,Romania,Romania,Industrials,56.0,Industrials Services,56.0,Industrials Group,56.0,Industrials Industry,56.0,Industrials Activity,56.0,1989.0
SYN0293.X,SY0000000293,Synthetic Firm 0293,Israel,Israel,Utilities,57.0,Utilities Services,57.0,Utilities Group,57.0,Utilities Industry,57.0,Utilities Activity,57.0,1999.0
SYN0294.X,SY0000000294,Synthetic Firm 0294,Turkey,Turkey,Academic & Educational Services,60.0,Academic & Educational Services Services,60.0,Academic & Educational Services Group,60.0,Academic & Educational Services Industry,60.0,Academic & Educational Services Activity,60.0,1990.0
SYN0295.X,SY0000000295,Synthetic Firm 0295,Luxembourg,Luxembourg,Healthcare,58.0,Healthcare Services,58.0,Healthcare Group,58.0,Healthcare Industry,58.0,Healthcare Activity,58.0,2009.0
SYN0296.X,SY0000000296,Synthetic Firm 0296,France,France,Healthcare,58.0,Healthcare Services,58.0,Healthcare Group,58.0,Healthcare Industry,58.0,Healthcare Activity,58.0,1936.0
SYN0297.X,SY0000000297,Synthetic Firm 0297,Sweden,Sweden,Energy,54.0,Energy Services,54.0,Energy Group,54.0,Energy Industry,54.0,Energy Activity,54.0,1998.0
SYN0298.X,SY0000000298,Synthetic Firm 0298,United Kingdom,United Kingdom,Technology,53.0,Technology Services,53.0,Technology Group,53.0,Technology Industry,53.0,Technology Activity,53.0,1960.0
SYN0299.X,SY0000000299,Synthetic Firm 0299,Turkey,Turkey,Financials,50.0,Financials Services,50.0,Financials Group,50.0,Financials Industry,50.0,Financials Activity,50.0,1985.0
SYN0300.X,SY0000000300,Synthetic Firm 0300,Germany,Germany,Consumer Non-Cyclicals,52.0,Consumer Non-Cyclicals Services,52.0,Consumer Non-Cyclicals Group,52.0,Consumer Non-Cyclicals Industry,52.0,Consumer Non-Cyclicals Activity,52.0,1989.0
SYN0301.X,SY0000000301,Synthetic Firm 0301,Germany,Germany,Basic Materials,59.0,Basic Materials Services,59.0,Basic Materials Group,59.0,Basic Materials Industry,59.0,Basic Materials Activity,59.0,1954.0
SYN0302.X,SY0000000302,Synthetic Firm 0302,Russia,Russia,Basic Materials,59.0,Basic Materials Services,59.0,Basic Materials Group,59.0,Basic Materials Industry,59.0,Basic Materials Activity,59.0,1988.0
SYN0303.X,SY0000000303,Synthetic Firm 0303,United Kingdom,United Kingdom,Industrials,56.0,Industrials Services,56.0,Industrials Group,56.0,Industrials Industry,56.0,Industrials Activity,56.0,2014.0
SYN0304.X,SY0000000304,Synthetic Firm 0304,Switzerland,Switzerland,Industrials,56.0,Industrials Services,56.0,Industrials Group,56.0,Industrials Industry,56.0,Industrials Activity,56.0,2009.0
SYN0305.X,SY0000000305,Synthetic Firm 0305,Luxembourg,Luxembourg,Healthcare,58.0,Healthcare Services,58.0,Healthcare Group,58.0,Healthcare Industry,58.0,Healthcare Activity,58.0,2014.0
SYN0306.X,SY0000000306,Synthetic Firm 0306,Switzerland,Switzerland,Consumer Non-Cyclicals,52.0,Consumer Non-Cyclicals Services,52.0,Consumer Non-Cyclicals Group,52.0,Consumer Non-Cyclicals Industry,52.0,Consumer Non-Cyclicals Activity,52.0,1976.0
SYN0307.X,SY0000000307,Synthetic Firm 0307,Germany,Germany,Consumer Non-Cyclicals,52.0,Consumer Non-Cyclicals Services,52.0,Consumer Non-Cyclicals Group,52.0,Consumer Non-Cyclicals Industry,52.0,Consumer Non-Cyclicals Activity,52.0,2003.0
SYN0308.X,SY0000000308,Synthetic Firm 0308,Russia,Russia,Healthcare,58.0,Healthcare Services,58.0,Healthcare Group,58.0,Healthcare Industry,58.0,Healthcare Activity,58.0,1985.0
SYN0309.X,SY0000000309,Synthetic Firm 0309,Luxembourg,Luxembourg,Financials,50.0,Financials Services,50.0,Financials Group,50.0,Financials Industry,50.0,Financials Activity,50.0,1989.0
SYN0310.X,SY0000000310,Synthetic Firm 0310,Greece,Greece,Financials,50.0,Financials Services,50.0,Financials Group,50.0,Financials Industry,50.0,Financials Activity,50.0,1985.0
SYN0311.X,SY0000000311,Synthetic Firm 0311,Belgium,Belgium,Basic Materials,59.0,Basic Materials Services,59.0,Basic Materials Group,59.0,Basic Materials Industry,59.0,Basic Materials Activity,59.0,2014.0
SYN0312.X,SY0000000312,Synthetic Firm 0312,Sweden,Sweden,Healthcare,58.0,Healthcare Services,58.0,Healthcare Group,58.0,Healthcare Industry,58.0,Healthcare Activity,58.0,2010.0
SYN0313.X,SY0000000313,Synthetic Firm 0313,Switzerland,Switzerland,Financials,50.0,Financials Services,50.0,Financials Group,50.0,Financials Industry,50.0,Financials Activity,50.0,1964.0
SYN0314.X,SY0000000314,Synthetic Firm 0314,United Kingdom,United Kingdom,Technology,53.0,Technology Services,53.0,Technology Group,53.0,Technology Industry,53.0,Technology Activity,53.0,1978.0
SYN0315.X,SY0000000315,Synthetic Firm 0315,United Kingdom,United Kingdom,Healthcare,58.0,Healthcare Services,58.0,Healthcare Group,58.0,Healthcare Industry,58.0,Healthcare Activity,58.0,0.0
SYN0316.X,SY0000000316,Synthetic Firm 0316,United Kingdom,United Kingdom,Real Estate,55.0,Real Estate Services,55.0,Real Estate Group,55.0,Real Estate Industry,55.0,Real Estate Activity,55.0,0.0
SYN0317.X,SY0000000317,Synthetic Firm 0317,Sweden,Sweden,Industrials,56.0,Industrials Services,56.0,Industrials Group,56.0,Industrials Industry,56.0,Industrials Activity,56.0,1929.0
SYN0318.X,SY0000000318,Synthetic Firm 0318,United Kingdom,United Kingdom,Technology,53.0,Technology Services,53.0,Technology Group,53.0,Technology Industry,53.0,Technology Activity,53.0,1972.0
SYN0319.X,SY0000000319,Synthetic Firm 0319,United Kingdom,United Kingdom,Industrials,56.0,Industrials Services,56.0,Industrials Group,56.0,Industrials Industry,56.0,Industrials Activity,56.0,2019.0
SYN0320.X,SY0000000320,Synthetic Firm 0320,United Kingdom,United Kingdom,Industrials,56.0,Industrials Services,56.0,Industrials Group,56.0,Industrials Industry,56.0,Industrials Activity,56.0,2013.0
SYN0321.X,SY0000000321,Synthetic Firm 0321,Switzerland,Switzerland,Utilities,57.0,Utilities Services,57.0,Utilities Group,57.0,Utilities Industry,57.0,Utilities Activity,57.0,2016.0
SYN0322.X,SY0000000322,Synthetic Firm 0322,Sweden,Sweden,Financials,50.0,Financials Services,50.0,Financials Group,50.0,Financials Industry,50.0,Financials Activity,50.0,2015.0
SYN0323.X,SY0000000323,Synthetic Firm 0323,Hungary,Hungary,Consumer Cyclicals,51.0,Consumer Cyclicals Services,51.0,Consumer Cyclicals Group,51.0,Consumer Cyclicals Industry,51.0,Consumer Cyclicals Activity,51.0,2022.0
SYN0324.X,SY0000000324,Synthetic Firm 0324,Romania,Romania,Financials,50.0,Financials Services,50.0,Financials Group,50.0,Financials Industry,50.0,Financials Activity,50.0,1927.0
SYN0325.X,SY0000000325,Synthetic Firm 0325,United Kingdom,United Kingdom,Technology,53.0,Technology Services,53.0,Technology Group,53.0,Technology Industry,53.0,Technology Activity,53.0,1966.0
SYN0326.X,SY0000000326,Synthetic Firm 0326,Serbia,Serbia,Basic Materials,59.0,Basic Materials Services,59.0,Basic Materials Group,59.0,Basic Materials Industry,59.0,Basic Materials Activity,59.0,1962.0
SYN0327.X,SY0000000327,Synthetic Firm 0327,Germany,Germany,Real Estate,55.0,Real Estate Services,55.0,Real Estate Group,55.0,Real Estate Industry,55.0,Real Estate Activity,55.0,0.0
SYN0328.X,SY0000000328,Synthetic Firm 0328,Switzerland,Switzerland,Industrials,56.0,Industrials Services,56.0,Industrials Group,56.0,Industrials Industry,56.0,Industrials Activity,56.0,2009.0
SYN0329.X,SY0000000329,Synthetic Firm 0329,United Kingdom,United Kingdom,Consumer Cyclicals,51.0,Consumer Cyclicals Services,51.0,Consumer Cyclicals Group,51.0,Consumer Cyclicals Industry,51.0,Consumer Cyclicals Activity,51.0,1940.0
SYN0330.X,SY0000000330,Synthetic Firm 0330,Germany,Germany,Healthcare,58.0,Healthcare Services,58.0,Healthcare Group,58.0,Healthcare Industry,58.0,Healthcare Activity,58.0,1982.0
SYN0331.X,SY0000000331,Synthetic Firm 0331,United Kingdom,United Kingdom,Financials,50.0,Financials Services,50.0,Financials Group,50.0,Financials Industry,50.0,Financials Activity,50.0,1949.0
SYN0332.X,SY0000000332,Synthetic Firm 0332,Germany,Germany,Financials,50.0,Financials Services,50.0,Financials Group,50.0,Financials Industry,50.0,Financials Activity,50.0,2005.0
SYN0333.X,SY0000000333,Synthetic Firm 0333,Belgium,Belgium,Healthcare,58.0,Healthcare Services,58.0,Healthcare Group,58.0,Healthcare Industry,58.0,Healthcare Activity,58.0,1975.0
SYN0334.X,SY0000000334,Synthetic Firm 0334,United Kingdom,United Kingdom,Technology,53.0,Technology Services,53.0,Technology Group,53.0,Technology Industry,53.0,Technology Activity,53.0,1986.0
SYN0335.X,SY0000000335,Synthetic Firm 0335,Finland,Finland,Technology,53.0,Technology Services,53.0,Technology Group,53.0,Technology Industry,53.0,Technology Activity,53.0,1964.0
SYN0336.X,SY0000000336,Synthetic Firm 0336,United Kingdom,United Kingdom,Healthcare,58.0,Healthcare Services,58.0,Healthcare Group,58.0,Healthcare Industry,58.0,Healthcare Activity,58.0,1960.0
SYN0337.X,SY0000000337,Synthetic Firm 0337,Switzerland,Switzerland,Consumer Cyclicals,51.0,Consumer Cyclicals Services,51.0,Consumer Cyclicals Group,51.0,Consumer Cyclicals Industry,51.0,Consumer Cyclicals Activity,51.0,1971.0
SYN0338.X,SY0000000338,Synthetic Firm 0338,Germany,Germany,Basic Materials,59.0,Basic Materials Services,59.0,Basic Materials Group,59.0,Basic Materials Industry,59.0,Basic Materials Activity,59.0,2013.0
SYN0339.X,SY0000000339,Synthetic Firm 0339,Romania,Romania,Basic Materials,59.0,Basic Materials Services,59.0,Basic Materials Group,59.0,Basic Materials Industry,59.0,Basic Materials Activity,59.0,1952.0
SYN0340.X,SY0000000340,Synthetic Firm 0340,Sweden,Sweden,Consumer Cyclicals,51.0,Consumer Cyclicals Services,51.0,Consumer Cyclicals Group,51.0,Consumer Cyclicals Industry,51.0,Consumer Cyclicals Activity,51.0,1969.0
SYN0341.X,SY0000000341,Synthetic Firm 0341,United Kingdom,United Kingdom,Consumer Non-Cyclicals,52.0,Consumer Non-Cyclicals Services,52.0,Consumer Non-Cyclicals Group,52.0,Consumer Non-Cyclicals Industry,52.0,Consumer Non-Cyclicals Activity,52.0,1969.0
SYN0342.X,SY0000000342,Synthetic Firm 0342,Turkey,Turkey,Financials,50.0,Financials Services,50.0,Financials Group,50.0,Financials Industry,50.0,Financials Activity,50.0,1918.0
SYN0343.X,SY0000000343,Synthetic Firm 0343,United Kingdom,United Kingdom,Basic Materials,59.0,Basic Materials Services,59.0,Basic Materials Group,59.0,Basic Materials Industry,59.0,Basic Materials Activity,59.0,0.0
SYN0344.X,SY0000000344,Synthetic Firm 0344,Ireland,Ireland,Healthcare,58.0,Healthcare Services,58.0,Healthcare Group,58.0,Healthcare Industry,58.0,Healthcare Activity,58.0,1993.0
SYN0345.X,SY0000000345,Synthetic Firm 0345,United Kingdom,United Kingdom,Basic Materials,59.0,Basic Materials Services,59.0,Basic Materials Group,59.0,Basic Materials Industry,59.0,Basic Materials Activity,59.0,1982.0
SYN0346.X,SY0000000346,Synthetic Firm 0346,Sweden,Sweden,Industrials,56.0,Industrials Services,56.0,Industrials Group,56.0,Industrials Industry,56.0,Industrials Activity,56.0,2024.0
SYN0347.X,SY0000000347,Synthetic Firm 0347,France,France,Technology,53.0,Technology Services,53.0,Technology Group,53.0,Technology Industry,53.0,Technology Activity,53.0,2003.0
SYN0348.X,SY0000000348,Synthetic Firm 0348,Sweden,Sweden,Consumer Non-Cyclicals,52.0,Consumer Non-Cyclicals Services,52.0,Consumer Non-Cyclicals Group,52.0,Consumer Non-Cyclicals Industry,52.0,Consumer Non-Cyclicals Activity,52.0,1993.0
SYN0349.X,SY0000000349,Synthetic Firm 0349,Germany,Germany,Consumer Cyclicals,51.0,Consumer Cyclicals Services,51.0,Consumer Cyclicals Group,51.0,Consumer Cyclicals Industry,51.0,Consumer Cyclicals Activity,51.0,2000.0
SYN0350.X,SY0000000350,Synthetic Firm 0350,United Kingdom,United Kingdom,Consumer Non-Cyclicals,52.0,Consumer Non-Cyclicals Services,52.0,Consumer Non-Cyclicals Group,52.0,Consumer Non-Cyclicals Industry,52.0,Consumer Non-Cyclicals Activity,52.0,1991.0
SYN0351.X,SY0000000351,Synthetic Firm 0351,Germany,Germany,Industrials,56.0,Industrials Services,56.0,Industrials Group,56.0,Industrials Industry,56.0,Industrials Activity,56.0,1991.0
SYN0352.X,SY0000000352,Synthetic Firm 0352,United Kingdom,United Kingdom,Consumer Non-Cyclicals,52.0,Consumer Non-Cyclicals Services,52.0,Consumer Non-Cyclicals Group,52.0,Consumer Non-Cyclicals Industry,52.0,Consumer Non-Cyclicals Activity,52.0,0.0
SYN0353.X,SY0000000353,Synthetic Firm 0353,United Kingdom,United Kingdom,Healthcare,58.0,Healthcare Services,58.0,Healthcare Group,58.0,Healthcare Industry,58.0,Healthcare Activity,58.0,1901.0
SYN0354.X,SY0000000354,Synthetic Firm 0354,Iceland,Iceland,Financials,50.0,Financials Services,50.0,Financials Group,50.0,Financials Industry,50.0,Financials Activity,50.0,1983.0
SYN0355.X,SY0000000355,Synthetic Firm 0355,France,France,Consumer Cyclicals,51.0,Consumer Cyclicals Services,51.0,Consumer Cyclicals Group,51.0,Consumer Cyclicals Industry,51.0,Consumer Cyclicals Activity,51.0,1997.0
SYN0356.X,SY0000000356,Synthetic Firm 0356,Austria,Austria,Financials,50.0,Financials Services,50.0,Financials Group,50.0,Financials Industry,50.0,Financials Activity,50.0,1993.0
SYN0357.X,SY0000000357,Synthetic Firm 0357,Sweden,Sweden,Financials,50.0,Financials Services,50.0,Financials Group,50.0,Financials Industry,50.0,Financials Activity,50.0,2010.0
SYN0358.X,SY0000000358,Synthetic Firm 0358,Switzerland,Switzerland,Financials,50.0,Financials Services,50.0,Financials Group,50.0,Financials Industry,50.0,Financials Activity,50.0,1969.0
SYN0359.X,SY0000000359,Synthetic Firm 0359,France,France,Industrials,56.0,Industrials Services,56.0,Industrials Group,56.0,Industrials Industry,56.0,Industrials Activity,56.0,2011.0
SYN0360.X,SY0000000360,Synthetic Firm 0360,Iceland,Iceland,Healthcare,58.0,Healthcare Services,58.0,Healthcare Group,58.0,Healthcare Industry,58.0,Healthcare Activity,58.0,1982.0
SYN0361.X,SY0000000361,Synthetic Firm 0361,Sweden,Sweden,Basic Materials,59.0,Basic Materials Services,59.0,Basic Materials Group,59.0,Basic Materials Industry,59.0,Basic Materials Activity,59.0,1966.0
SYN0362.X,SY0000000362,Synthetic Firm 0362,Denmark,Denmark,Technology,53.0,Technology Services,53.0,Technology Group,53.0,Technology Industry,53.0,Technology Activity,53.0,1917.0
SYN0363.X,SY0000000363,Synthetic Firm 0363,South Africa,South Africa,Utilities,57.0,Utilities Services,57.0,Utilities Group,57.0,Utilities Industry,57.0,Utilities Activity,57.0,1987.0
SYN0364.X,SY0000000364,Synthetic Firm 0364,Russia,Russia,Technology,53.0,Technology Services,53.0,Technology Group,53.0,Technology Industry,53.0,Technology Activity,53.0,2016.0
SYN0365.X,SY0000000365,Synthetic Firm 0365,United Kingdom,United Kingdom,Basic Materials,59.0,Basic Materials Services,59.0,Basic Materials Group,59.0,Basic Materials Industry,59.0,Basic Materials Activity,59.0,1944.0
SYN0366.X,SY0000000366,Synthetic Firm 0366,Sweden,Sweden,Consumer Cyclicals,51.0,Consumer Cyclicals Services,51.0,Consumer Cyclicals Group,51.0,Consumer Cyclicals Industry,51.0,Consumer Cyclicals Activity,51.0,2024.0
SYN0367.X,SY0000000367,Synthetic Firm 0367,Denmark,Denmark,Financials,50.0,Financials Services,50.0,Financials Group,50.0,Financials Industry,50.0,Financials Activity,50.0,0.0
SYN0368.X,SY0000000368,Synthetic Firm 0368,France,France,Financials,50.0,Financials Services,50.0,Financials Group,50.0,Financials Industry,50.0,Financials Activity,50.0,1928.0
SYN0369.X,SY0000000369,Synthetic Firm 0369,Sweden,Sweden,Technology,53.0,Technology Services,53.0,Technology Group,53.0,Technology Industry,53.0,Technology Activity,53.0,1954.0
SYN0370.X,SY0000000370,Synthetic Firm 0370,Germany,Germany,Consumer Cyclicals,51.0,Consumer Cyclicals Services,51.0,Consumer Cyclicals Group,51.0,Consumer Cyclicals Industry,51.0,Consumer Cyclicals Activity,51.0,1998.0
SYN0371.X,SY0000000371,Synthetic Firm 0371,Germany,Germany,Financials,50.0,Financials Services,50.0,Financials Group,50.0,Financials Industry,50.0,Financials Activity,50.0,2024.0
SYN0372.X,SY0000000372,Synthetic Firm 0372,Czechia,Czechia,Basic Materials,59.0,Basic Materials Services,59.0,Basic Materials Group,59.0,Basic Materials Industry,59.0,Basic Materials Activity,59.0,1950.0
SYN0373.X,SY0000000373,Synthetic Firm 0373,Romania,Romania,Consumer Cyclicals,51.0,Consumer Cyclicals Services,51.0,Consumer Cyclicals Group,51.0,Consumer Cyclicals Industry,51.0,Consumer Cyclicals Activity,51.0,2001.0
SYN0374.X,SY0000000374,Synthetic Firm 0374,Greece,Greece,Financials,50.0,Financials Services,50.0,Financials Group,50.0,Financials Industry,50.0,Financials Activity,50.0,1985.0
SYN0375.X,SY0000000375,Synthetic Firm 0375,United Kingdom,United Kingdom,Consumer Cyclicals,51.0,Consumer Cyclicals Services,51.0,Consumer Cyclicals Group,51.0,Consumer Cyclicals Industry,51.0,Consumer Cyclicals Activity,51.0,2020.0
SYN0376.X,SY0000000376,Synthetic Firm 0376,Switzerland,Switzerland,Financials,50.0,Financials Services,50.0,Financials Group,50.0,Financials Industry,50.0,Financials Activity,50.0,2012.0
SYN0377.X,SY0000000377,Synthetic Firm 0377,Turkey,Turkey,Industrials,56.0,Industrials Services,56.0,Industrials Group,56.0,Industrials Industry,56.0,Industrials Activity,56.0,1972.0
SYN0378.X,SY0000000378,Synthetic Firm 0378,Romania,Romania,Technology,53.0,Technology Services,53.0,Technology Group,53.0,Technology Industry,53.0,Technology Activity,53.0,2022.0
SYN0379.X,SY0000000379,Synthetic Firm 0379,Germany,Germany,Basic Materials,59.0,Basic Materials Services,59.0,Basic Materials Group,59.0,Basic Materials Industry,59.0,Basic Materials Activity,59.0,2023.0
SYN0380.X,SY0000000380,Synthetic Firm 0380,Spain,Spain,Technology,53.0,Technology Services,53.0,Technology Group,53.0,Technology Industry,53.0,Technology Activity,53.0,1962.0
SYN0381.X,SY0000000381,Synthetic Firm 0381,France,France,Real Estate,55.0,Real Estate Services,55.0,Real Estate Group,55.0,Real Estate Industry,55.0,Real Estate Activity,55.0,2010.0
SYN0382.X,SY0000000382,Synthetic Firm 0382,Sweden,Sweden,Financials,50.0,Financials Services,50.0,Financials Group,50.0,Financials Industry,50.0,Financials Activity,50.0,0.0
SYN0383.X,SY0000000383,Synthetic Firm 0383,Croatia,Croatia,Industrials,56.0,Industrials Services,56.0,Industrials Group,56.0,Industrials Industry,56.0,Industrials Activity,56.0,1948.0
SYN0384.X,SY0000000384,Synthetic Firm 0384,United Kingdom,United Kingdom,Basic Materials,59.0,Basic Materials Services,59.0,Basic Materials Group,59.0,Basic Materials Industry,59.0,Basic Materials Activity,59.0,2021.0
SYN0385.X,SY0000000385,Synthetic Firm 0385,Netherlands,Netherlands,Healthcare,58.0,Healthcare Services,58.0,Healthcare Group,58.0,Healthcare Industry,58.0,Healthcare Activity,58.0,1949.0
SYN0386.X,SY0000000386,Synthetic Firm 0386,France,France,Technology,53.0,Technology Services,53.0,Technology Group,53.0,Technology Industry,53.0,Technology Activity,53.0,1943.0
SYN0387.X,SY0000000387,Synthetic Firm 0387,Israel,Israel,Healthcare,58.0,Healthcare Services,58.0,Healthcare Group,58.0,Healthcare Industry,58.0,Healthcare Activity,58.0,2006.0
SYN0388.X,SY0000000388,Synthetic Firm 0388,Switzerland,Switzerland,Consumer Cyclicals,51.0,Consumer Cyclicals Services,51.0,Consumer Cyclicals Group,51.0,Consumer Cyclicals Industry,51.0,Consumer Cyclicals Activity,51.0,2023.0
SYN0389.X,SY0000000389,Synthetic Firm 0389,United Kingdom,United Kingdom,Technology,53.0,Technology Services,53.0,Technology Group,53.0,Technology Industry,53.0,Technology Activity,53.0,1996.0
SYN0390.X,SY0000000390,Synthetic Firm 0390,Italy,Italy,Industrials,56.0,Industrials Services,56.0,Industrials Group,56.0,Industrials Industry,56.0,Industrials Activity,56.0,1990.0
SYN0391.X,SY0000000391,Synthetic Firm 0391,Switzerland,Switzerland,Consumer Non-Cyclicals,52.0,Consumer Non-Cyclicals Services,52.0,Consumer Non-Cyclicals Group,52.0,Consumer Non-Cyclicals Industry,52.0,Consumer Non-Cyclicals Activity,52.0,1991.0
SYN0392.X,SY0000000392,Synthetic Firm 0392,Germany,Germany,Technology,53.0,Technology Services,53.0,Technology Group,53.0,Technology Industry,53.0,Technology Activity,53.0,2015.0
SYN0393.X,SY0000000393,Synthetic Firm 0393,France,France,Technology,53.0,Technology Services,53.0,Technology Group,53.0,Technology Industry,53.0,Technology Activity,53.0,1952.0
SYN0394.X,SY0000000394,Synthetic Firm 0394,United Kingdom,United Kingdom,Healthcare,58.0,Healthcare Services,58.0,Healthcare Group,58.0,Healthcare Industry,58.0,Healthcare Activity,58.0,1984.0
SYN0395.X,SY0000000395,Synthetic Firm 0395,Switzerland,Switzerland,Industrials,56.0,Industrials Services,56.0,Industrials Group,56.0,Industrials Industry,56.0,Industrials Activity,56.0,1973.0
SYN0396.X,SY0000000396,Synthetic Firm 0396,Sweden,Sweden,Financials,50.0,Financials Services,50.0,Financials Group,50.0,Financials Industry,50.0,Financials Activity,50.0,1999.0
SYN0397.X,SY0000000397,Synthetic Firm 0397,United Kingdom,United Kingdom,Utilities,57.0,Utilities Services,57.0,Utilities Group,57.0,Utilities Industry,57.0,Utilities Activity,57.0,1988.0
SYN0398.X,SY0000000398,Synthetic Firm 0398,Ireland,Ireland,Basic Materials,59.0,Basic Materials Services,59.0,Basic Materials Group,59.0,Basic Materials Industry,59.0,Basic Materials Activity,59.0,1991.0
SYN0399.X,SY0000000399,Synthetic Firm 0399,United Kingdom,United Kingdom,Real Estate,55.0,Real Estate Services,55.0,Real Estate Group,55.0,Real Estate Industry,55.0,Real Estate Activity,55.0,1974.0
SYN0400.X,SY0000000400,Synthetic Firm 0400,United Kingdom,United Kingdom,Financials,50.0,Financials Services,50.0,Financials Group,50.0,Financials Industry,50.0,Financials Activity,50.0,1985.0
SYN0401.X,SY0000000401,Synthetic Firm 0401,Israel,Israel,Consumer Cyclicals,51.0,Consumer Cyclicals Services,51.0,Consumer Cyclicals Group,51.0,Consumer Cyclicals Industry,51.0,Consumer Cyclicals Activity,51.0,1996.0
SYN0402.X,SY0000000402,Synthetic Firm 0402,Sweden,Sweden,Real Estate,55.0,Real Estate Services,55.0,Real Estate Group,55.0,Real Estate Industry,55.0,Real Estate Activity,55.0,2009.0
SYN0403.X,SY0000000403,Synthetic Firm 0403,Sweden,Sweden,Energy,54.0,Energy Services,54.0,Energy Group,54.0,Energy Industry,54.0,Energy Activity,54.0,2011.0
SYN0404.X,SY0000000404,Synthetic Firm 0404,United Kingdom,United Kingdom,Financials,50.0,Financials Services,50.0,Financials Group,50.0,Financials Industry,50.0,Financials Activity,50.0,1986.0
SYN0405.X,SY0000000405,Synthetic Firm 0405,Sweden,Sweden,Consumer Cyclicals,51.0,Consumer Cyclicals Services,51.0,Consumer Cyclicals Group,51.0,Consumer Cyclicals Industry,51.0,Consumer Cyclicals Activity,51.0,2002.0
SYN0406.X,SY0000000406,Synthetic Firm 0406,Czechia,Czechia,Financials,50.0,Financials Services,50.0,Financials Group,50.0,Financials Industry,50.0,Financials Activity,50.0,2020.0
SYN0407.X,SY0000000407,Synthetic Firm 0407,United Kingdom,United Kingdom,Utilities,57.0,Utilities Services,57.0,Utilities Group,57.0,Utilities Industry,57.0,Utilities Activity,57.0,2021.0
SYN0408.X,SY0000000408,Synthetic Firm 0408,Iceland,Iceland,Healthcare,58.0,Healthcare Services,58.0,Healthcare Group,58.0,Healthcare Industry,58.0,Healthcare Activity,58.0,1983.0
SYN0409.X,SY0000000409,Synthetic Firm 0409,United Kingdom,United Kingdom,Financials,50.0,Financials Services,50.0,Financials Group,50.0,Financials Industry,50.0,Financials Activity,50.0,1989.0
SYN0410.X,SY0000000410,Synthetic Firm 0410,Sweden,Sweden,Technology,53.0,Technology Services,53.0,Technology Group,53.0,Technology Industry,53.0,Technology Activity,53.0,1978.0
SYN0411.X,SY0000000411,Synthetic Firm 0411,Iceland,Iceland,Financials,50.0,Financials Services,50.0,Financials Group,50.0,Financials Industry,50.0,Financials Activity,50.0,2013.0
SYN0412.X,SY0000000412,Synthetic Firm 0412,Greece,Greece,Consumer Cyclicals,51.0,Consumer Cyclicals Services,51.0,Consumer Cyclicals Group,51.0,Consumer Cyclicals Industry,51.0,Consumer Cyclicals Activity,51.0,1957.0
SYN0413.X,SY0000000413,Synthetic Firm 0413,France,France,Consumer Non-Cyclicals,52.0,Consumer Non-Cyclicals Services,52.0,Consumer Non-Cyclicals Group,52.0,Consumer Non-Cyclicals Industry,52.0,Consumer Non-Cyclicals Activity,52.0,2017.0
SYN0414.X,SY0000000414,Synthetic Firm 0414,Portugal,Portugal,Industrials,56.0,Industrials Services,56.0,Industrials Group,56.0,Industrials Industry,56.0,Industrials Activity,56.0,1939.0
SYN0415.X,SY0000000415,Synthetic Firm 0415,Romania,Romania,Industrials,56.0,Industrials Services,56.0,Industrials Group,56.0,Industrials Industry,56.0,Industrials Activity,56.0,1949.0
SYN0416.X,SY0000000416,Synthetic Firm 0416,Iceland,Iceland,Consumer Non-Cyclicals,52.0,Consumer Non-Cyclicals Services,52.0,Consumer Non-Cyclicals Group,52.0,Consumer Non-Cyclicals Industry,52.0,Consumer Non-Cyclicals Activity,52.0,1944.0
SYN0417.X,SY0000000417,Synthetic Firm 0417,Turkey,Turkey,Financials,50.0,Financials Services,50.0,Financials Group,50.0,Financials Industry,50.0,Financials Activity,50.0,1953.0
SYN0418.X,SY0000000418,Synthetic Firm 0418,United Kingdom,United Kingdom,Industrials,56.0,Industrials Services,56.0,Industrials Group,56.0,Industrials Industry,56.0,Industrials Activity,56.0,1975.0
SYN0419.X,SY0000000419,Synthetic Firm 0419,Hungary,Hungary,Real Estate,55.0,Real Estate Services,55.0,Real Estate Group,55.0,Real Estate Industry,55.0,Real Estate Activity,55.0,2020.0
SYN0420.X,SY0000000420,Synthetic Firm 0420,United Kingdom,United Kingdom,Real Estate,55.0,Real Estate Services,55.0,Real Estate Group,55.0,Real Estate Industry,55.0,Real Estate Activity,55.0,1976.0
SYN0421.X,SY0000000421,Synthetic Firm 0421,United Kingdom,United Kingdom,Technology,53.0,Technology Services,53.0,Technology Group,53.0,Technology Industry,53.0,Technology Activity,53.0,2018.0
SYN0422.X,SY0000000422,Synthetic Firm 0422,United Kingdom,United Kingdom,Basic Materials,59.0,Basic Materials Services,59.0,Basic Materials Group,59.0,Basic Materials Industry,59.0,Basic Materials Activity,59.0,0.0
SYN0423.X,SY0000000423,Synthetic Firm 0423,Spain,Spain,Financials,50.0,Financials Services,50.0,Financials Group,50.0,Financials Industry,50.0,Financials Activity,50.0,1960.0
SYN0424.X,SY0000000424,Synthetic Firm 0424,United Kingdom,United Kingdom,Consumer Cyclicals,51.0,Consumer Cyclicals Services,51.0,Consumer Cyclicals Group,51.0,Consumer Cyclicals Industry,51.0,Consumer Cyclicals Activity,51.0,2024.0
SYN0425.X,SY0000000425,Synthetic Firm 0425,United Kingdom,United Kingdom,Technology,53.0,Technology Services,53.0,Technology Group,53.0,Technology Industry,53.0,Technology Activity,53.0,1983.0
SYN0426.X,SY0000000426,Synthetic Firm 0426,Sweden,Sweden,Consumer Cyclicals,51.0,Consumer Cyclicals Services,51.0,Consumer Cyclicals Group,51.0,Consumer Cyclicals Industry,51.0,Consumer Cyclicals Activity,51.0,1973.0
SYN0427.X,SY0000000427,Synthetic Firm 0427,Netherlands,Netherlands,Basic Materials,59.0,Basic Materials Services,59.0,Basic Materials Group,59.0,Basic Materials Industry,59.0,Basic Materials Activity,59.0,2003.0
SYN0428.X,SY0000000428,Synthetic Firm 0428,Sweden,Sweden,Basic Materials,59.0,Basic Materials Services,59.0,Basic Materials Group,59.0,Basic Materials Industry,59.0,Basic Materials Activity,59.0,1951.0
SYN0429.X,SY0000000429,Synthetic Firm 0429,France,France,Industrials,56.0,Industrials Services,56.0,Industrials Group,56.0,Industrials Industry,56.0,Industrials Activity,56.0,2018.0
SYN0430.X,SY0000000430,Synthetic Firm 0430,Greece,Greece,Consumer Non-Cyclicals,52.0,Consumer Non-Cyclicals Services,52.0,Consumer Non-Cyclicals Group,52.0,Consumer Non-Cyclicals Industry,52.0,Consumer Non-Cyclicals Activity,52.0,1956.0
SYN0431.X,SY0000000431,Synthetic Firm 0431,Germany,Germany,Industrials,56.0,Industrials Services,56.0,Industrials Group,56.0,Industrials Industry,56.0,Industrials Activity,56.0,1968.0
SYN0432.X,SY0000000432,Synthetic Firm 0432,Portugal,Portugal,Industrials,56.0,Industrials Services,56.0,Industrials Group,56.0,Industrials Industry,56.0,Industrials Activity,56.0,1906.0
SYN0433.X,SY0000000433,Synthetic Firm 0433,Spain,Spain,Financials,50.0,Financials Services,50.0,Financials Group,50.0,Financials Industry,50.0,Financials Activity,50.0,2012.0
SYN0434.X,SY0000000434,Synthetic Firm 0434,Russia,Russia,Technology,53.0,Technology Services,53.0,Technology Group,53.0,Technology Industry,53.0,Technology Activity,53.0,1989.0
SYN0435.X,SY0000000435,Synthetic Firm 0435,Finland,Finland,Industrials,56.0,Industrials Services,56.0,Industrials Group,56.0,Industrials Industry,56.0,Industrials Activity,56.0,1999.0
SYN0436.X,SY0000000436,Synthetic Firm 0436,France,France,Technology,53.0,Technology Services,53.0,Technology Group,53.0,Technology Industry,53.0,Technology Activity,53.0,2017.0
SYN0437.X,SY0000000437,Synthetic Firm 0437,France,France,Energy,54.0,Energy Services,54.0,Energy Group,54.0,Energy Industry,54.0,Energy Activity,54.0,2023.0
SYN0438.X,SY0000000438,Synthetic Firm 0438,United Kingdom,United Kingdom,Basic Materials,59.0,Basic Materials Services,59.0,Basic Materials Group,59.0,Basic Materials Industry,59.0,Basic Materials Activity,59.0,1954.0
SYN0439.X,SY0000000439,Synthetic Firm 0439,Hungary,Hungary,Industrials,56.0,Industrials Services,56.0,Industrials Group,56.0,Industrials Industry,56.0,Industrials Activity,56.0,1978.0
SYN0440.X,SY0000000440,Synthetic Firm 0440,Belgium,Belgium,Financials,50.0,Financials Services,50.0,Financials Group,50.0,Financials Industry,50.0,Financials Activity,50.0,2003.0
SYN0441.X,SY0000000441,Synthetic Firm 0441,United Kingdom,United Kingdom,Industrials,56.0,Industrials Services,56.0,Industrials Group,56.0,Industrials Industry,56.0,Industrials Activity,56.0,2009.0
SYN0442.X,SY0000000442,Synthetic Firm 0442,Germany,Germany,Healthcare,58.0,Healthcare Services,58.0,Healthcare Group,58.0,Healthcare Industry,58.0,Healthcare Activity,58.0,1995.0
SYN0443.X,SY0000000443,Synthetic Firm 0443,Luxembourg,Luxembourg,Consumer Cyclicals,51.0,Consumer Cyclicals Services,51.0,Consumer Cyclicals Group,51.0,Consumer Cyclicals Industry,51.0,Consumer Cyclicals Activity,51.0,1934.0
SYN0444.X,SY0000000444,Synthetic Firm 0444,Sweden,Sweden,Basic Materials,59.0,Basic Materials Services,59.0,Basic Materials Group,59.0,Basic Materials Industry,59.0,Basic Materials Activity,59.0,1989.0
SYN0445.X,SY0000000445,Synthetic Firm 0445,Germany,Germany,Financials,50.0,Financials Services,50.0,Financials Group,50.0,Financials Industry,50.0,Financials Activity,50.0,1994.0
SYN0446.X,SY0000000446,Synthetic Firm 0446,Sweden,Sweden,Technology,53.0,Technology Services,53.0,Technology Group,53.0,Technology Industry,53.0,Technology Activity,53.0,1986.0
SYN0447.X,SY0000000447,Synthetic Firm 0447,Germany,Germany,Technology,53.0,Technology Services,53.0,Technology Group,53.0,Technology Industry,53.0,Technology Activity,53.0,1942.0
SYN0448.X,SY0000000448,Synthetic Firm 0448,Poland,Poland,Industrials,56.0,Industrials Services,56.0,Industrials Group,56.0,Industrials Industry,56.0,Industrials Activity,56.0,1948.0
SYN0449.X,SY0000000449,Synthetic Firm 0449,United Kingdom,United Kingdom,Utilities,57.0,Utilities Services,57.0,Utilities Group,57.0,Utilities Industry,57.0,Utilities Activity,57.0,1976.0
SYN0450.X,SY0000000450,Synthetic Firm 0450,United Kingdom,United Kingdom,Industrials,56.0,Industrials Services,56.0,Industrials Group,56.0,Industrials Industry,56.0,Industrials Activity,56.0,1945.0
SYN0451.X,SY0000000451,Synthetic Firm 0451,United Kingdom,United Kingdom,Real Estate,55.0,Real Estate Services,55.0,Real Estate Group,55.0,Real Estate Industry,55.0,Real Estate Activity,55.0,2012.0
SYN0452.X,SY0000000452,Synthetic Firm 0452,Switzerland,Switzerland,Healthcare,58.0,Healthcare Services,58.0,Healthcare Group,58.0,Healthcare Industry,58.0,Healthcare Activity,58.0,1978.0
SYN0453.X,SY0000000453,Synthetic Firm 0453,United Kingdom,United Kingdom,Basic Materials,59.0,Basic Materials Services,59.0,Basic Materials Group,59.0,Basic Materials Industry,59.0,Basic Materials Activity,59.0,1965.0
SYN0454.X,SY0000000454,Synthetic Firm 0454,Finland,Finland,Technology,53.0,Technology Services,53.0,Technology Group,53.0,Technology Industry,53.0,Technology Activity,53.0,1971.0
SYN0455.X,SY0000000455,Synthetic Firm 0455,Sweden,Sweden,Industrials,56.0,Industrials Services,56.0,Industrials Group,56.0,Industrials Industry,56.0,Industrials Activity,56.0,2014.0
SYN0456.X,SY0000000456,Synthetic Firm 0456,Switzerland,Switzerland,Financials,50.0,Financials Services,50.0,Financials Group,50.0,Financials Industry,50.0,Financials Activity,50.0,1908.0
SYN0457.X,SY0000000457,Synthetic Firm 0457,Russia,Russia,Basic Materials,59.0,Basic Materials Services,59.0,Basic Materials Group,59.0,Basic Materials Industry,59.0,Basic Materials Activity,59.0,1987.0
SYN0458.X,SY0000000458,Synthetic Firm 0458,France,France,Industrials,56.0,Industrials Services,56.0,Industrials Group,56.0,Industrials Industry,56.0,Industrials Activity,56.0,1972.0
SYN0459.X,SY0000000459,Synthetic Firm 0459,Serbia,Serbia,Industrials,56.0,Industrials Services,56.0,Industrials Group,56.0,Industrials Industry,56.0,Industrials Activity,56.0,1995.0
SYN0460.X,SY0000000460,Synthetic Firm 0460,Ireland,Ireland,Financials,50.0,Financials Services,50.0,Financials Group,50.0,Financials Industry,50.0,Financials Activity,50.0,2011.0
SYN0461.X,SY0000000461,Synthetic Firm 0461,Norway,Norway,Real Estate,55.0,Real Estate Services,55.0,Real Estate Group,55.0,Real Estate Industry,55.0,Real Estate Activity,55.0,1995.0
SYN0462.X,SY0000000462,Synthetic Firm 0462,Czechia,Czechia,Consumer Cyclicals,51.0,Consumer Cyclicals Services,51.0,Consumer Cyclicals Group,51.0,Consumer Cyclicals Industry,51.0,Consumer Cyclicals Activity,51.0,1920.0
SYN0463.X,SY0000000463,Synthetic Firm 0463,Iceland,Iceland,Technology,53.0,Technology Services,53.0,Technology Group,53.0,Technology Industry,53.0,Technology Activity,53.0,1995.0
SYN0464.X,SY0000000464,Synthetic Firm 0464,Germany,Germany,Real Estate,55.0,Real Estate Services,55.0,Real Estate Group,55.0,Real Estate Industry,55.0,Real Estate Activity,55.0,1941.0
SYN0465.X,SY0000000465,Synthetic Firm 0465,Sweden,Sweden,Basic Materials,59.0,Basic Materials Services,59.0,Basic Materials Group,59.0,Basic Materials Industry,59.0,Basic Materials Activity,59.0,1981.0
SYN0466.X,SY0000000466,Synthetic Firm 0466,Russia,Russia,Healthcare,58.0,Healthcare Services,58.0,Healthcare Group,58.0,Healthcare Industry,58.0,Healthcare Activity,58.0,2017.0
SYN0467.X,SY0000000467,Synthetic Firm 0467,Germany,Germany,Real Estate,55.0,Real Estate Services,55.0,Real Estate Group,55.0,Real Estate Industry,55.0,Real Estate Activity,55.0,1969.0
SYN0468.X,SY0000000468,Synthetic Firm 0468,Sweden,Sweden,Technology,53.0,Technology Services,53.0,Technology Group,53.0,Technology Industry,53.0,Technology Activity,53.0,2006.0
SYN0469.X,SY0000000469,Synthetic Firm 0469,United Kingdom,United Kingdom,Financials,50.0,Financials Services,50.0,Financials Group,50.0,Financials Industry,50.0,Financials Activity,50.0,2010.0
SYN0470.X,SY0000000470,Synthetic Firm 0470,Luxembourg,Luxembourg,Industrials,56.0,Industrials Services,56.0,Industrials Group,56.0,Industrials Industry,56.0,Industrials Activity,56.0,1993.0
SYN0471.X,SY0000000471,Synthetic Firm 0471,Poland,Poland,Consumer Cyclicals,51.0,Consumer Cyclicals Services,51.0,Consumer Cyclicals Group,51.0,Consumer Cyclicals Industry,51.0,Consumer Cyclicals Activity,51.0,2008.0
SYN0472.X,SY0000000472,Synthetic Firm 0472,Israel,Israel,Real Estate,55.0,Real Estate Services,55.0,Real Estate Group,55.0,Real Estate Industry,55.0,Real Estate Activity,55.0,1900.0
SYN0473.X,SY0000000473,Synthetic Firm 0473,United Kingdom,United Kingdom,Technology,53.0,Technology Services,53.0,Technology Group,53.0,Technology Industry,53.0,Technology Activity,53.0,1950.0
SYN0474.X,SY0000000474,Synthetic Firm 0474,Denmark,Denmark,Consumer Cyclicals,51.0,Consumer Cyclicals Services,51.0,Consumer Cyclicals Group,51.0,Consumer Cyclicals Industry,51.0,Consumer Cyclicals Activity,51.0,2018.0
SYN0475.X,SY0000000475,Synthetic Firm 0475,Switzerland,Switzerland,Industrials,56.0,Industrials Services,56.0,Industrials Group,56.0,Industrials Industry,56.0,Industrials Activity,56.0,1975.0
SYN0476.X,SY0000000476,Synthetic Firm 0476,Ireland,Ireland,Real Estate,55.0,Real Estate Services,55.0,Real Estate Group,55.0,Real Estate Industry,55.0,Real Estate Activity,55.0,0.0
SYN0477.X,SY0000000477,Synthetic Firm 0477,Sweden,Sweden,Financials,50.0,Financials Services,50.0,Financials Group,50.0,Financials Industry,50.0,Financials Activity,50.0,1985.0
SYN0478.X,SY0000000478,Synthetic Firm 0478,Norway,Norway,Basic Materials,59.0,Basic Materials Services,59.0,Basic Materials Group,59.0,Basic Materials Industry,59.0,Basic Materials Activity,59.0,0.0
SYN0479.X,SY0000000479,Synthetic Firm 0479,United Kingdom,United Kingdom,Healthcare,58.0,Healthcare Services,58.0,Healthcare Group,58.0,Healthcare Industry,58.0,Healthcare Activity,58.0,1977.0
SYN0480.X,SY0000000480,Synthetic Firm 0480,United Kingdom,United Kingdom,Financials,50.0,Financials Services,50.0,Financials Group,50.0,Financials Industry,50.0,Financials Activity,50.0,1986.0
SYN0481.X,SY0000000481,Synthetic Firm 0481,United Kingdom,United Kingdom,Technology,53.0,Technology Services,53.0,Technology Group,53.0,Technology Industry,53.0,Technology Activity,53.0,1936.0
SYN0482.X,SY0000000482,Synthetic Firm 0482,Switzerland,Switzerland,Technology,53.0,Technology Services,53.0,Technology Group,53.0,Technology Industry,53.0,Technology Activity,53.0,2013.0
SYN0483.X,SY0000000483,Synthetic Firm 0483,France,France,Real Estate,55.0,Real Estate Services,55.0,Real Estate Group,55.0,Real Estate Industry,55.0,Real Estate Activity,55.0,2001.0
SYN0484.X,SY0000000484,Synthetic Firm 0484,Sweden,Sweden,Energy,54.0,Energy Services,54.0,Energy Group,54.0,Energy Industry,54.0,Energy Activity,54.0,1990.0
SYN0485.X,SY0000000485,Synthetic Firm 0485,Sweden,Sweden,Industrials,56.0,Industrials Services,56.0,Industrials Group,56.0,Industrials Industry,56.0,Industrials Activity,56.0,1995.0
SYN0486.X,SY0000000486,Synthetic Firm 0486,Sweden,Sweden,Consumer Non-Cyclicals,52.0,Consumer Non-Cyclicals Services,52.0,Consumer Non-Cyclicals Group,52.0,Consumer Non-Cyclicals Industry,52.0,Consumer Non-Cyclicals Activity,52.0,2004.0
SYN0487.X,SY0000000487,Synthetic Firm 0487,Sweden,Sweden,Energy,54.0,Energy Services,54.0,Energy Group,54.0,Energy Industry,54.0,Energy Activity,54.0,1995.0
SYN0488.X,SY0000000488,Synthetic Firm 0488,United Kingdom,United Kingdom,Industrials,56.0,Industrials Services,56.0,Industrials Group,56.0,Industrials Industry,56.0,Industrials Activity,56.0,2009.0
SYN0489.X,SY0000000489,Synthetic Firm 0489,Switzerland,Switzerland,Technology,53.0,Technology Services,53.0,Technology Group,53.0,Technology Industry,53.0,Technology Activity,53.0,0.0
SYN0490.X,SY0000000490,Synthetic Firm 0490,United Kingdom,United Kingdom,Technology,53.0,Technology Services,53.0,Technology Group,53.0,Technology Industry,53.0,Technology Activity,53.0,1968.0
SYN0491.X,SY0000000491,Synthetic Firm 0491,United Kingdom,United Kingdom,Technology,53.0,Technology Services,53.0,Technology Group,53.0,Technology Industry,53.0,Technology Activity,53.0,2015.0
SYN0492.X,SY0000000492,Synthetic Firm 0492,Sweden,Sweden,Industrials,56.0,Industrials Services,56.0,Industrials Group,56.0,Industrials Industry,56.0,Industrials Activity,56.0,0.0
SYN0493.X,SY0000000493,Synthetic Firm 0493,Turkey,Turkey,Consumer Cyclicals,51.0,Consumer Cyclicals Services,51.0,Consumer Cyclicals Group,51.0,Consumer Cyclicals Industry,51.0,Consumer Cyclicals Activity,51.0,1975.0
SYN0494.X,SY0000000494,Synthetic Firm 0494,United Kingdom,United Kingdom,Financials,50.0,Financials Services,50.0,Financials Group,50.0,Financials Industry,50.0,Financials Activity,50.0,1986.0
SYN0495.X,SY0000000495,Synthetic Firm 0495,France,France,Industrials,56.0,Industrials Services,56.0,Industrials Group,56.0,Industrials Industry,56.0,Industrials Activity,56.0,1976.0
SYN0496.X,SY0000000496,Synthetic Firm 0496,Germany,Germany,Basic Materials,59.0,Basic Materials Services,59.0,Basic Materials Group,59.0,Basic Materials Industry,59.0,Basic Materials Activity,59.0,2017.0
SYN0497.X,SY0000000497,Synthetic Firm 0497,United Kingdom,United Kingdom,Industrials,56.0,Industrials Services,56.0,Industrials Group,56.0,Industrials Industry,56.0,Industrials Activity,56.0,1966.0
SYN0498.X,SY0000000498,Synthetic Firm 0498,United Kingdom,United Kingdom,Consumer Cyclicals,51.0,Consumer Cyclicals Services,51.0,Consumer Cyclicals Group,51.0,Consumer Cyclicals Industry,51.0,Consumer Cyclicals Activity,51.0,1964.0
SYN0499.X,SY0000000499,Synthetic Firm 0499,Sweden,Sweden,Industrials,56.0,Industrials Services,56.0,Industrials Group,56.0,Industrials Industry,56.0,Industrials Activity,56.0,1952.0
SYN0500.X,SY0000000500,Synthetic Firm 0500,United Kingdom,United Kingdom,Consumer Non-Cyclicals,52.0,Consumer Non-Cyclicals Services,52.0,Consumer Non-Cyclicals Group,52.0,Consumer Non-Cyclicals Industry,52.0,Consumer Non-Cyclicals Activity,52.0,1987.0
SYN0501.X,SY0000000501,Synthetic Firm 0501,United Kingdom,United Kingdom,Technology,53.0,Technology Services,53.0,Technology Group,53.0,Technology Industry,53.0,Technology Activity,53.0,1990.0
SYN0502.X,SY0000000502,Synthetic Firm 0502,Italy,Italy,Consumer Cyclicals,51.0,Consumer Cyclicals Services,51.0,Consumer Cyclicals Group,51.0,Consumer Cyclicals Industry,51.0,Consumer Cyclicals Activity,51.0,1967.0
SYN0503.X,SY0000000503,Synthetic Firm 0503,Norway,Norway,Basic Materials,59.0,Basic Materials Services,59.0,Basic Materials Group,59.0,Basic Materials Industry,59.0,Basic Materials Activity,59.0,1922.0
SYN0504.X,SY0000000504,Synthetic Firm 0504,United Kingdom,United Kingdom,Financials,50.0,Financials Services,50.0,Financials Group,50.0,Financials Industry,50.0,Financials Activity,50.0,0.0
SYN0505.X,SY0000000505,Synthetic Firm 0505,Finland,Finland,Industrials,56.0,Industrials Services,56.0,Industrials Group,56.0,Industrials Industry,56.0,Industrials Activity,56.0,1925.0
SYN0506.X,SY0000000506,Synthetic Firm 0506,Sweden,Sweden,Healthcare,58.0,Healthcare Services,58.0,Healthcare Group,58.0,Healthcare Industry,58.0,Healthcare Activity,58.0,1961.0
SYN0507.X,SY0000000507,Synthetic Firm 0507,Romania,Romania,Financials,50.0,Financials Services,50.0,Financials Group,50.0,Financials Industry,50.0,Financials Activity,50.0,1955.0
SYN0508.X,SY0000000508,Synthetic Firm 0508,Russia,Russia,Industrials,56.0,Industrials Services,56.0,Industrials Group,56.0,Industrials Industry,56.0,Industrials Activity,56.0,1975.0
SYN0509.X,SY0000000509,Synthetic Firm 0509,Sweden,Sweden,Healthcare,58.0,Healthcare Services,58.0,Healthcare Group,58.0,Healthcare Industry,58.0,Healthcare Activity,58.0,2014.0
SYN0510.X,SY0000000510,Synthetic Firm 0510,France,France,Basic Materials,59.0,Basic Materials Services,59.0,Basic Materials Group,59.0,Basic Materials Industry,59.0,Basic Materials Activity,59.0,1937.0
SYN0511.X,SY0000000511,Synthetic Firm 0511,Portugal,Portugal,Financials,50.0,Financials Services,50.0,Financials Group,50.0,Financials Industry,50.0,Financials Activity,50.0,1929.0
SYN0512.X,SY0000000512,Synthetic Firm 0512,Italy,Italy,Real Estate,55.0,Real Estate Services,55.0,Real Estate Group,55.0,Real Estate Industry,55.0,Real Estate Activity,55.0,1975.0
SYN0513.X,SY0000000513,Synthetic Firm 0513,Switzerland,Switzerland,Consumer Cyclicals,51.0,Consumer Cyclicals Services,51.0,Consumer Cyclicals Group,51.0,Consumer Cyclicals Industry,51.0,Consumer Cyclicals Activity,51.0,2018.0
SYN0514.X,SY0000000514,Synthetic Firm 0514,Israel,Israel,Technology,53.0,Technology Services,53.0,Technology Group,53.0,Technology Industry,53.0,Technology Activity,53.0,1961.0
SYN0515.X,SY0000000515,Synthetic Firm 0515,Sweden,Sweden,Industrials,56.0,Industrials Services,56.0,Industrials Group,56.0,Industrials Industry,56.0,Industrials Activity,56.0,2000.0
SYN0516.X,SY0000000516,Synthetic Firm 0516,Hungary,Hungary,Industrials,56.0,Industrials Services,56.0,Industrials Group,56.0,Industrials Industry,56.0,Industrials Activity,56.0,1969.0
SYN0517.X,SY0000000517,Synthetic Firm 0517,France,France,Industrials,56.0,Industrials Services,56.0,Industrials Group,56.0,Industrials Industry,56.0,Industrials Activity,56.0,1980.0
SYN0518.X,SY0000000518,Synthetic Firm 0518,Switzerland,Switzerland,Financials,50.0,Financials Services,50.0,Financials Group,50.0,Financials Industry,50.0,Financials Activity,50.0,1997.0
SYN0519.X,SY0000000519,Synthetic Firm 0519,Austria,Austria,Industrials,56.0,Industrials Services,56.0,Industrials Group,56.0,Industrials Industry,56.0,Industrials Activity,56.0,2004.0
SYN0520.X,SY0000000520,Synthetic Firm 0520,United Kingdom,United Kingdom,Healthcare,58.0,Healthcare Services,58.0,Healthcare Group,58.0,Healthcare Industry,58.0,Healthcare Activity,58.0,2004.0
SYN0521.X,SY0000000521,Synthetic Firm 0521,Czechia,Czechia,Technology,53.0,Technology Services,53.0,Technology Group,53.0,Technology Industry,53.0,Technology Activity,53.0,1956.0
SYN0522.X,SY0000000522,Synthetic Firm 0522,France,France,Basic Materials,59.0,Basic Materials Services,59.0,Basic Materials Group,59.0,Basic Materials Industry,59.0,Basic Materials Activity,59.0,1936.0
SYN0523.X,SY0000000523,Synthetic Firm 0523,United Kingdom,United Kingdom,Financials,50.0,Financials Services,50.0,Financials Group,50.0,Financials Industry,50.0,Financials Activity,50.0,1975.0
SYN0524.X,SY0000000524,Synthetic Firm 0524,Greece,Greece,Industrials,56.0,Industrials Services,56.0,Industrials Group,56.0,Industrials Industry,56.0,Industrials Activity,56.0,2003.0
SYN0525.X,SY0000000525,Synthetic Firm 0525,France,France,Industrials,56.0,Industrials Services,56.0,Industrials Group,56.0,Industrials Industry,56.0,Industrials Activity,56.0,1963.0
SYN0526.X,SY0000000526,Synthetic Firm 0526,Czechia,Czechia,Basic Materials,59.0,Basic Materials Services,59.0,Basic Materials Group,59.0,Basic Materials Industry,59.0,Basic Materials Activity,59.0,2022.0
SYN0527.X,SY0000000527,Synthetic Firm 0527,Finland,Finland,Healthcare,58.0,Healthcare Services,58.0,Healthcare Group,58.0,Healthcare Industry,58.0,Healthcare Activity,58.0,1976.0
SYN0528.X,SY0000000528,Synthetic Firm 0528,United Kingdom,United Kingdom,Industrials,56.0,Industrials Services,56.0,Industrials Group,56.0,Industrials Industry,56.0,Industrials Activity,56.0,1993.0
SYN0529.X,SY0000000529,Synthetic Firm 0529,France,France,Technology,53.0,Technology Services,53.0,Technology Group,53.0,Technology Industry,53.0,Technology Activity,53.0,1967.0
SYN0530.X,SY0000000530,Synthetic Firm 0530,United Kingdom,United Kingdom,Basic Materials,59.0,Basic Materials Services,59.0,Basic Materials Group,59.0,Basic Materials Industry,59.0,Basic Materials Activity,59.0,1993.0
SYN0531.X,SY0000000531,Synthetic Firm 0531,United Kingdom,United Kingdom,Financials,50.0,Financials Services,50.0,Financials Group,50.0,Financials Industry,50.0,Financials Activity,50.0,0.0
SYN0532.X,SY0000000532,Synthetic Firm 0532,Portugal,Portugal,Consumer Non-Cyclicals,52.0,Consumer Non-Cyclicals Services,52.0,Consumer Non-Cyclicals Group,52.0,Consumer Non-Cyclicals Industry,52.0,Consumer Non-Cyclicals Activity,52.0,2000.0
SYN0533.X,SY0000000533,Synthetic Firm 0533,Italy,Italy,Consumer Cyclicals,51.0,Consumer Cyclicals Services,51.0,Consumer Cyclicals Group,51.0,Consumer Cyclicals Industry,51.0,Consumer Cyclicals Activity,51.0,1953.0
SYN0534.X,SY0000000534,Synthetic Firm 0534,Germany,Germany,Basic Materials,59.0,Basic Materials Services,59.0,Basic Materials Group,59.0,Basic Materials Industry,59.0,Basic Materials Activity,59.0,1998.0
SYN0535.X,SY0000000535,Synthetic Firm 0535,Austria,Austria,Industrials,56.0,Industrials Services,56.0,Industrials Group,56.0,Industrials Industry,56.0,Industrials Activity,56.0,1993.0
SYN0536.X,SY0000000536,Synthetic Firm 0536,Netherlands,Netherlands,Technology,53.0,Technology Services,53.0,Technology Group,53.0,Technology Industry,53.0,Technology Activity,53.0,1984.0
SYN0537.X,SY0000000537,Synthetic Firm 0537,United Kingdom,United Kingdom,Basic Materials,59.0,Basic Materials Services,59.0,Basic Materials Group,59.0,Basic Materials Industry,59.0,Basic Materials Activity,59.0,1982.0
SYN0538.X,SY0000000538,Synthetic Firm 0538,Germany,Germany,Industrials,56.0,Industrials Services,56.0,Industrials Group,56.0,Industrials Industry,56.0,Industrials Activity,56.0,1911.0
SYN0539.X,SY0000000539,Synthetic Firm 0539,Germany,Germany,Financials,50.0,Financials Services,50.0,Financials Group,50.0,Financials Industry,50.0,Financials Activity,50.0,1956.0
SYN0540.X,SY0000000540,Synthetic Firm 0540,Portugal,Portugal,Consumer Cyclicals,51.0,Consumer Cyclicals Services,51.0,Consumer Cyclicals Group,51.0,Consumer Cyclicals Industry,51.0,Consumer Cyclicals Activity,51.0,2000.0
SYN0541.X,SY0000000541,Synthetic Firm 0541,Israel,Israel,Technology,53.0,Technology Services,53.0,Technology Group,53.0,Technology Industry,53.0,Technology Activity,53.0,2018.0
SYN0542.X,SY0000000542,Synthetic Firm 0542,Luxembourg,Luxembourg,Industrials,56.0,Industrials Services,56.0,Industrials Group,56.0,Industrials Industry,56.0,Industrials Activity,56.0,1997.0
SYN0543.X,SY0000000543,Synthetic Firm 0543,United Kingdom,United Kingdom,Real Estate,55.0,Real Estate Services,55.0,Real Estate Group,55.0,Real Estate Industry,55.0,Real Estate Activity,55.0,0.0
SYN0544.X,SY0000000544,Synthetic Firm 0544,Italy,Italy,Industrials,56.0,Industrials Services,56.0,Industrials Group,56.0,Industrials Industry,56.0,Industrials Activity,56.0,1992.0
SYN0545.X,SY0000000545,Synthetic Firm 0545,United Kingdom,United Kingdom,Utilities,57.0,Utilities Services,57.0,Utilities Group,57.0,Utilities Industry,57.0,Utilities Activity,57.0,1984.0
SYN0546.X,SY0000000546,Synthetic Firm 0546,France,France,Consumer Cyclicals,51.0,Consumer Cyclicals Services,51.0,Consumer Cyclicals Group,51.0,Consumer Cyclicals Industry,51.0,Consumer Cyclicals Activity,51.0,2001.0
SYN0547.X,SY0000000547,Synthetic Firm 0547,United Kingdom,United Kingdom,Technology,53.0,Technology Services,53.0,Technology Group,53.0,Technology Industry,53.0,Technology Activity,53.0,1998.0
SYN0548.X,SY0000000548,Synthetic Firm 0548,United Kingdom,United Kingdom,Consumer Cyclicals,51.0,Consumer Cyclicals Services,51.0,Consumer Cyclicals Group,51.0,Consumer Cyclicals Industry,51.0,Consumer Cyclicals Activity,51.0,2000.0
SYN0549.X,SY0000000549,Synthetic Firm 0549,Sweden,Sweden,Healthcare,58.0,Healthcare Services,58.0,Healthcare Group,58.0,Healthcare Industry,58.0,Healthcare Activity,58.0,1972.0
SYN0550.X,SY0000000550,Synthetic Firm 0550,Austria,Austria,Technology,53.0,Technology Services,53.0,Technology Group,53.0,Technology Industry,53.0,Technology Activity,53.0,2008.0
SYN0551.X,SY0000000551,Synthetic Firm 0551,Germany,Germany,Healthcare,58.0,Healthcare Services,58.0,Healthcare Group,58.0,Healthcare Industry,58.0,Healthcare Activity,58.0,1945.0
SYN0552.X,SY0000000552,Synthetic Firm 0552,Germany,Germany,Industrials,56.0,Industrials Services,56.0,Industrials Group,56.0,Industrials Industry,56.0,Industrials Activity,56.0,0.0
SYN0553.X,SY0000000553,Synthetic Firm 0553,Portugal,Portugal,Industrials,56.0,Industrials Services,56.0,Industrials Group,56.0,Industrials Industry,56.0,Industrials Activity,56.0,1966.0
SYN0554.X,SY0000000554,Synthetic Firm 0554,Germany,Germany,Consumer Cyclicals,51.0,Consumer Cyclicals Services,51.0,Consumer Cyclicals Group,51.0,Consumer Cyclicals Industry,51.0,Consumer Cyclicals Activity,51.0,1961.0
SYN0555.X,SY0000000555,Synthetic Firm 0555,Spain,Spain,Healthcare,58.0,Healthcare Services,58.0,Healthcare Group,58.0,Healthcare Industry,58.0,Healthcare Activity,58.0,1952.0
SYN0556.X,SY0000000556,Synthetic Firm 0556,United Kingdom,United Kingdom,Consumer Cyclicals,51.0,Consumer Cyclicals Services,51.0,Consumer Cyclicals Group,51.0,Consumer Cyclicals Industry,51.0,Consumer Cyclicals Activity,51.0,1935.0
SYN0557.X,SY0000000557,Synthetic Firm 0557,Germany,Germany,Industrials,56.0,Industrials Services,56.0,Industrials Group,56.0,Industrials Industry,56.0,Industrials Activity,56.0,1968.0
SYN0558.X,SY0000000558,Synthetic Firm 0558,Germany,Germany,Healthcare,58.0,Healthcare Services,58.0,Healthcare Group,58.0,Healthcare Industry,58.0,Healthcare Activity,58.0,2011.0
SYN0559.X,SY0000000559,Synthetic Firm 0559,Sweden,Sweden,Healthcare,58.0,Healthcare Services,58.0,Healthcare Group,58.0,Healthcare Industry,58.0,Healthcare Activity,58.0,2010.0
SYN0560.X,SY0000000560,Synthetic Firm 0560,Germany,Germany,Energy,54.0,Energy Services,54.0,Energy Group,54.0,Energy Industry,54.0,Energy Activity,54.0,0.0
SYN0561.X,SY0000000561,Synthetic Firm 0561,Ireland,Ireland,Consumer Cyclicals,51.0,Consumer Cyclicals Services,51.0,Consumer Cyclicals Group,51.0,Consumer Cyclicals Industry,51.0,Consumer Cyclicals Activity,51.0,2021.0
SYN0562.X,SY0000000562,Synthetic Firm 0562,Czechia,Czechia,Real Estate,55.0,Real Estate Services,55.0,Real Estate Group,55.0,Real Estate Industry,55.0,Real Estate Activity,55.0,1956.0
SYN0563.X,SY0000000563,Synthetic Firm 0563,United Kingdom,United Kingdom,Industrials,56.0,Industrials Services,56.0,Industrials Group,56.0,Industrials Industry,56.0,Industrials Activity,56.0,2023.0
SYN0564.X,SY0000000564,Synthetic Firm 0564,Spain,Spain,Financials,50.0,Financials Services,50.0,Financials Group,50.0,Financials Industry,50.0,Financials Activity,50.0,1962.0
SYN0565.X,SY0000000565,Synthetic Firm 0565,United Kingdom,United Kingdom,Consumer Cyclicals,51.0,Consumer Cyclicals Services,51.0,Consumer Cyclicals Group,51.0,Consumer Cyclicals Industry,51.0,Consumer Cyclicals Activity,51.0,1961.0
SYN0566.X,SY0000000566,Synthetic Firm 0566,Switzerland,Switzerland,Financials,50.0,Financials Services,50.0,Financials Group,50.0,Financials Industry,50.0,Financials Activity,50.0,1942.0
SYN0567.X,SY0000000567,Synthetic Firm 0567,Luxembourg,Luxembourg,Industrials,56.0,Industrials Services,56.0,Industrials Group,56.0,Industrials Industry,56.0,Industrials Activity,56.0,2001.0
SYN0568.X,SY0000000568,Synthetic Firm 0568,Germany,Germany,Industrials,56.0,Industrials Services,56.0,Industrials Group,56.0,Industrials Industry,56.0,Industrials Activity,56.0,1985.0
SYN0569.X,SY0000000569,Synthetic Firm 0569,Sweden,Sweden,Financials,50.0,Financials Services,50.0,Financials Group,50.0,Financials Industry,50.0,Financials Activity,50.0,1992.0
SYN0570.X,SY0000000570,Synthetic Firm 0570,Romania,Romania,Basic Materials,59.0,Basic Materials Services,59.0,Basic Materials Group,59.0,Basic Materials Industry,59.0,Basic Materials Activity,59.0,1983.0
SYN0571.X,SY0000000571,Synthetic Firm 0571,United Kingdom,United Kingdom,Technology,53.0,Technology Services,53.0,Technology Group,53.0,Technology Industry,53.0,Technology Activity,53.0,2010.0
SYN0572.X,SY0000000572,Synthetic Firm 0572,United Kingdom,United Kingdom,Industrials,56.0,Industrials Services,56.0,Industrials Group,56.0,Industrials Industry,56.0,Industrials Activity,56.0,0.0
SYN0573.X,SY0000000573,Synthetic Firm 0573,Portugal,Portugal,Financials,50.0,Financials Services,50.0,Financials Group,50.0,Financials Industry,50.0,Financials Activity,50.0,1989.0
SYN0574.X,SY0000000574,Synthetic Firm 0574,Czechia,Czechia,Industrials,56.0,Industrials Services,56.0,Industrials Group,56.0,Industrials Industry,56.0,Industrials Activity,56.0,1988.0
SYN0575.X,SY0000000575,Synthetic Firm 0575,United Kingdom,United Kingdom,Energy,54.0,Energy Services,54.0,Energy Group,54.0,Energy Industry,54.0,Energy Activity,54.0,2009.0
SYN0576.X,SY0000000576,Synthetic Firm 0576,Czechia,Czechia,Industrials,56.0,Industrials Services,56.0,Industrials Group,56.0,Industrials Industry,56.0,Industrials Activity,56.0,1957.0
SYN0577.X,SY0000000577,Synthetic Firm 0577,Finland,Finland,Financials,50.0,Financials Services,50.0,Financials Group,50.0,Financials Industry,50.0,Financials Activity,50.0,1973.0
SYN0578.X,SY0000000578,Synthetic Firm 0578,Sweden,Sweden,Technology,53.0,Technology Services,53.0,Technology Group,53.0,Technology Industry,53.0,Technology Activity,53.0,1961.0
SYN0579.X,SY0000000579,Synthetic Firm 0579,United Kingdom,United Kingdom,Financials,50.0,Financials Services,50.0,Financials Group,50.0,Financials Industry,50.0,Financials Activity,50.0,1993.0
SYN0580.X,SY0000000580,Synthetic Firm 0580,Norway,Norway,Financials,50.0,Financials Services,50.0,Financials Group,50.0,Financials Industry,50.0,Financials Activity,50.0,2000.0
SYN0581.X,SY0000000581,Synthetic Firm 0581,Denmark,Denmark,Technology,53.0,Technology Services,53.0,Technology Group,53.0,Technology Industry,53.0,Technology Activity,53.0,1938.0
SYN0582.X,SY0000000582,Synthetic Firm 0582,United Kingdom,United Kingdom,Technology,53.0,Technology Services,53.0,Technology Group,53.0,Technology Industry,53.0,Technology Activity,53.0,1918.0
SYN0583.X,SY0000000583,Synthetic Firm 0583,United Kingdom,United Kingdom,Technology,53.0,Technology Services,53.0,Technology Group,53.0,Technology Industry,53.0,Technology Activity,53.0,0.0
SYN0584.X,SY0000000584,Synthetic Firm 0584,United Kingdom,United Kingdom,Financials,50.0,Financials Services,50.0,Financials Group,50.0,Financials Industry,50.0,Financials Activity,50.0,1971.0
SYN0585.X,SY0000000585,Synthetic Firm 0585,Sweden,Sweden,Healthcare,58.0,Healthcare Services,58.0,Healthcare Group,58.0,Healthcare Industry,58.0,Healthcare Activity,58.0,1996.0
SYN0586.X,SY0000000586,Synthetic Firm 0586,Greece,Greece,Financials,50.0,Financials Services,50.0,Financials Group,50.0,Financials Industry,50.0,Financials Activity,50.0,2003.0
SYN0587.X,SY0000000587,Synthetic Firm 0587,Israel,Israel,Industrials,56.0,Industrials Services,56.0,Industrials Group,56.0,Industrials Industry,56.0,Industrials Activity,56.0,1969.0
SYN0588.X,SY0000000588,Synthetic Firm 0588,Czechia,Czechia,Industrials,56.0,Industrials Services,56.0,Industrials Group,56.0,Industrials Industry,56.0,Industrials Activity,56.0,2003.0
SYN0589.X,SY0000000589,Synthetic Firm 0589,United Kingdom,United Kingdom,Financials,50.0,Financials Services,50.0,Financials Group,50.0,Financials Industry,50.0,Financials Activity,50.0,2007.0
SYN0590.X,SY0000000590,Synthetic Firm 0590,Finland,Finland,Real Estate,55.0,Real Estate Services,55.0,Real Estate Group,55.0,Real Estate Industry,55.0,Real Estate Activity,55.0,1957.0
SYN0591.X,SY0000000591,Synthetic Firm 0591,Sweden,Sweden,Consumer Non-Cyclicals,52.0,Consumer Non-Cyclicals Services,52.0,Consumer Non-Cyclicals Group,52.0,Consumer Non-Cyclicals Industry,52.0,Consumer Non-Cyclicals Activity,52.0,2011.0
SYN0592.X,SY0000000592,Synthetic Firm 0592,Sweden,Sweden,Technology,53.0,Technology Services,53.0,Technology Group,53.0,Technology Industry,53.0,Technology Activity,53.0,2021.0
SYN0593.X,SY0000000593,Synthetic Firm 0593,Germany,Germany,Healthcare,58.0,Healthcare Services,58.0,Healthcare Group,58.0,Healthcare Industry,58.0,Healthcare Activity,58.0,2025.0
SYN0594.X,SY0000000594,Synthetic Firm 0594,Sweden,Sweden,Industrials,56.0,Industrials Services,56.0,Industrials Group,56.0,Industrials Industry,56.0,Industrials Activity,56.0,2022.0
SYN0595.X,SY0000000595,Synthetic Firm 0595,Germany,Germany,Financials,50.0,Financials Services,50.0,Financials Group,50.0,Financials Industry,50.0,Financials Activity,50.0,1926.0
SYN0596.X,SY0000000596,Synthetic Firm 0596,France,France,Financials,50.0,Financials Services,50.0,Financials Group,50.0,Financials Industry,50.0,Financials Activity,50.0,1985.0
SYN0597.X,SY0000000597,Synthetic Firm 0597,Switzerland,Switzerland,Energy,54.0,Energy Services,54.0,Energy Group,54.0,Energy Industry,54.0,Energy Activity,54.0,1953.0
SYN0598.X,SY0000000598,Synthetic Firm 0598,Switzerland,Switzerland,Consumer Cyclicals,51.0,Consumer Cyclicals Services,51.0,Consumer Cyclicals Group,51.0,Consumer Cyclicals Industry,51.0,Consumer Cyclicals Activity,51.0,1983.0
SYN0599.X,SY0000000599,Synthetic Firm 0599,United Kingdom,United Kingdom,Financials,50.0,Financials Services,50.0,Financials Group,50.0,Financials Industry,50.0,Financials Activity,50.0,1946.0
SYN0600.X,SY0000000600,Synthetic Firm 0600,Belgium,Belgium,Financials,50.0,Financials Services,50.0,Financials Group,50.0,Financials Industry,50.0,Financials Activity,50.0,2024.0
SYN0601.X,SY0000000601,Synthetic Firm 0601,Iceland,Iceland,Technology,53.0,Technology Services,53.0,Technology Group,53.0,Technology Industry,53.0,Technology Activity,53.0,2017.0
SYN0602.X,SY0000000602,Synthetic Firm 0602,Norway,Norway,Financials,50.0,Financials Services,50.0,Financials Group,50.0,Financials Industry,50.0,Financials Activity,50.0,1922.0
SYN0603.X,SY0000000603,Synthetic Firm 0603,Switzerland,Switzerland,Utilities,57.0,Utilities Services,57.0,Utilities Group,57.0,Utilities Industry,57.0,Utilities Activity,57.0,1987.0
SYN0604.X,SY0000000604,Synthetic Firm 0604,Greece,Greece,Utilities,57.0,Utilities Services,57.0,Utilities Group,57.0,Utilities Industry,57.0,Utilities Activity,57.0,1995.0
SYN0605.X,SY0000000605,Synthetic Firm 0605,United Kingdom,United Kingdom,Technology,53.0,Technology Services,53.0,Technology Group,53.0,Technology Industry,53.0,Technology Activity,53.0,1972.0
SYN0606.X,SY0000000606,Synthetic Firm 0606,United Kingdom,United Kingdom,Basic Materials,59.0,Basic Materials Services,59.0,Basic Materials Group,59.0,Basic Materials Industry,59.0,Basic Materials Activity,59.0,2004.0
SYN0607.X,SY0000000607,Synthetic Firm 0607,United Kingdom,United Kingdom,Technology,53.0,Technology Services,53.0,Technology Group,53.0,Technology Industry,53.0,Technology Activity,53.0,1970.0
SYN0608.X,SY0000000608,Synthetic Firm 0608,Germany,Germany,Technology,53.0,Technology Services,53.0,Technology Group,53.0,Technology Industry,53.0,Technology Activity,53.0,1951.0
SYN0609.X,SY0000000609,Synthetic Firm 0609,Sweden,Sweden,Industrials,56.0,Industrials Services,56.0,Industrials Group,56.0,Industrials Industry,56.0,Industrials Activity,56.0,2002.0
SYN0610.X,SY0000000610,Synthetic Firm 0610,United Kingdom,United Kingdom,Industrials,56.0,Industrials Services,56.0,Industrials Group,56.0,Industrials Industry,56.0,Industrials Activity,56.0,2006.0
SYN0611.X,SY0000000611,Synthetic Firm 0611,Sweden,Sweden,Technology,53.0,Technology Services,53.0,Technology Group,53.0,Technology Industry,53.0,Technology Activity,53.0,1998.0
SYN0612.X,SY0000000612,Synthetic Firm 0612,Russia,Russia,Real Estate,55.0,Real Estate Services,55.0,Real Estate Group,55.0,Real Estate Industry,55.0,Real Estate Activity,55.0,2025.0
SYN0613.X,SY0000000613,Synthetic Firm 0613,Portugal,Portugal,Technology,53.0,Technology Services,53.0,Technology Group,53.0,Technology Industry,53.0,Technology Activity,53.0,1994.0
SYN0614.X,SY0000000614,Synthetic Firm 0614,Finland,Finland,Technology,53.0,Technology Services,53.0,Technology Group,53.0,Technology Industry,53.0,Technology Activity,53.0,1988.0
SYN0615.X,SY0000000615,Synthetic Firm 0615,France,France,Consumer Non-Cyclicals,52.0,Consumer Non-Cyclicals Services,52.0,Consumer Non-Cyclicals Group,52.0,Consumer Non-Cyclicals Industry,52.0,Consumer Non-Cyclicals Activity,52.0,1995.0
SYN0616.X,SY0000000616,Synthetic Firm 0616,Portugal,Portugal,Technology,53.0,Technology Services,53.0,Technology Group,53.0,Technology Industry,53.0,Technology Activity,53.0,0.0
SYN0617.X,SY0000000617,Synthetic Firm 0617,France,France,Consumer Cyclicals,51.0,Consumer Cyclicals Services,51.0,Consumer Cyclicals Group,51.0,Consumer Cyclicals Industry,51.0,Consumer Cyclicals Activity,51.0,1985.0
SYN0618.X,SY0000000618,Synthetic Firm 0618,United Kingdom,United Kingdom,Financials,50.0,Financials Services,50.0,Financials Group,50.0,Financials Industry,50.0,Financials Activity,50.0,2015.0
SYN0619.X,SY0000000619,Synthetic Firm 0619,Spain,Spain,Financials,50.0,Financials Services,50.0,Financials Group,50.0,Financials Industry,50.0,Financials Activity,50.0,1974.0
SYN0620.X,SY0000000620,Synthetic Firm 0620,Portugal,Portugal,Real Estate,55.0,Real Estate Services,55.0,Real Estate Group,55.0,Real Estate Industry,55.0,Real Estate Activity,55.0,1999.0
SYN0621.X,SY0000000621,Synthetic Firm 0621,Germany,Germany,Utilities,57.0,Utilities Services,57.0,Utilities Group,57.0,Utilities Industry,57.0,Utilities Activity,57.0,1950.0
SYN0622.X,SY0000000622,Synthetic Firm 0622,Spain,Spain,Basic Materials,59.0,Basic Materials Services,59.0,Basic Materials Group,59.0,Basic Materials Industry,59.0,Basic Materials Activity,59.0,1904.0
SYN0623.X,SY0000000623,Synthetic Firm 0623,United Kingdom,United Kingdom,Real Estate,55.0,Real Estate Services,55.0,Real Estate Group,55.0,Real Estate Industry,55.0,Real Estate Activity,55.0,2006.0
SYN0624.X,SY0000000624,Synthetic Firm 0624,Poland,Poland,Healthcare,58.0,Healthcare Services,58.0,Healthcare Group,58.0,Healthcare Industry,58.0,Healthcare Activity,58.0,1961.0
SYN0625.X,SY0000000625,Synthetic Firm 0625,Sweden,Sweden,Financials,50.0,Financials Services,50.0,Financials Group,50.0,Financials Industry,50.0,Financials Activity,50.0,1993.0
SYN0626.X,SY0000000626,Synthetic Firm 0626,Germany,Germany,Financials,50.0,Financials Services,50.0,Financials Group,50.0,Financials Industry,50.0,Financials Activity,50.0,2006.0
SYN0627.X,SY0000000627,Synthetic Firm 0627,United Kingdom,United Kingdom,Utilities,57.0,Utilities Services,57.0,Utilities Group,57.0,Utilities Industry,57.0,Utilities Activity,57.0,1963.0
SYN0628.X,SY0000000628,Synthetic Firm 0628,Finland,Finland,Financials,50.0,Financials Services,50.0,Financials Group,50.0,Financials Industry,50.0,Financials Activity,50.0,0.0
SYN0629.X,SY0000000629,Synthetic Firm 0629,Denmark,Denmark,Consumer Cyclicals,51.0,Consumer Cyclicals Services,51.0,Consumer Cyclicals Group,51.0,Consumer Cyclicals Industry,51.0,Consumer Cyclicals Activity,51.0,2015.0
SYN0630.X,SY0000000630,Synthetic Firm 0630,United Kingdom,United Kingdom,Healthcare,58.0,Healthcare Services,58.0,Healthcare Group,58.0,Healthcare Industry,58.0,Healthcare Activity,58.0,1971.0
SYN0631.X,SY0000000631,Synthetic Firm 0631,Denmark,Denmark,Consumer Cyclicals,51.0,Consumer Cyclicals Services,51.0,Consumer Cyclicals Group,51.0,Consumer Cyclicals Industry,51.0,Consumer Cyclicals Activity,51.0,1957.0
SYN0632.X,SY0000000632,Synthetic Firm 0632,United Kingdom,United Kingdom,Technology,53.0,Technology Services,53.0,Technology Group,53.0,Technology Industry,53.0,Technology Activity,53.0,1998.0
SYN0633.X,SY0000000633,Synthetic Firm 0633,United Kingdom,United Kingdom,Industrials,56.0,Industrials Services,56.0,Industrials Group,56.0,Industrials Industry,56.0,Industrials Activity,56.0,1983.0
SYN0634.X,SY0000000634,Synthetic Firm 0634,Netherlands,Netherlands,Technology,53.0,Technology Services,53.0,Technology Group,53.0,Technology Industry,53.0,Technology Activity,53.0,1948.0
SYN0635.X,SY0000000635,Synthetic Firm 0635,Sweden,Sweden,Technology,53.0,Technology Services,53.0,Technology Group,53.0,Technology Industry,53.0,Technology Activity,53.0,1946.0
SYN0636.X,SY0000000636,Synthetic Firm 0636,Switzerland,Switzerland,Technology,53.0,Technology Services,53.0,Technology Group,53.0,Technology Industry,53.0,Technology Activity,53.0,1988.0
SYN0637.X,SY0000000637,Synthetic Firm 0637,Germany,Germany,Healthcare,58.0,Healthcare Services,58.0,Healthcare Group,58.0,Healthcare Industry,58.0,Healthcare Activity,58.0,1959.0
SYN0638.X,SY0000000638,Synthetic Firm 0638,Russia,Russia,Basic Materials,59.0,Basic Materials Services,59.0,Basic Materials Group,59.0,Basic Materials Industry,59.0,Basic Materials Activity,59.0,1940.0
SYN0639.X,SY0000000639,Synthetic Firm 0639,Turkey,Turkey,Real Estate,55.0,Real Estate Services,55.0,Real Estate Group,55.0,Real Estate Industry,55.0,Real Estate Activity,55.0,1946.0
SYN0640.X,SY0000000640,Synthetic Firm 0640,Czechia,Czechia,Consumer Non-Cyclicals,52.0,Consumer Non-Cyclicals Services,52.0,Consumer Non-Cyclicals Group,52.0,Consumer Non-Cyclicals Industry,52.0,Consumer Non-Cyclicals Activity,52.0,2015.0
SYN0641.X,SY0000000641,Synthetic Firm 0641,Germany,Germany,Consumer Non-Cyclicals,52.0,Consumer Non-Cyclicals Services,52.0,Consumer Non-Cyclicals Group,52.0,Consumer Non-Cyclicals Industry,52.0,Consumer Non-Cyclicals Activity,52.0,1973.0
SYN0642.X,SY0000000642,Synthetic Firm 0642,Poland,Poland,Real Estate,55.0,Real Estate Services,55.0,Real Estate Group,55.0,Real Estate Industry,55.0,Real Estate Activity,55.0,1960.0
SYN0643.X,SY0000000643,Synthetic Firm 0643,Sweden,Sweden,Consumer Non-Cyclicals,52.0,Consumer Non-Cyclicals Services,52.0,Consumer Non-Cyclicals Group,52.0,Consumer Non-Cyclicals Industry,52.0,Consumer Non-Cyclicals Activity,52.0,1961.0
SYN0644.X,SY0000000644,Synthetic Firm 0644,Germany,Germany,Healthcare,58.0,Healthcare Services,58.0,Healthcare Group,58.0,Healthcare Industry,58.0,Healthcare Activity,58.0,2013.0
SYN0645.X,SY0000000645,Synthetic Firm 0645,Germany,Germany,Technology,53.0,Technology Services,53.0,Technology Group,53.0,Technology Industry,53.0,Technology Activity,53.0,2014.0
SYN0646.X,SY0000000646,Synthetic Firm 0646,Sweden,Sweden,Healthcare,58.0,Healthcare Services,58.0,Healthcare Group,58.0,Healthcare Industry,58.0,Healthcare Activity,58.0,1967.0
SYN0647.X,SY0000000647,Synthetic Firm 0647,Switzerland,Switzerland,Industrials,56.0,Industrials Services,56.0,Industrials Group,56.0,Industrials Industry,56.0,Industrials Activity,56.0,2003.0
SYN0648.X,SY0000000648,Synthetic Firm 0648,United Kingdom,United Kingdom,Energy,54.0,Energy Services,54.0,Energy Group,54.0,Energy Industry,54.0,Energy Activity,54.0,1973.0
SYN0649.X,SY0000000649,Synthetic Firm 0649,Canada,Canada,Healthcare,58.0,Healthcare Services,58.0,Healthcare Group,58.0,Healthcare Industry,58.0,Healthcare Activity,58.0,1973.0
SYN0650.X,SY0000000650,Synthetic Firm 0650,United Kingdom,United Kingdom,Utilities,57.0,Utilities Services,57.0,Utilities Group,57.0,Utilities Industry,57.0,Utilities Activity,57.0,2015.0
SYN0651.X,SY0000000651,Synthetic Firm 0651,United Kingdom,United Kingdom,Healthcare,58.0,Healthcare Services,58.0,Healthcare Group,58.0,Healthcare Industry,58.0,Healthcare Activity,58.0,1967.0
SYN0652.X,SY0000000652,Synthetic Firm 0652,Sweden,Sweden,Basic Materials,59.0,Basic Materials Services,59.0,Basic Materials Group,59.0,Basic Materials Industry,59.0,Basic Materials Activity,59.0,1953.0
SYN0653.X,SY0000000653,Synthetic Firm 0653,Finland,Finland,Energy,54.0,Energy Services,54.0,Energy Group,54.0,Energy Industry,54.0,Energy Activity,54.0,1924.0
SYN0654.X,SY0000000654,Synthetic Firm 0654,United Kingdom,United Kingdom,Industrials,56.0,Industrials Services,56.0,Industrials Group,56.0,Industrials Industry,56.0,Industrials Activity,56.0,1976.0
SYN0655.X,SY0000000655,Synthetic Firm 0655,France,France,Consumer Cyclicals,51.0,Consumer Cyclicals Services,51.0,Consumer Cyclicals Group,51.0,Consumer Cyclicals Industry,51.0,Consumer Cyclicals Activity,51.0,0.0
SYN0656.X,SY0000000656,Synthetic Firm 0656,Switzerland,Switzerland,Financials,50.0,Financials Services,50.0,Financials Group,50.0,Financials Industry,50.0,Financials Activity,50.0,1992.0
SYN0657.X,SY0000000657,Synthetic Firm 0657,Israel,Israel,Basic Materials,59.0,Basic Materials Services,59.0,Basic Materials Group,59.0,Basic Materials Industry,59.0,Basic Materials Activity,59.0,1965.0
SYN0658.X,SY0000000658,Synthetic Firm 0658,Malta,Malta,Industrials,56.0,Industrials Services,56.0,Industrials Group,56.0,Industrials Industry,56.0,Industrials Activity,56.0,1986.0
SYN0659.X,SY0000000659,Synthetic Firm 0659,Spain,Spain,Technology,53.0,Technology Services,53.0,Technology Group,53.0,Technology Industry,53.0,Technology Activity,53.0,1988.0
SYN0660.X,SY0000000660,Synthetic Firm 0660,Spain,Spain,Consumer Cyclicals,51.0,Consumer Cyclicals Services,51.0,Consumer Cyclicals Group,51.0,Consumer Cyclicals Industry,51.0,Consumer Cyclicals Activity,51.0,2010.0
SYN0661.X,SY0000000661,Synthetic Firm 0661,Sweden,Sweden,Basic Materials,59.0,Basic Materials Services,59.0,Basic Materials Group,59.0,Basic Materials Industry,59.0,Basic Materials Activity,59.0,2011.0
SYN0662.X,SY0000000662,Synthetic Firm 0662,Switzerland,Switzerland,Healthcare,58.0,Healthcare Services,58.0,Healthcare Group,58.0,Healthcare Industry,58.0,Healthcare Activity,58.0,2006.0
SYN0663.X,SY0000000663,Synthetic Firm 0663,France,France,Industrials,56.0,Industrials Services,56.0,Industrials Group,56.0,Industrials Industry,56.0,Industrials Activity,56.0,1961.0
SYN0664.X,SY0000000664,Synthetic Firm 0664,United Kingdom,United Kingdom,Technology,53.0,Technology Services,53.0,Technology Group,53.0,Technology Industry,53.0,Technology Activity,53.0,2011.0
SYN0665.X,SY0000000665,Synthetic Firm 0665,Romania,Romania,Financials,50.0,Financials Services,50.0,Financials Group,50.0,Financials Industry,50.0,Financials Activity,50.0,1971.0
SYN0666.X,SY0000000666,Synthetic Firm 0666,Czechia,Czechia,Financials,50.0,Financials Services,50.0,Financials Group,50.0,Financials Industry,50.0,Financials Activity,50.0,2015.0
SYN0667.X,SY0000000667,Synthetic Firm 0667,United Kingdom,United Kingdom,Technology,53.0,Technology Services,53.0,Technology Group,53.0,Technology Industry,53.0,Technology Activity,53.0,1939.0
SYN0668.X,SY0000000668,Synthetic Firm 0668,Portugal,Portugal,Industrials,56.0,Industrials Services,56.0,Industrials Group,56.0,Industrials Industry,56.0,Industrials Activity,56.0,1944.0
SYN0669.X,SY0000000669,Synthetic Firm 0669,Switzerland,Switzerland,Industrials,56.0,Industrials Services,56.0,Industrials Group,56.0,Industrials Industry,56.0,Industrials Activity,56.0,1994.0
SYN0670.X,SY0000000670,Synthetic Firm 0670,United Kingdom,United Kingdom,Technology,53.0,Technology Services,53.0,Technology Group,53.0,Technology Industry,53.0,Technology Activity,53.0,2019.0
SYN0671.X,SY0000000671,Synthetic Firm 0671,Portugal,Portugal,Financials,50.0,Financials Services,50.0,Financials Group,50.0,Financials Industry,50.0,Financials Activity,50.0,2011.0
SYN0672.X,SY0000000672,Synthetic Firm 0672,Germany,Germany,Basic Materials,59.0,Basic Materials Services,59.0,Basic Materials Group,59.0,Basic Materials Industry,59.0,Basic Materials Activity,59.0,1967.0
SYN0673.X,SY0000000673,Synthetic Firm 0673,Denmark,Denmark,Consumer Cyclicals,51.0,Consumer Cyclicals Services,51.0,Consumer Cyclicals Group,51.0,Consumer Cyclicals Industry,51.0,Consumer Cyclicals Activity,51.0,1946.0
SYN0674.X,SY0000000674,Synthetic Firm 0674,United Kingdom,United Kingdom,Financials,50.0,Financials Services,50.0,Financials Group,50.0,Financials Industry,50.0,Financials Activity,50.0,1967.0
SYN0675.X,SY0000000675,Synthetic Firm 0675,United Kingdom,United Kingdom,Technology,53.0,Technology Services,53.0,Technology Group,53.0,Technology Industry,53.0,Technology Activity,53.0,1996.0
SYN0676.X,SY0000000676,Synthetic Firm 0676,Denmark,Denmark,Healthcare,58.0,Healthcare Services,58.0,Healthcare Group,58.0,Healthcare Industry,58.0,Healthcare Activity,58.0,0.0
SYN0677.X,SY0000000677,Synthetic Firm 0677,Germany,Germany,Financials,50.0,Financials Services,50.0,Financials Group,50.0,Financials Industry,50.0,Financials Activity,50.0,2007.0
SYN0678.X,SY0000000678,Synthetic Firm 0678,Poland,Poland,Energy,54.0,Energy Services,54.0,Energy Group,54.0,Energy Industry,54.0,Energy Activity,54.0,1936.0
SYN0679.X,SY0000000679,Synthetic Firm 0679,Austria,Austria,Energy,54.0,Energy Services,54.0,Energy Group,54.0,Energy Industry,54.0,Energy Activity,54.0,1940.0
SYN0680.X,SY0000000680,Synthetic Firm 0680,Poland,Poland,Industrials,56.0,Industrials Services,56.0,Industrials Group,56.0,Industrials Industry,56.0,Industrials Activity,56.0,2018.0
SYN0681.X,SY0000000681,Synthetic Firm 0681,Israel,Israel,Consumer Cyclicals,51.0,Consumer Cyclicals Services,51.0,Consumer Cyclicals Group,51.0,Consumer Cyclicals Industry,51.0,Consumer Cyclicals Activity,51.0,1961.0
SYN0682.X,SY0000000682,Synthetic Firm 0682,Greece,Greece,Industrials,56.0,Industrials Services,56.0,Industrials Group,56.0,Industrials Industry,56.0,Industrials Activity,56.0,1939.0
SYN0683.X,SY0000000683,Synthetic Firm 0683,Italy,Italy,Technology,53.0,Technology Services,53.0,Technology Group,53.0,Technology Industry,53.0,Technology Activity,53.0,1972.0
SYN0684.X,SY0000000684,Synthetic Firm 0684,Russia,Russia,Financials,50.0,Financials Services,50.0,Financials Group,50.0,Financials Industry,50.0,Financials Activity,50.0,1981.0
SYN0685.X,SY0000000685,Synthetic Firm 0685,Spain,Spain,Utilities,57.0,Utilities Services,57.0,Utilities Group,57.0,Utilities Industry,57.0,Utilities Activity,57.0,1995.0
SYN0686.X,SY0000000686,Synthetic Firm 0686,Czechia,Czechia,Basic Materials,59.0,Basic Materials Services,59.0,Basic Materials Group,59.0,Basic Materials Industry,59.0,Basic Materials Activity,59.0,2021.0
SYN0687.X,SY0000000687,Synthetic Firm 0687,Ireland,Ireland,Basic Materials,59.0,Basic Materials Services,59.0,Basic Materials Group,59.0,Basic Materials Industry,59.0,Basic Materials Activity,59.0,1964.0
SYN0688.X,SY0000000688,Synthetic Firm 0688,Sweden,Sweden,Financials,50.0,Financials Services,50.0,Financials Group,50.0,Financials Industry,50.0,Financials Activity,50.0,2015.0
SYN0689.X,SY0000000689,Synthetic Firm 0689,Luxembourg,Luxembourg,Consumer Cyclicals,51.0,Consumer Cyclicals Services,51.0,Consumer Cyclicals Group,51.0,Consumer Cyclicals Industry,51.0,Consumer Cyclicals Activity,51.0,2008.0
SYN0690.X,SY0000000690,Synthetic Firm 0690,Russia,Russia,Financials,50.0,Financials Services,50.0,Financials Group,50.0,Financials Industry,50.0,Financials Activity,50.0,1959.0
SYN0691.X,SY0000000691,Synthetic Firm 0691,Sweden,Sweden,Industrials,56.0,Industrials Services,56.0,Industrials Group,56.0,Industrials Industry,56.0,Industrials Activity,56.0,1986.0
SYN0692.X,SY0000000692,Synthetic Firm 0692,Estonia,Estonia,Technology,53.0,Technology Services,53.0,Technology Group,53.0,Technology Industry,53.0,Technology Activity,53.0,1987.0
SYN0693.X,SY0000000693,Synthetic Firm 0693,Poland,Poland,Financials,50.0,Financials Services,50.0,Financials Group,50.0,Financials Industry,50.0,Financials Activity,50.0,2018.0
SYN0694.X,SY0000000694,Synthetic Firm 0694,Netherlands,Netherlands,Healthcare,58.0,Healthcare Services,58.0,Healthcare Group,58.0,Healthcare Industry,58.0,Healthcare Activity,58.0,2001.0
SYN0695.X,SY0000000695,Synthetic Firm 0695,United Kingdom,United Kingdom,Technology,53.0,Technology Services,53.0,Technology Group,53.0,Technology Industry,53.0,Technology Activity,53.0,1975.0
SYN0696.X,SY0000000696,Synthetic Firm 0696,United Kingdom,United Kingdom,Financials,50.0,Financials Services,50.0,Financials Group,50.0,Financials Industry,50.0,Financials Activity,50.0,2016.0
SYN0697.X,SY0000000697,Synthetic Firm 0697,United Kingdom,United Kingdom,Consumer Cyclicals,51.0,Consumer Cyclicals Services,51.0,Consumer Cyclicals Group,51.0,Consumer Cyclicals Industry,51.0,Consumer Cyclicals Activity,51.0,2011.0
SYN0698.X,SY0000000698,Synthetic Firm 0698,United Kingdom,United Kingdom,Industrials,56.0,Industrials Services,56.0,Industrials Group,56.0,Industrials Industry,56.0,Industrials Activity,56.0,1976.0
SYN0699.X,SY0000000699,Synthetic Firm 0699,Ireland,Ireland,Consumer Non-Cyclicals,52.0,Consumer Non-Cyclicals Services,52.0,Consumer Non-Cyclicals Group,52.0,Consumer Non-Cyclicals Industry,52.0,Consumer Non-Cyclicals Activity,52.0,1991.0
SYN0700.X,SY0000000700,Synthetic Firm 0700,United Kingdom,United Kingdom,Consumer Cyclicals,51.0,Consumer Cyclicals Services,51.0,Consumer Cyclicals Group,51.0,Consumer Cyclicals Industry,51.0,Consumer Cyclicals Activity,51.0,2015.0
SYN0701.X,SY0000000701,Synthetic Firm 0701,Germany,Germany,Healthcare,58.0,Healthcare Services,58.0,Healthcare Group,58.0,Healthcare Industry,58.0,Healthcare Activity,58.0,2004.0
SYN0702.X,SY0000000702,Synthetic Firm 0702,Portugal,Portugal,Consumer Non-Cyclicals,52.0,Consumer Non-Cyclicals Services,52.0,Consumer Non-Cyclicals Group,52.0,Consumer Non-Cyclicals Industry,52.0,Consumer Non-Cyclicals Activity,52.0,2008.0
SYN0703.X,SY0000000703,Synthetic Firm 0703,Portugal,Portugal,Consumer Cyclicals,51.0,Consumer Cyclicals Services,51.0,Consumer Cyclicals Group,51.0,Consumer Cyclicals Industry,51.0,Consumer Cyclicals Activity,51.0,1964.0
SYN0704.X,SY0000000704,Synthetic Firm 0704,Norway,Norway,Industrials,56.0,Industrials Services,56.0,Industrials Group,56.0,Industrials Industry,56.0,Industrials Activity,56.0,1922.0
SYN0705.X,SY0000000705,Synthetic Firm 0705,Czechia,Czechia,Industrials,56.0,Industrials Services,56.0,Industrials Group,56.0,Industrials Industry,56.0,Industrials Activity,56.0,1993.0
SYN0706.X,SY0000000706,Synthetic Firm 0706,Greece,Greece,Real Estate,55.0,Real Estate Services,55.0,Real Estate Group,55.0,Real Estate Industry,55.0,Real Estate Activity,55.0,0.0
SYN0707.X,SY0000000707,Synthetic Firm 0707,United Kingdom,United Kingdom,Consumer Cyclicals,51.0,Consumer Cyclicals Services,51.0,Consumer Cyclicals Group,51.0,Consumer Cyclicals Industry,51.0,Consumer Cyclicals Activity,51.0,1994.0
SYN0708.X,SY0000000708,Synthetic Firm 0708,Iceland,Iceland,Financials,50.0,Financials Services,50.0,Financials Group,50.0,Financials Industry,50.0,Financials Activity,50.0,1907.0
SYN0709.X,SY0000000709,Synthetic Firm 0709,Germany,Germany,Technology,53.0,Technology Services,53.0,Technology Group,53.0,Technology Industry,53.0,Technology Activity,53.0,1999.0
SYN0710.X,SY0000000710,Synthetic Firm 0710,United Kingdom,United Kingdom,Real Estate,55.0,Real Estate Services,55.0,Real Estate Group,55.0,Real Estate Industry,55.0,Real Estate Activity,55.0,1999.0
SYN0711.X,SY0000000711,Synthetic Firm 0711,United Kingdom,United Kingdom,Financials,50.0,Financials Services,50.0,Financials Group,50.0,Financials Industry,50.0,Financials Activity,50.0,2000.0
SYN0712.X,SY0000000712,Synthetic Firm 0712,United Kingdom,United Kingdom,Technology,53.0,Technology Services,53.0,Technology Group,53.0,Technology Industry,53.0,Technology Activity,53.0,1992.0
SYN0713.X,SY0000000713,Synthetic Firm 0713,Russia,Russia,Utilities,57.0,Utilities Services,57.0,Utilities Group,57.0,Utilities Industry,57.0,Utilities Activity,57.0,1981.0
SYN0714.X,SY0000000714,Synthetic Firm 0714,United Kingdom,United Kingdom,Financials,50.0,Financials Services,50.0,Financials Group,50.0,Financials Industry,50.0,Financials Activity,50.0,2003.0
SYN0715.X,SY0000000715,Synthetic Firm 0715,United Kingdom,United Kingdom,Healthcare,58.0,Healthcare Services,58.0,Healthcare Group,58.0,Healthcare Industry,58.0,Healthcare Activity,58.0,1961.0
SYN0716.X,SY0000000716,Synthetic Firm 0716,Germany,Germany,Consumer Cyclicals,51.0,Consumer Cyclicals Services,51.0,Consumer Cyclicals Group,51.0,Consumer Cyclicals Industry,51.0,Consumer Cyclicals Activity,51.0,2023.0
SYN0717.X,SY0000000717,Synthetic Firm 0717,Switzerland,Switzerland,Consumer Non-Cyclicals,52.0,Consumer Non-Cyclicals Services,52.0,Consumer Non-Cyclicals Group,52.0,Consumer Non-Cyclicals Industry,52.0,Consumer Non-Cyclicals Activity,52.0,1924.0
SYN0718.X,SY0000000718,Synthetic Firm 0718,Denmark,Denmark,Industrials,56.0,Industrials Services,56.0,Industrials Group,56.0,Industrials Industry,56.0,Industrials Activity,56.0,1970.0
SYN0719.X,SY0000000719,Synthetic Firm 0719,United Kingdom,United Kingdom,Consumer Non-Cyclicals,52.0,Consumer Non-Cyclicals Services,52.0,Consumer Non-Cyclicals Group,52.0,Consumer Non-Cyclicals Industry,52.0,Consumer Non-Cyclicals Activity,52.0,2010.0
SYN0720.X,SY0000000720,Synthetic Firm 0720,United Kingdom,United Kingdom,Financials,50.0,Financials Services,50.0,Financials Group,50.0,Financials Industry,50.0,Financials Activity,50.0,1997.0
SYN0721.X,SY0000000721,Synthetic Firm 0721,Germany,Germany,Industrials,56.0,Industrials Services,56.0,Industrials Group,56.0,Industrials Industry,56.0,Industrials Activity,56.0,1983.0
SYN0722.X,SY0000000722,Synthetic Firm 0722,Switzerland,Switzerland,Industrials,56.0,Industrials Services,56.0,Industrials Group,56.0,Industrials Industry,56.0,Industrials Activity,56.0,1978.0
SYN0723.X,SY0000000723,Synthetic Firm 0723,United Kingdom,United Kingdom,Healthcare,58.0,Healthcare Services,58.0,Healthcare Group,58.0,Healthcare Industry,58.0,Healthcare Activity,58.0,1993.0
SYN0724.X,SY0000000724,Synthetic Firm 0724,Spain,Spain,Energy,54.0,Energy Services,54.0,Energy Group,54.0,Energy Industry,54.0,Energy Activity,54.0,2020.0
SYN0725.X,SY0000000725,Synthetic Firm 0725,Cyprus,Cyprus,Consumer Non-Cyclicals,52.0,Consumer Non-Cyclicals Services,52.0,Consumer Non-Cyclicals Group,52.0,Consumer Non-Cyclicals Industry,52.0,Consumer Non-Cyclicals Activity,52.0,1994.0
SYN0726.X,SY0000000726,Synthetic Firm 0726,Denmark,Denmark,Real Estate,55.0,Real Estate Services,55.0,Real Estate Group,55.0,Real Estate Industry,55.0,Real Estate Activity,55.0,1996.0
SYN0727.X,SY0000000727,Synthetic Firm 0727,Germany,Germany,Consumer Non-Cyclicals,52.0,Consumer Non-Cyclicals Services,52.0,Consumer Non-Cyclicals Group,52.0,Consumer Non-Cyclicals Industry,52.0,Consumer Non-Cyclicals Activity,52.0,1975.0
SYN0728.X,SY0000000728,Synthetic Firm 0728,United Kingdom,United Kingdom,Financials,50.0,Financials Services,50.0,Financials Group,50.0,Financials Industry,50.0,Financials Activity,50.0,2024.0
SYN0729.X,SY0000000729,Synthetic Firm 0729,Sweden,Sweden,Consumer Cyclicals,51.0,Consumer Cyclicals Services,51.0,Consumer Cyclicals Group,51.0,Consumer Cyclicals Industry,51.0,Consumer Cyclicals Activity,51.0,1983.0
SYN0730.X,SY0000000730,Synthetic Firm 0730,Belgium,Belgium,Financials,50.0,Financials Services,50.0,Financials Group,50.0,Financials Industry,50.0,Financials Activity,50.0,2020.0
SYN0731.X,SY0000000731,Synthetic Firm 0731,Italy,Italy,Technology,53.0,Technology Services,53.0,Technology Group,53.0,Technology Industry,53.0,Technology Activity,53.0,2008.0
SYN0732.X,SY0000000732,Synthetic Firm 0732,Luxembourg,Luxembourg,Technology,53.0,Technology Services,53.0,Technology Group,53.0,Technology Industry,53.0,Technology Activity,53.0,1926.0
SYN0733.X,SY0000000733,Synthetic Firm 0733,Italy,Italy,Financials,50.0,Financials Services,50.0,Financials Group,50.0,Financials Industry,50.0,Financials Activity,50.0,1910.0
SYN0734.X,SY0000000734,Synthetic Firm 0734,Switzerland,Switzerland,Technology,53.0,Technology Services,53.0,Technology Group,53.0,Technology Industry,53.0,Technology Activity,53.0,2011.0
SYN0735.X,SY0000000735,Synthetic Firm 0735,Spain,Spain,Consumer Cyclicals,51.0,Consumer Cyclicals Services,51.0,Consumer Cyclicals Group,51.0,Consumer Cyclicals Industry,51.0,Consumer Cyclicals Activity,51.0,1982.0
SYN0736.X,SY0000000736,Synthetic Firm 0736,Germany,Germany,Consumer Cyclicals,51.0,Consumer Cyclicals Services,51.0,Consumer Cyclicals Group,51.0,Consumer Cyclicals Industry,51.0,Consumer Cyclicals Activity,51.0,1940.0
SYN0737.X,SY0000000737,Synthetic Firm 0737,United Kingdom,United Kingdom,Financials,50.0,Financials Services,50.0,Financials Group,50.0,Financials Industry,50.0,Financials Activity,50.0,1938.0
SYN0738.X,SY0000000738,Synthetic Firm 0738,Israel,Israel,Financials,50.0,Financials Services,50.0,Financials Group,50.0,Financials Industry,50.0,Financials Activity,50.0,1998.0
SYN0739.X,SY0000000739,Synthetic Firm 0739,United Kingdom,United Kingdom,Industrials,56.0,Industrials Services,56.0,Industrials Group,56.0,Industrials Industry,56.0,Industrials Activity,56.0,1977.0
SYN0740.X,SY0000000740,Synthetic Firm 0740,United Kingdom,United Kingdom,Technology,53.0,Technology Services,53.0,Technology Group,53.0,Technology Industry,53.0,Technology Activity,53.0,0.0
SYN0741.X,SY0000000741,Synthetic Firm 0741,Hungary,Hungary,Consumer Cyclicals,51.0,Consumer Cyclicals Services,51.0,Consumer Cyclicals Group,51.0,Consumer Cyclicals Industry,51.0,Consumer Cyclicals Activity,51.0,1903.0
SYN0742.X,SY0000000742,Synthetic Firm 0742,Sweden,Sweden,Consumer Cyclicals,51.0,Consumer Cyclicals Services,51.0,Consumer Cyclicals Group,51.0,Consumer Cyclicals Industry,51.0,Consumer Cyclicals Activity,51.0,2015.0
SYN0743.X,SY0000000743,Synthetic Firm 0743,United Kingdom,United Kingdom,Financials,50.0,Financials Services,50.0,Financials Group,50.0,Financials Industry,50.0,Financials Activity,50.0,2010.0
SYN0744.X,SY0000000744,Synthetic Firm 0744,Russia,Russia,Industrials,56.0,Industrials Services,56.0,Industrials Group,56.0,Industrials Industry,56.0,Industrials Activity,56.0,1966.0
SYN0745.X,SY0000000745,Synthetic Firm 0745,Greece,Greece,Real Estate,55.0,Real Estate Services,55.0,Real Estate Group,55.0,Real Estate Industry,55.0,Real Estate Activity,55.0,1985.0
SYN0746.X,SY0000000746,Synthetic Firm 0746,Sweden,Sweden,Consumer Cyclicals,51.0,Consumer Cyclicals Services,51.0,Consumer Cyclicals Group,51.0,Consumer Cyclicals Industry,51.0,Consumer Cyclicals Activity,51.0,1989.0
SYN0747.X,SY0000000747,Synthetic Firm 0747,Germany,Germany,Financials,50.0,Financials Services,50.0,Financials Group,50.0,Financials Industry,50.0,Financials Activity,50.0,1992.0
SYN0748.X,SY0000000748,Synthetic Firm 0748,Sweden,Sweden,Basic Materials,59.0,Basic Materials Services,59.0,Basic Materials Group,59.0,Basic Materials Industry,59.0,Basic Materials Activity,59.0,1997.0
SYN0749.X,SY0000000749,Synthetic Firm 0749,United Kingdom,United Kingdom,Technology,53.0,Technology Services,53.0,Technology Group,53.0,Technology Industry,53.0,Technology Activity,53.0,1985.0
SYN0750.X,SY0000000750,Synthetic Firm 0750,France,France,Technology,53.0,Technology Services,53.0,Technology Group,53.0,Technology Industry,53.0,Technology Activity,53.0,2023.0
SYN0751.X,SY0000000751,Synthetic Firm 0751,Russia,Russia,Real Estate,55.0,Real Estate Services,55.0,Real Estate Group,55.0,Real Estate Industry,55.0,Real Estate Activity,55.0,1936.0
SYN0752.X,SY0000000752,Synthetic Firm 0752,United Kingdom,United Kingdom,Basic Materials,59.0,Basic Materials Services,59.0,Basic Materials Group,59.0,Basic Materials Industry,59.0,Basic Materials Activity,59.0,1974.0
SYN0753.X,SY0000000753,Synthetic Firm 0753,United Kingdom,United Kingdom,Financials,50.0,Financials Services,50.0,Financials Group,50.0,Financials Industry,50.0,Financials Activity,50.0,2008.0
SYN0754.X,SY0000000754,Synthetic Firm 0754,Sweden,Sweden,Consumer Non-Cyclicals,52.0,Consumer Non-Cyclicals Services,52.0,Consumer Non-Cyclicals Group,52.0,Consumer Non-Cyclicals Industry,52.0,Consumer Non-Cyclicals Activity,52.0,1954.0
SYN0755.X,SY0000000755,Synthetic Firm 0755,France,France,Technology,53.0,Technology Services,53.0,Technology Group,53.0,Technology Industry,53.0,Technology Activity,53.0,1976.0
SYN0756.X,SY0000000756,Synthetic Firm 0756,United Kingdom,United Kingdom,Technology,53.0,Technology Services,53.0,Technology Group,53.0,Technology Industry,53.0,Technology Activity,53.0,1959.0
SYN0757.X,SY0000000757,Synthetic Firm 0757,United Kingdom,United Kingdom,Industrials,56.0,Industrials Services,56.0,Industrials Group,56.0,Industrials Industry,56.0,Industrials Activity,56.0,1965.0
SYN0758.X,SY0000000758,Synthetic Firm 0758,Sweden,Sweden,Basic Materials,59.0,Basic Materials Services,59.0,Basic Materials Group,59.0,Basic Materials Industry,59.0,Basic Materials Activity,59.0,2008.0
SYN0759.X,SY0000000759,Synthetic Firm 0759,United Kingdom,United Kingdom,Consumer Non-Cyclicals,52.0,Consumer Non-Cyclicals Services,52.0,Consumer Non-Cyclicals Group,52.0,Consumer Non-Cyclicals Industry,52.0,Consumer Non-Cyclicals Activity,52.0,0.0
SYN0760.X,SY0000000760,Synthetic Firm 0760,Portugal,Portugal,Financials,50.0,Financials Services,50.0,Financials Group,50.0,Financials Industry,50.0,Financials Activity,50.0,1957.0
SYN0761.X,SY0000000761,Synthetic Firm 0761,United Kingdom,United Kingdom,Financials,50.0,Financials Services,50.0,Financials Group,50.0,Financials Industry,50.0,Financials Activity,50.0,1993.0
SYN0762.X,SY0000000762,Synthetic Firm 0762,Czechia,Czechia,Financials,50.0,Financials Services,50.0,Financials Group,50.0,Financials Industry,50.0,Financials Activity,50.0,2000.0
SYN0763.X,SY0000000763,Synthetic Firm 0763,United Kingdom,United Kingdom,Basic Materials,59.0,Basic Materials Services,59.0,Basic Materials Group,59.0,Basic Materials Industry,59.0,Basic Materials Activity,59.0,0.0
SYN0764.X,SY0000000764,Synthetic Firm 0764,Switzerland,Switzerland,Industrials,56.0,Industrials Services,56.0,Industrials Group,56.0,Industrials Industry,56.0,Industrials Activity,56.0,1971.0
SYN0765.X,SY0000000765,Synthetic Firm 0765,Austria,Austria,Technology,53.0,Technology Services,53.0,Technology Group,53.0,Technology Industry,53.0,Technology Activity,53.0,0.0
SYN0766.X,SY0000000766,Synthetic Firm 0766,Sweden,Sweden,Energy,54.0,Energy Services,54.0,Energy Group,54.0,Energy Industry,54.0,Energy Activity,54.0,2021.0
SYN0767.X,SY0000000767,Synthetic Firm 0767,Sweden,Sweden,Utilities,57.0,Utilities Services,57.0,Utilities Group,57.0,Utilities Industry,57.0,Utilities Activity,57.0,2010.0
SYN0768.X,SY0000000768,Synthetic Firm 0768,United Kingdom,United Kingdom,Industrials,56.0,Industrials Services,56.0,Industrials Group,56.0,Industrials Industry,56.0,Industrials Activity,56.0,1959.0
SYN0769.X,SY0000000769,Synthetic Firm 0769,United Kingdom,United Kingdom,Financials,50.0,Financials Services,50.0,Financials Group,50.0,Financials Industry,50.0,Financials Activity,50.0,2019.0
SYN0770.X,SY0000000770,Synthetic Firm 0770,Switzerland,Switzerland,Industrials,56.0,Industrials Services,56.0,Industrials Group,56.0,Industrials Industry,56.0,Industrials Activity,56.0,0.0
SYN0771.X,SY0000000771,Synthetic Firm 0771,Turkey,Turkey,Financials,50.0,Financials Services,50.0,Financials Group,50.0,Financials Industry,50.0,Financials Activity,50.0,1955.0
SYN0772.X,SY0000000772,Synthetic Firm 0772,Israel,Israel,Financials,50.0,Financials Services,50.0,Financials Group,50.0,Financials Industry,50.0,Financials Activity,50.0,1971.0
SYN0773.X,SY0000000773,Synthetic Firm 0773,Serbia,Serbia,Consumer Cyclicals,51.0,Consumer Cyclicals Services,51.0,Consumer Cyclicals Group,51.0,Consumer Cyclicals Industry,51.0,Consumer Cyclicals Activity,51.0,1939.0
SYN0774.X,SY0000000774,Synthetic Firm 0774,Portugal,Portugal,Financials,50.0,Financials Services,50.0,Financials Group,50.0,Financials Industry,50.0,Financials Activity,50.0,1970.0
SYN0775.X,SY0000000775,Synthetic Firm 0775,Hungary,Hungary,Technology,53.0,Technology Services,53.0,Technology Group,53.0,Technology Industry,53.0,Technology Activity,53.0,1996.0
SYN0776.X,SY0000000776,Synthetic Firm 0776,United Kingdom,United Kingdom,Consumer Cyclicals,51.0,Consumer Cyclicals Services,51.0,Consumer Cyclicals Group,51.0,Consumer Cyclicals Industry,51.0,Consumer Cyclicals Activity,51.0,2010.0
SYN0777.X,SY0000000777,Synthetic Firm 0777,Sweden,Sweden,Industrials,56.0,Industrials Services,56.0,Industrials Group,56.0,Industrials Industry,56.0,Industrials Activity,56.0,1983.0
SYN0778.X,SY0000000778,Synthetic Firm 0778,United Kingdom,United Kingdom,Consumer Cyclicals,51.0,Consumer Cyclicals Services,51.0,Consumer Cyclicals Group,51.0,Consumer Cyclicals Industry,51.0,Consumer Cyclicals Activity,51.0,2024.0
SYN0779.X,SY0000000779,Synthetic Firm 0779,United Kingdom,United Kingdom,Healthcare,58.0,Healthcare Services,58.0,Healthcare Group,58.0,Healthcare Industry,58.0,Healthcare Activity,58.0,1947.0
SYN0780.X,SY0000000780,Synthetic Firm 0780,Slovenia,Slovenia,Industrials,56.0,Industrials Services,56.0,Industrials Group,56.0,Industrials Industry,56.0,Industrials Activity,56.0,1985.0
SYN0781.X,SY0000000781,Synthetic Firm 0781,Switzerland,Switzerland,Technology,53.0,Technology Services,53.0,Technology Group,53.0,Technology Industry,53.0,Technology Activity,53.0,1970.0
SYN0782.X,SY0000000782,Synthetic Firm 0782,Sweden,Sweden,Energy,54.0,Energy Services,54.0,Energy Group,54.0,Energy Industry,54.0,Energy Activity,54.0,1966.0
SYN0783.X,SY0000000783,Synthetic Firm 0783,United Kingdom,United Kingdom,Financials,50.0,Financials Services,50.0,Financials Group,50.0,Financials Industry,50.0,Financials Activity,50.0,2023.0
SYN0784.X,SY0000000784,Synthetic Firm 0784,United Kingdom,United Kingdom,Financials,50.0,Financials Services,50.0,Financials Group,50.0,Financials Industry,50.0,Financials Activity,50.0,2001.0
SYN0785.X,SY0000000785,Synthetic Firm 0785,Sweden,Sweden,Energy,54.0,Energy Services,54.0,Energy Group,54.0,Energy Industry,54.0,Energy Activity,54.0,0.0
SYN0786.X,SY0000000786,Synthetic Firm 0786,Luxembourg,Luxembourg,Healthcare,58.0,Healthcare Services,58.0,Healthcare Group,58.0,Healthcare Industry,58.0,Healthcare Activity,58.0,1966.0
SYN0787.X,SY0000000787,Synthetic Firm 0787,United Kingdom,United Kingdom,Consumer Non-Cyclicals,52.0,Consumer Non-Cyclicals Services,52.0,Consumer Non-Cyclicals Group,52.0,Consumer Non-Cyclicals Industry,52.0,Consumer Non-Cyclicals Activity,52.0,1993.0
SYN0788.X,SY0000000788,Synthetic Firm 0788,United Kingdom,United Kingdom,Consumer Cyclicals,51.0,Consumer Cyclicals Services,51.0,Consumer Cyclicals Group,51.0,Consumer Cyclicals Industry,51.0,Consumer Cyclicals Activity,51.0,1994.0
SYN0789.X,SY0000000789,Synthetic Firm 0789,Germany,Germany,Technology,53.0,Technology Services,53.0,Technology Group,53.0,Technology Industry,53.0,Technology Activity,53.0,0.0
SYN0790.X,SY0000000790,Synthetic Firm 0790,Denmark,Denmark,Healthcare,58.0,Healthcare Services,58.0,Healthcare Group,58.0,Healthcare Industry,58.0,Healthcare Activity,58.0,1993.0
SYN0791.X,SY0000000791,Synthetic Firm 0791,United Kingdom,United Kingdom,Healthcare,58.0,Healthcare Services,58.0,Healthcare Group,58.0,Healthcare Industry,58.0,Healthcare Activity,58.0,2006.0
SYN0792.X,SY0000000792,Synthetic Firm 0792,Sweden,Sweden,Real Estate,55.0,Real Estate Services,55.0,Real Estate Group,55.0,Real Estate Industry,55.0,Real Estate Activity,55.0,1954.0
SYN0793.X,SY0000000793,Synthetic Firm 0793,Italy,Italy,Healthcare,58.0,Healthcare Services,58.0,Healthcare Group,58.0,Healthcare Industry,58.0,Healthcare Activity,58.0,1993.0
SYN0794.X,SY0000000794,Synthetic Firm 0794,Hungary,Hungary,Energy,54.0,Energy Services,54.0,Energy Group,54.0,Energy Industry,54.0,Energy Activity,54.0,1969.0
SYN0795.X,SY0000000795,Synthetic Firm 0795,Germany,Germany,Industrials,56.0,Industrials Services,56.0,Industrials Group,56.0,Industrials Industry,56.0,Industrials Activity,56.0,2013.0
SYN0796.X,SY0000000796,Synthetic Firm 0796,Sweden,Sweden,Technology,53.0,Technology Services,53.0,Technology Group,53.0,Technology Industry,53.0,Technology Activity,53.0,1956.0
SYN0797.X,SY0000000797,Synthetic Firm 0797,Switzerland,Switzerland,Basic Materials,59.0,Basic Materials Services,59.0,Basic Materials Group,59.0,Basic Materials Industry,59.0,Basic Materials Activity,59.0,1974.0
SYN0798.X,SY0000000798,Synthetic Firm 0798,United Kingdom,United Kingdom,Financials,50.0,Financials Services,50.0,Financials Group,50.0,Financials Industry,50.0,Financials Activity,50.0,1985.0
SYN0799.X,SY0000000799,Synthetic Firm 0799,Greece,Greece,Industrials,56.0,Industrials Services,56.0,Industrials Group,56.0,Industrials Industry,56.0,Industrials Activity,56.0,2012.0
SYN0800.X,SY0000000800,Synthetic Firm 0800,Israel,Israel,Consumer Cyclicals,51.0,Consumer Cyclicals Services,51.0,Consumer Cyclicals Group,51.0,Consumer Cyclicals Industry,51.0,Consumer Cyclicals Activity,51.0,1967.0
SYN0801.X,SY0000000801,Synthetic Firm 0801,Sweden,Sweden,Healthcare,58.0,Healthcare Services,58.0,Healthcare Group,58.0,Healthcare Industry,58.0,Healthcare Activity,58.0,2003.0
SYN0802.X,SY0000000802,Synthetic Firm 0802,Croatia,Croatia,Real Estate,55.0,Real Estate Services,55.0,Real Estate Group,55.0,Real Estate Industry,55.0,Real Estate Activity,55.0,1990.0
SYN0803.X,SY0000000803,Synthetic Firm 0803,Turkey,Turkey,Basic Materials,59.0,Basic Materials Services,59.0,Basic Materials Group,59.0,Basic Materials Industry,59.0,Basic Materials Activity,59.0,1977.0
SYN0804.X,SY0000000804,Synthetic Firm 0804,Germany,Germany,Basic Materials,59.0,Basic Materials Services,59.0,Basic Materials Group,59.0,Basic Materials Industry,59.0,Basic Materials Activity,59.0,1991.0
SYN0805.X,SY0000000805,Synthetic Firm 0805,United Kingdom,United Kingdom,Consumer Cyclicals,51.0,Consumer Cyclicals Services,51.0,Consumer Cyclicals Group,51.0,Consumer Cyclicals Industry,51.0,Consumer Cyclicals Activity,51.0,2005.0
SYN0806.X,SY0000000806,Synthetic Firm 0806,Romania,Romania,Financials,50.0,Financials Services,50.0,Financials Group,50.0,Financials Industry,50.0,Financials Activity,50.0,1945.0
SYN0807.X,SY0000000807,Synthetic Firm 0807,Luxembourg,Luxembourg,Technology,53.0,Technology Services,53.0,Technology Group,53.0,Technology Industry,53.0,Technology Activity,53.0,1969.0
SYN0808.X,SY0000000808,Synthetic Firm 0808,Germany,Germany,Consumer Cyclicals,51.0,Consumer Cyclicals Services,51.0,Consumer Cyclicals Group,51.0,Consumer Cyclicals Industry,51.0,Consumer Cyclicals Activity,51.0,1958.0
SYN0809.X,SY0000000809,Synthetic Firm 0809,United Kingdom,United Kingdom,Financials,50.0,Financials Services,50.0,Financials Group,50.0,Financials Industry,50.0,Financials Activity,50.0,2014.0
SYN0810.X,SY0000000810,Synthetic Firm 0810,Italy,Italy,Consumer Cyclicals,51.0,Consumer Cyclicals Services,51.0,Consumer Cyclicals Group,51.0,Consumer Cyclicals Industry,51.0,Consumer Cyclicals Activity,51.0,1931.0
SYN0811.X,SY0000000811,Synthetic Firm 0811,Norway,Norway,Financials,50.0,Financials Services,50.0,Financials Group,50.0,Financials Industry,50.0,Financials Activity,50.0,1981.0
SYN0812.X,SY0000000812,Synthetic Firm 0812,Greece,Greece,Consumer Cyclicals,51.0,Consumer Cyclicals Services,51.0,Consumer Cyclicals Group,51.0,Consumer Cyclicals Industry,51.0,Consumer Cyclicals Activity,51.0,1958.0
SYN0813.X,SY0000000813,Synthetic Firm 0813,Spain,Spain,Industrials,56.0,Industrials Services,56.0,Industrials Group,56.0,Industrials Industry,56.0,Industrials Activity,56.0,1971.0
SYN0814.X,SY0000000814,Synthetic Firm 0814,United Kingdom,United Kingdom,Healthcare,58.0,Healthcare Services,58.0,Healthcare Group,58.0,Healthcare Industry,58.0,Healthcare Activity,58.0,1992.0
SYN0815.X,SY0000000815,Synthetic Firm 0815,Poland,Poland,Financials,50.0,Financials Services,50.0,Financials Group,50.0,Financials Industry,50.0,Financials Activity,50.0,2016.0
SYN0816.X,SY0000000816,Synthetic Firm 0816,Russia,Russia,Healthcare,58.0,Healthcare Services,58.0,Healthcare Group,58.0,Healthcare Industry,58.0,Healthcare Activity,58.0,2001.0
SYN0817.X,SY0000000817,Synthetic Firm 0817,Ireland,Ireland,Technology,53.0,Technology Services,53.0,Technology Group,53.0,Technology Industry,53.0,Technology Activity,53.0,1918.0
SYN0818.X,SY0000000818,Synthetic Firm 0818,Israel,Israel,Industrials,56.0,Industrials Services,56.0,Industrials Group,56.0,Industrials Industry,56.0,Industrials Activity,56.0,2025.0
SYN0819.X,SY0000000819,Synthetic Firm 0819,United Kingdom,United Kingdom,Financials,50.0,Financials Services,50.0,Financials Group,50.0,Financials Industry,50.0,Financials Activity,50.0,2020.0
SYN0820.X,SY0000000820,Synthetic Firm 0820,Austria,Austria,Real Estate,55.0,Real Estate Services,55.0,Real Estate Group,55.0,Real Estate Industry,55.0,Real Estate Activity,55.0,1938.0
SYN0821.X,SY0000000821,Synthetic Firm 0821,Switzerland,Switzerland,Consumer Cyclicals,51.0,Consumer Cyclicals Services,51.0,Consumer Cyclicals Group,51.0,Consumer Cyclicals Industry,51.0,Consumer Cyclicals Activity,51.0,1984.0
SYN0822.X,SY0000000822,Synthetic Firm 0822,Spain,Spain,Industrials,56.0,Industrials Services,56.0,Industrials Group,56.0,Industrials Industry,56.0,Industrials Activity,56.0,1954.0
SYN0823.X,SY0000000823,Synthetic Firm 0823,France,France,Financials,50.0,Financials Services,50.0,Financials Group,50.0,Financials Industry,50.0,Financials Activity,50.0,1944.0
SYN0824.X,SY0000000824,Synthetic Firm 0824,United Kingdom,United Kingdom,Industrials,56.0,Industrials Services,56.0,Industrials Group,56.0,Industrials Industry,56.0,Industrials Activity,56.0,1971.0
SYN0825.X,SY0000000825,Synthetic Firm 0825,United Kingdom,United Kingdom,Financials,50.0,Financials Services,50.0,Financials Group,50.0,Financials Industry,50.0,Financials Activity,50.0,2010.0
SYN0826.X,SY0000000826,Synthetic Firm 0826,Switzerland,Switzerland,Financials,50.0,Financials Services,50.0,Financials Group,50.0,Financials Industry,50.0,Financials Activity,50.0,1957.0
SYN0827.X,SY0000000827,Synthetic Firm 0827,Sweden,Sweden,Utilities,57.0,Utilities Services,57.0,Utilities Group,57.0,Utilities Industry,57.0,Utilities Activity,57.0,1983.0
SYN0828.X,SY0000000828,Synthetic Firm 0828,Turkey,Turkey,Basic Materials,59.0,Basic Materials Services,59.0,Basic Materials Group,59.0,Basic Materials Industry,59.0,Basic Materials Activity,59.0,2021.0
SYN0829.X,SY0000000829,Synthetic Firm 0829,Israel,Israel,Financials,50.0,Financials Services,50.0,Financials Group,50.0,Financials Industry,50.0,Financials Activity,50.0,1991.0
SYN0830.X,SY0000000830,Synthetic Firm 0830,Germany,Germany,Financials,50.0,Financials Services,50.0,Financials Group,50.0,Financials Industry,50.0,Financials Activity,50.0,1954.0
SYN0831.X,SY0000000831,Synthetic Firm 0831,Sweden,Sweden,Healthcare,58.0,Healthcare Services,58.0,Healthcare Group,58.0,Healthcare Industry,58.0,Healthcare Activity,58.0,2004.0
SYN0832.X,SY0000000832,Synthetic Firm 0832,Italy,Italy,Healthcare,58.0,Healthcare Services,58.0,Healthcare Group,58.0,Healthcare Industry,58.0,Healthcare Activity,58.0,1981.0
SYN0833.X,SY0000000833,Synthetic Firm 0833,Luxembourg,Luxembourg,Basic Materials,59.0,Basic Materials Services,59.0,Basic Materials Group,59.0,Basic Materials Industry,59.0,Basic Materials Activity,59.0,1977.0
SYN0834.X,SY0000000834,Synthetic Firm 0834,Belgium,Belgium,Consumer Cyclicals,51.0,Consumer Cyclicals Services,51.0,Consumer Cyclicals Group,51.0,Consumer Cyclicals Industry,51.0,Consumer Cyclicals Activity,51.0,1998.0
SYN0835.X,SY0000000835,Synthetic Firm 0835,Romania,Romania,Real Estate,55.0,Real Estate Services,55.0,Real Estate Group,55.0,Real Estate Industry,55.0,Real Estate Activity,55.0,2006.0
SYN0836.X,SY0000000836,Synthetic Firm 0836,United Kingdom,United Kingdom,Energy,54.0,Energy Services,54.0,Energy Group,54.0,Energy Industry,54.0,Energy Activity,54.0,1993.0
SYN0837.X,SY0000000837,Synthetic Firm 0837,United Kingdom,United Kingdom,Industrials,56.0,Industrials Services,56.0,Industrials Group,56.0,Industrials Industry,56.0,Industrials Activity,56.0,1952.0
SYN0838.X,SY0000000838,Synthetic Firm 0838,Germany,Germany,Real Estate,55.0,Real Estate Services,55.0,Real Estate Group,55.0,Real Estate Industry,55.0,Real Estate Activity,55.0,1976.0
SYN0839.X,SY0000000839,Synthetic Firm 0839,Germany,Germany,Technology,53.0,Technology Services,53.0,Technology Group,53.0,Technology Industry,53.0,Technology Activity,53.0,1908.0
SYN0840.X,SY0000000840,Synthetic Firm 0840,France,France,Financials,50.0,Financials Services,50.0,Financials Group,50.0,Financials Industry,50.0,Financials Activity,50.0,1928.0
SYN0841.X,SY0000000841,Synthetic Firm 0841,United Kingdom,United Kingdom,Consumer Cyclicals,51.0,Consumer Cyclicals Services,51.0,Consumer Cyclicals Group,51.0,Consumer Cyclicals Industry,51.0,Consumer Cyclicals Activity,51.0,2000.0
SYN0842.X,SY0000000842,Synthetic Firm 0842,Belgium,Belgium,Real Estate,55.0,Real Estate Services,55.0,Real Estate Group,55.0,Real Estate Industry,55.0,Real Estate Activity,55.0,2022.0
SYN0843.X,SY0000000843,Synthetic Firm 0843,Norway,Norway,Consumer Cyclicals,51.0,Consumer Cyclicals Services,51.0,Consumer Cyclicals Group,51.0,Consumer Cyclicals Industry,51.0,Consumer Cyclicals Activity,51.0,1975.0
SYN0844.X,SY0000000844,Synthetic Firm 0844,Luxembourg,Luxembourg,Consumer Non-Cyclicals,52.0,Consumer Non-Cyclicals Services,52.0,Consumer Non-Cyclicals Group,52.0,Consumer Non-Cyclicals Industry,52.0,Consumer Non-Cyclicals Activity,52.0,1972.0
SYN0845.X,SY0000000845,Synthetic Firm 0845,Greece,Greece,Consumer Cyclicals,51.0,Consumer Cyclicals Services,51.0,Consumer Cyclicals Group,51.0,Consumer Cyclicals Industry,51.0,Consumer Cyclicals Activity,51.0,1947.0
SYN0846.X,SY0000000846,Synthetic Firm 0846,Norway,Norway,Utilities,57.0,Utilities Services,57.0,Utilities Group,57.0,Utilities Industry,57.0,Utilities Activity,57.0,1964.0
SYN0847.X,SY0000000847,Synthetic Firm 0847,Austria,Austria,Healthcare,58.0,Healthcare Services,58.0,Healthcare Group,58.0,Healthcare Industry,58.0,Healthcare Activity,58.0,1985.0
SYN0848.X,SY0000000848,Synthetic Firm 0848,Switzerland,Switzerland,Consumer Cyclicals,51.0,Consumer Cyclicals Services,51.0,Consumer Cyclicals Group,51.0,Consumer Cyclicals Industry,51.0,Consumer Cyclicals Activity,51.0,1985.0
SYN0849.X,SY0000000849,Synthetic Firm 0849,United Kingdom,United Kingdom,Consumer Cyclicals,51.0,Consumer Cyclicals Services,51.0,Consumer Cyclicals Group,51.0,Consumer Cyclicals Industry,51.0,Consumer Cyclicals Activity,51.0,0.0
SYN0850.X,SY0000000850,Synthetic Firm 0850,Estonia,Estonia,Financials,50.0,Financials Services,50.0,Financials Group,50.0,Financials Industry,50.0,Financials Activity,50.0,1975.0
SYN0851.X,SY0000000851,Synthetic Firm 0851,Latvia,Latvia,Industrials,56.0,Industrials Services,56.0,Industrials Group,56.0,Industrials Industry,56.0,Industrials Activity,56.0,2023.0
SYN0852.X,SY0000000852,Synthetic Firm 0852,Czechia,Czechia,Industrials,56.0,Industrials Services,56.0,Industrials Group,56.0,Industrials Industry,56.0,Industrials Activity,56.0,1969.0
SYN0853.X,SY0000000853,Synthetic Firm 0853,Greece,Greece,Real Estate,55.0,Real Estate Services,55.0,Real Estate Group,55.0,Real Estate Industry,55.0,Real Estate Activity,55.0,1956.0
SYN0854.X,SY0000000854,Synthetic Firm 0854,France,France,Industrials,56.0,Industrials Services,56.0,Industrials Group,56.0,Industrials Industry,56.0,Industrials Activity,56.0,1980.0
SYN0855.X,SY0000000855,Synthetic Firm 0855,Sweden,Sweden,Consumer Cyclicals,51.0,Consumer Cyclicals Services,51.0,Consumer Cyclicals Group,51.0,Consumer Cyclicals Industry,51.0,Consumer Cyclicals Activity,51.0,2021.0
SYN0856.X,SY0000000856,Synthetic Firm 0856,France,France,Basic Materials,59.0,Basic Materials Services,59.0,Basic Materials Group,59.0,Basic Materials Industry,59.0,Basic Materials Activity,59.0,1986.0
SYN0857.X,SY0000000857,Synthetic Firm 0857,France,France,Consumer Non-Cyclicals,52.0,Consumer Non-Cyclicals Services,52.0,Consumer Non-Cyclicals Group,52.0,Consumer Non-Cyclicals Industry,52.0,Consumer Non-Cyclicals Activity,52.0,2003.0
SYN0858.X,SY0000000858,Synthetic Firm 0858,Greece,Greece,Industrials,56.0,Industrials Services,56.0,Industrials Group,56.0,Industrials Industry,56.0,Industrials Activity,56.0,1997.0
SYN0859.X,SY0000000859,Synthetic Firm 0859,United Kingdom,United Kingdom,Financials,50.0,Financials Services,50.0,Financials Group,50.0,Financials Industry,50.0,Financials Activity,50.0,1949.0
SYN0860.X,SY0000000860,Synthetic Firm 0860,France,France,Financials,50.0,Financials Services,50.0,Financials Group,50.0,Financials Industry,50.0,Financials Activity,50.0,1978.0
SYN0861.X,SY0000000861,Synthetic Firm 0861,United Kingdom,United Kingdom,Industrials,56.0,Industrials Services,56.0,Industrials Group,56.0,Industrials Industry,56.0,Industrials Activity,56.0,2013.0
SYN0862.X,SY0000000862,Synthetic Firm 0862,Russia,Russia,Industrials,56.0,Industrials Services,56.0,Industrials Group,56.0,Industrials Industry,56.0,Industrials Activity,56.0,1971.0
SYN0863.X,SY0000000863,Synthetic Firm 0863,Sweden,Sweden,Consumer Non-Cyclicals,52.0,Consumer Non-Cyclicals Services,52.0,Consumer Non-Cyclicals Group,52.0,Consumer Non-Cyclicals Industry,52.0,Consumer Non-Cyclicals Activity,52.0,1975.0
SYN0864.X,SY0000000864,Synthetic Firm 0864,United Kingdom,United Kingdom,Financials,50.0,Financials Services,50.0,Financials Group,50.0,Financials Industry,50.0,Financials Activity,50.0,2009.0
SYN0865.X,SY0000000865,Synthetic Firm 0865,France,France,Financials,50.0,Financials Services,50.0,Financials Group,50.0,Financials Industry,50.0,Financials Activity,50.0,0.0
SYN0866.X,SY0000000866,Synthetic Firm 0866,Finland,Finland,Financials,50.0,Financials Services,50.0,Financials Group,50.0,Financials Industry,50.0,Financials Activity,50.0,2001.0
SYN0867.X,SY0000000867,Synthetic Firm 0867,South Africa,South Africa,Industrials,56.0,Industrials Services,56.0,Industrials Group,56.0,Industrials Industry,56.0,Industrials Activity,56.0,1972.0
SYN0868.X,SY0000000868,Synthetic Firm 0868,Hungary,Hungary,Industrials,56.0,Industrials Services,56.0,Industrials Group,56.0,Industrials Industry,56.0,Industrials Activity,56.0,0.0
SYN0869.X,SY0000000869,Synthetic Firm 0869,Germany,Germany,Consumer Non-Cyclicals,52.0,Consumer Non-Cyclicals Services,52.0,Consumer Non-Cyclicals Group,52.0,Consumer Non-Cyclicals Industry,52.0,Consumer Non-Cyclicals Activity,52.0,1995.0
SYN0870.X,SY0000000870,Synthetic Firm 0870,United Kingdom,United Kingdom,Industrials,56.0,Industrials Services,56.0,Industrials Group,56.0,Industrials Industry,56.0,Industrials Activity,56.0,1948.0
SYN0871.X,SY0000000871,Synthetic Firm 0871,Poland,Poland,Utilities,57.0,Utilities Services,57.0,Utilities Group,57.0,Utilities Industry,57.0,Utilities Activity,57.0,1928.0
SYN0872.X,SY0000000872,Synthetic Firm 0872,France,France,Consumer Non-Cyclicals,52.0,Consumer Non-Cyclicals Services,52.0,Consumer Non-Cyclicals Group,52.0,Consumer Non-Cyclicals Industry,52.0,Consumer Non-Cyclicals Activity,52.0,2007.0
SYN0873.X,SY0000000873,Synthetic Firm 0873,United Kingdom,United Kingdom,Real Estate,55.0,Real Estate Services,55.0,Real Estate Group,55.0,Real Estate Industry,55.0,Real Estate Activity,55.0,0.0
SYN0874.X,SY0000000874,Synthetic Firm 0874,United Kingdom,United Kingdom,Industrials,56.0,Industrials Services,56.0,Industrials Group,56.0,Industrials Industry,56.0,Industrials Activity,56.0,1934.0
SYN0875.X,SY0000000875,Synthetic Firm 0875,Lithuania,Lithuania,Consumer Cyclicals,51.0,Consumer Cyclicals Services,51.0,Consumer Cyclicals Group,51.0,Consumer Cyclicals Industry,51.0,Consumer Cyclicals Activity,51.0,2007.0
SYN0876.X,SY0000000876,Synthetic Firm 0876,Hungary,Hungary,Real Estate,55.0,Real Estate Services,55.0,Real Estate Group,55.0,Real Estate Industry,55.0,Real Estate Activity,55.0,1959.0
SYN0877.X,SY0000000877,Synthetic Firm 0877,United Kingdom,United Kingdom,Consumer Cyclicals,51.0,Consumer Cyclicals Services,51.0,Consumer Cyclicals Group,51.0,Consumer Cyclicals Industry,51.0,Consumer Cyclicals Activity,51.0,1981.0
SYN0878.X,SY0000000878,Synthetic Firm 0878,United Kingdom,United Kingdom,Healthcare,58.0,Healthcare Services,58.0,Healthcare Group,58.0,Healthcare Industry,58.0,Healthcare Activity,58.0,2013.0
SYN0879.X,SY0000000879,Synthetic Firm 0879,Sweden,Sweden,Technology,53.0,Technology Services,53.0,Technology Group,53.0,Technology Industry,53.0,Technology Activity,53.0,2005.0
SYN0880.X,SY0000000880,Synthetic Firm 0880,Netherlands,Netherlands,Financials,50.0,Financials Services,50.0,Financials Group,50.0,Financials Industry,50.0,Financials Activity,50.0,2012.0
SYN0881.X,SY0000000881,Synthetic Firm 0881,Spain,Spain,Financials,50.0,Financials Services,50.0,Financials Group,50.0,Financials Industry,50.0,Financials Activity,50.0,2011.0
SYN0882.X,SY0000000882,Synthetic Firm 0882,United Kingdom,United Kingdom,Industrials,56.0,Industrials Services,56.0,Industrials Group,56.0,Industrials Industry,56.0,Industrials Activity,56.0,1952.0
SYN0883.X,SY0000000883,Synthetic Firm 0883,Sweden,Sweden,Consumer Cyclicals,51.0,Consumer Cyclicals Services,51.0,Consumer Cyclicals Group,51.0,Consumer Cyclicals Industry,51.0,Consumer Cyclicals Activity,51.0,1986.0
SYN0884.X,SY0000000884,Synthetic Firm 0884,United Kingdom,United Kingdom,Consumer Cyclicals,51.0,Consumer Cyclicals Services,51.0,Consumer Cyclicals Group,51.0,Consumer Cyclicals Industry,51.0,Consumer Cyclicals Activity,51.0,2000.0
SYN0885.X,SY0000000885,Synthetic Firm 0885,United Kingdom,United Kingdom,Consumer Cyclicals,51.0,Consumer Cyclicals Services,51.0,Consumer Cyclicals Group,51.0,Consumer Cyclicals Industry,51.0,Consumer Cyclicals Activity,51.0,2010.0
SYN0886.X,SY0000000886,Synthetic Firm 0886,United Kingdom,United Kingdom,Financials,50.0,Financials Services,50.0,Financials Group,50.0,Financials Industry,50.0,Financials Activity,50.0,1974.0
SYN0887.X,SY0000000887,Synthetic Firm 0887,Iceland,Iceland,Energy,54.0,Energy Services,54.0,Energy Group,54.0,Energy Industry,54.0,Energy Activity,54.0,1909.0
SYN0888.X,SY0000000888,Synthetic Firm 0888,United Kingdom,United Kingdom,Consumer Cyclicals,51.0,Consumer Cyclicals Services,51.0,Consumer Cyclicals Group,51.0,Consumer Cyclicals Industry,51.0,Consumer Cyclicals Activity,51.0,1986.0
SYN0889.X,SY0000000889,Synthetic Firm 0889,Spain,Spain,Industrials,56.0,Industrials Services,56.0,Industrials Group,56.0,Industrials Industry,56.0,Industrials Activity,56.0,2003.0
SYN0890.X,SY0000000890,Synthetic Firm 0890,United Kingdom,United Kingdom,Financials,50.0,Financials Services,50.0,Financials Group,50.0,Financials Industry,50.0,Financials Activity,50.0,2016.0
SYN0891.X,SY0000000891,Synthetic Firm 0891,Sweden,Sweden,Financials,50.0,Financials Services,50.0,Financials Group,50.0,Financials Industry,50.0,Financials Activity,50.0,1991.0
SYN0892.X,SY0000000892,Synthetic Firm 0892,Russia,Russia,Financials,50.0,Financials Services,50.0,Financials Group,50.0,Financials Industry,50.0,Financials Activity,50.0,1932.0
SYN0893.X,SY0000000893,Synthetic Firm 0893,Spain,Spain,Real Estate,55.0,Real Estate Services,55.0,Real Estate Group,55.0,Real Estate Industry,55.0,Real Estate Activity,55.0,1971.0
SYN0894.X,SY0000000894,Synthetic Firm 0894,Portugal,Portugal,Technology,53.0,Technology Services,53.0,Technology Group,53.0,Technology Industry,53.0,Technology Activity,53.0,2011.0
SYN0895.X,SY0000000895,Synthetic Firm 0895,Turkey,Turkey,Basic Materials,59.0,Basic Materials Services,59.0,Basic Materials Group,59.0,Basic Materials Industry,59.0,Basic Materials Activity,59.0,2024.0
SYN0896.X,SY0000000896,Synthetic Firm 0896,Germany,Germany,Financials,50.0,Financials Services,50.0,Financials Group,50.0,Financials Industry,50.0,Financials Activity,50.0,1948.0
SYN0897.X,SY0000000897,Synthetic Firm 0897,Poland,Poland,Industrials,56.0,Industrials Services,56.0,Industrials Group,56.0,Industrials Industry,56.0,Industrials Activity,56.0,2001.0
SYN0898.X,SY0000000898,Synthetic Firm 0898,Sweden,Sweden,Energy,54.0,Energy Services,54.0,Energy Group,54.0,Energy Industry,54.0,Energy Activity,54.0,1960.0
SYN0899.X,SY0000000899,Synthetic Firm 0899,Norway,Norway,Industrials,56.0,Industrials Services,56.0,Industrials Group,56.0,Industrials Industry,56.0,Industrials Activity,56.0,1999.0
SYN0900.X,SY0000000900,Synthetic Firm 0900,United Kingdom,United Kingdom,Financials,50.0,Financials Services,50.0,Financials Group,50.0,Financials Industry,50.0,Financials Activity,50.0,1999.0
SYN0901.X,SY0000000901,Synthetic Firm 0901,Romania,Romania,Financials,50.0,Financials Services,50.0,Financials Group,50.0,Financials Industry,50.0,Financials Activity,50.0,0.0
SYN0902.X,SY0000000902,Synthetic Firm 0902,Luxembourg,Luxembourg,Industrials,56.0,Industrials Services,56.0,Industrials Group,56.0,Industrials Industry,56.0,Industrials Activity,56.0,1961.0
SYN0903.X,SY0000000903,Synthetic Firm 0903,France,France,Consumer Cyclicals,51.0,Consumer Cyclicals Services,51.0,Consumer Cyclicals Group,51.0,Consumer Cyclicals Industry,51.0,Consumer Cyclicals Activity,51.0,1980.0
SYN0904.X,SY0000000904,Synthetic Firm 0904,Sweden,Sweden,Real Estate,55.0,Real Estate Services,55.0,Real Estate Group,55.0,Real Estate Industry,55.0,Real Estate Activity,55.0,1977.0
SYN0905.X,SY0000000905,Synthetic Firm 0905,Ireland,Ireland,Basic Materials,59.0,Basic Materials Services,59.0,Basic Materials Group,59.0,Basic Materials Industry,59.0,Basic Materials Activity,59.0,2004.0
SYN0906.X,SY0000000906,Synthetic Firm 0906,Germany,Germany,Energy,54.0,Energy Services,54.0,Energy Group,54.0,Energy Industry,54.0,Energy Activity,54.0,1890.0
SYN0907.X,SY0000000907,Synthetic Firm 0907,Switzerland,Switzerland,Consumer Cyclicals,51.0,Consumer Cyclicals Services,51.0,Consumer Cyclicals Group,51.0,Consumer Cyclicals Industry,51.0,Consumer Cyclicals Activity,51.0,0.0
SYN0908.X,SY0000000908,Synthetic Firm 0908,France,France,Basic Materials,59.0,Basic Materials Services,59.0,Basic Materials Group,59.0,Basic Materials Industry,59.0,Basic Materials Activity,59.0,2008.0
SYN0909.X,SY0000000909,Synthetic Firm 0909,Iceland,Iceland,Consumer Cyclicals,51.0,Consumer Cyclicals Services,51.0,Consumer Cyclicals Group,51.0,Consumer Cyclicals Industry,51.0,Consumer Cyclicals Activity,51.0,1970.0
SYN0910.X,SY0000000910,Synthetic Firm 0910,Sweden,Sweden,Consumer Cyclicals,51.0,Consumer Cyclicals Services,51.0,Consumer Cyclicals Group,51.0,Consumer Cyclicals Industry,51.0,Consumer Cyclicals Activity,51.0,1923.0
SYN0911.X,SY0000000911,Synthetic Firm 0911,Iceland,Iceland,Industrials,56.0,Industrials Services,56.0,Industrials Group,56.0,Industrials Industry,56.0,Industrials Activity,56.0,1994.0
SYN0912.X,SY0000000912,Synthetic Firm 0912,Sweden,Sweden,Financials,50.0,Financials Services,50.0,Financials Group,50.0,Financials Industry,50.0,Financials Activity,50.0,1965.0
SYN0913.X,SY0000000913,Synthetic Firm 0913,Czechia,Czechia,Real Estate,55.0,Real Estate Services,55.0,Real Estate Group,55.0,Real Estate Industry,55.0,Real Estate Activity,55.0,1944.0
SYN0914.X,SY0000000914,Synthetic Firm 0914,Israel,Israel,Consumer Cyclicals,51.0,Consumer Cyclicals Services,51.0,Consumer Cyclicals Group,51.0,Consumer Cyclicals Industry,51.0,Consumer Cyclicals Activity,51.0,2011.0
SYN0915.X,SY0000000915,Synthetic Firm 0915,Luxembourg,Luxembourg,Utilities,57.0,Utilities Services,57.0,Utilities Group,57.0,Utilities Industry,57.0,Utilities Activity,57.0,1972.0
SYN0916.X,SY0000000916,Synthetic Firm 0916,Sweden,Sweden,Technology,53.0,Technology Services,53.0,Technology Group,53.0,Technology Industry,53.0,Technology Activity,53.0,1954.0
SYN0917.X,SY0000000917,Synthetic Firm 0917,United Kingdom,United Kingdom,Industrials,56.0,Industrials Services,56.0,Industrials Group,56.0,Industrials Industry,56.0,Industrials Activity,56.0,2011.0
SYN0918.X,SY0000000918,Synthetic Firm 0918,Turkey,Turkey,Consumer Cyclicals,51.0,Consumer Cyclicals Services,51.0,Consumer Cyclicals Group,51.0,Consumer Cyclicals Industry,51.0,Consumer Cyclicals Activity,51.0,2023.0
SYN0919.X,SY0000000919,Synthetic Firm 0919,Sweden,Sweden,Industrials,56.0,Industrials Services,56.0,Industrials Group,56.0,Industrials Industry,56.0,Industrials Activity,56.0,1999.0
SYN0920.X,SY0000000920,Synthetic Firm 0920,Switzerland,Switzerland,Financials,50.0,Financials Services,50.0,Financials Group,50.0,Financials Industry,50.0,Financials Activity,50.0,2022.0
SYN0921.X,SY0000000921,Synthetic Firm 0921,United Kingdom,United Kingdom,Basic Materials,59.0,Basic Materials Services,59.0,Basic Materials Group,59.0,Basic Materials Industry,59.0,Basic Materials Activity,59.0,2019.0
SYN0922.X,SY0000000922,Synthetic Firm 0922,Hungary,Hungary,Financials,50.0,Financials Services,50.0,Financials Group,50.0,Financials Industry,50.0,Financials Activity,50.0,0.0
SYN0923.X,SY0000000923,Synthetic Firm 0923,Norway,Norway,Financials,50.0,Financials Services,50.0,Financials Group,50.0,Financials Industry,50.0,Financials Activity,50.0,2014.0
SYN0924.X,SY0000000924,Synthetic Firm 0924,Sweden,Sweden,Basic Materials,59.0,Basic Materials Services,59.0,Basic Materials Group,59.0,Basic Materials Industry,59.0,Basic Materials Activity,59.0,1935.0
SYN0925.X,SY0000000925,Synthetic Firm 0925,United Kingdom,United Kingdom,Industrials,56.0,Industrials Services,56.0,Industrials Group,56.0,Industrials Industry,56.0,Industrials Activity,56.0,0.0
SYN0926.X,SY0000000926,Synthetic Firm 0926,Spain,Spain,Industrials,56.0,Industrials Services,56.0,Industrials Group,56.0,Industrials Industry,56.0,Industrials Activity,56.0,1939.0
SYN0927.X,SY0000000927,Synthetic Firm 0927,France,France,Financials,50.0,Financials Services,50.0,Financials Group,50.0,Financials Industry,50.0,Financials Activity,50.0,1981.0
SYN0928.X,SY0000000928,Synthetic Firm 0928,United Kingdom,United Kingdom,Healthcare,58.0,Healthcare Services,58.0,Healthcare Group,58.0,Healthcare Industry,58.0,Healthcare Activity,58.0,1994.0
SYN0929.X,SY0000000929,Synthetic Firm 0929,Russia,Russia,Financials,50.0,Financials Services,50.0,Financials Group,50.0,Financials Industry,50.0,Financials Activity,50.0,1980.0
SYN0930.X,SY0000000930,Synthetic Firm 0930,France,France,Consumer Cyclicals,51.0,Consumer Cyclicals Services,51.0,Consumer Cyclicals Group,51.0,Consumer Cyclicals Industry,51.0,Consumer Cyclicals Activity,51.0,1945.0
SYN0931.X,SY0000000931,Synthetic Firm 0931,United Kingdom,United Kingdom,Consumer Cyclicals,51.0,Consumer Cyclicals Services,51.0,Consumer Cyclicals Group,51.0,Consumer Cyclicals Industry,51.0,Consumer Cyclicals Activity,51.0,2019.0
SYN0932.X,SY0000000932,Synthetic Firm 0932,Germany,Germany,Consumer Non-Cyclicals,52.0,Consumer Non-Cyclicals Services,52.0,Consumer Non-Cyclicals Group,52.0,Consumer Non-Cyclicals Industry,52.0,Consumer Non-Cyclicals Activity,52.0,1966.0
SYN0933.X,SY0000000933,Synthetic Firm 0933,Portugal,Portugal,Consumer Cyclicals,51.0,Consumer Cyclicals Services,51.0,Consumer Cyclicals Group,51.0,Consumer Cyclicals Industry,51.0,Consumer Cyclicals Activity,51.0,1970.0
SYN0934.X,SY0000000934,Synthetic Firm 0934,Belgium,Belgium,Financials,50.0,Financials Services,50.0,Financials Group,50.0,Financials Industry,50.0,Financials Activity,50.0,1958.0
SYN0935.X,SY0000000935,Synthetic Firm 0935,France,France,Consumer Cyclicals,51.0,Consumer Cyclicals Services,51.0,Consumer Cyclicals Group,51.0,Consumer Cyclicals Industry,51.0,Consumer Cyclicals Activity,51.0,1953.0
SYN0936.X,SY0000000936,Synthetic Firm 0936,Germany,Germany,Technology,53.0,Technology Services,53.0,Technology Group,53.0,Technology Industry,53.0,Technology Activity,53.0,2007.0
SYN0937.X,SY0000000937,Synthetic Firm 0937,Czechia,Czechia,Basic Materials,59.0,Basic Materials Services,59.0,Basic Materials Group,59.0,Basic Materials Industry,59.0,Basic Materials Activity,59.0,1986.0
SYN0938.X,SY0000000938,Synthetic Firm 0938,Switzerland,Switzerland,Industrials,56.0,Industrials Services,56.0,Industrials Group,56.0,Industrials Industry,56.0,Industrials Activity,56.0,1979.0
SYN0939.X,SY0000000939,Synthetic Firm 0939,France,France,Industrials,56.0,Industrials Services,56.0,Industrials Group,56.0,Industrials Industry,56.0,Industrials Activity,56.0,2012.0
SYN0940.X,SY0000000940,Synthetic Firm 0940,Switzerland,Switzerland,Financials,50.0,Financials Services,50.0,Financials Group,50.0,Financials Industry,50.0,Financials Activity,50.0,2016.0
SYN0941.X,SY0000000941,Synthetic Firm 0941,Sweden,Sweden,Consumer Cyclicals,51.0,Consumer Cyclicals Services,51.0,Consumer Cyclicals Group,51.0,Consumer Cyclicals Industry,51.0,Consumer Cyclicals Activity,51.0,1958.0
SYN0942.X,SY0000000942,Synthetic Firm 0942,United Kingdom,United Kingdom,Consumer Cyclicals,51.0,Consumer Cyclicals Services,51.0,Consumer Cyclicals Group,51.0,Consumer Cyclicals Industry,51.0,Consumer Cyclicals Activity,51.0,0.0
SYN0943.X,SY0000000943,Synthetic Firm 0943,Iceland,Iceland,Consumer Non-Cyclicals,52.0,Consumer Non-Cyclicals Services,52.0,Consumer Non-Cyclicals Group,52.0,Consumer Non-Cyclicals Industry,52.0,Consumer Non-Cyclicals Activity,52.0,1961.0
SYN0944.X,SY0000000944,Synthetic Firm 0944,Switzerland,Switzerland,Financials,50.0,Financials Services,50.0,Financials Group,50.0,Financials Industry,50.0,Financials Activity,50.0,1927.0
SYN0945.X,SY0000000945,Synthetic Firm 0945,United Kingdom,United Kingdom,Energy,54.0,Energy Services,54.0,Energy Group,54.0,Energy Industry,54.0,Energy Activity,54.0,2013.0
SYN0946.X,SY0000000946,Synthetic Firm 0946,Switzerland,Switzerland,Financials,50.0,Financials Services,50.0,Financials Group,50.0,Financials Industry,50.0,Financials Activity,50.0,2003.0
SYN0947.X,SY0000000947,Synthetic Firm 0947,Belgium,Belgium,Consumer Cyclicals,51.0,Consumer Cyclicals Services,51.0,Consumer Cyclicals Group,51.0,Consumer Cyclicals Industry,51.0,Consumer Cyclicals Activity,51.0,1995.0
SYN0948.X,SY0000000948,Synthetic Firm 0948,Austria,Austria,Utilities,57.0,Utilities Services,57.0,Utilities Group,57.0,Utilities Industry,57.0,Utilities Activity,57.0,2002.0
SYN0949.X,SY0000000949,Synthetic Firm 0949,United Kingdom,United Kingdom,Industrials,56.0,Industrials Services,56.0,Industrials Group,56.0,Industrials Industry,56.0,Industrials Activity,56.0,2010.0
SYN0950.X,SY0000000950,Synthetic Firm 0950,Russia,Russia,Industrials,56.0,Industrials Services,56.0,Industrials Group,56.0,Industrials Industry,56.0,Industrials Activity,56.0,2023.0
SYN0951.X,SY0000000951,Synthetic Firm 0951,Slovenia,Slovenia,Utilities,57.0,Utilities Services,57.0,Utilities Group,57.0,Utilities Industry,57.0,Utilities Activity,57.0,1932.0
SYN0952.X,SY0000000952,Synthetic Firm 0952,United Kingdom,United Kingdom,Industrials,56.0,Industrials Services,56.0,Industrials Group,56.0,Industrials Industry,56.0,Industrials Activity,56.0,1927.0
SYN0953.X,SY0000000953,Synthetic Firm 0953,United Kingdom,United Kingdom,Technology,53.0,Technology Services,53.0,Technology Group,53.0,Technology Industry,53.0,Technology Activity,53.0,1966.0
SYN0954.X,SY0000000954,Synthetic Firm 0954,United Kingdom,United Kingdom,Financials,50.0,Financials Services,50.0,Financials Group,50.0,Financials Industry,50.0,Financials Activity,50.0,2009.0
SYN0955.X,SY0000000955,Synthetic Firm 0955,Sweden,Sweden,Financials,50.0,Financials Services,50.0,Financials Group,50.0,Financials Industry,50.0,Financials Activity,50.0,1991.0
SYN0956.X,SY0000000956,Synthetic Firm 0956,France,France,Basic Materials,59.0,Basic Materials Services,59.0,Basic Materials Group,59.0,Basic Materials Industry,59.0,Basic Materials Activity,59.0,1959.0
SYN0957.X,SY0000000957,Synthetic Firm 0957,United Kingdom,United Kingdom,Consumer Cyclicals,51.0,Consumer Cyclicals Services,51.0,Consumer Cyclicals Group,51.0,Consumer Cyclicals Industry,51.0,Consumer Cyclicals Activity,51.0,2016.0
SYN0958.X,SY0000000958,Synthetic Firm 0958,Greece,Greece,Consumer Cyclicals,51.0,Consumer Cyclicals Services,51.0,Consumer Cyclicals Group,51.0,Consumer Cyclicals Industry,51.0,Consumer Cyclicals Activity,51.0,1987.0
SYN0959.X,SY0000000959,Synthetic Firm 0959,Lithuania,Lithuania,Real Estate,55.0,Real Estate Services,55.0,Real Estate Group,55.0,Real Estate Industry,55.0,Real Estate Activity,55.0,1992.0
SYN0960.X,SY0000000960,Synthetic Firm 0960,United Kingdom,United Kingdom,Financials,50.0,Financials Services,50.0,Financials Group,50.0,Financials Industry,50.0,Financials Activity,50.0,2020.0
SYN0961.X,SY0000000961,Synthetic Firm 0961,Israel,Israel,Technology,53.0,Technology Services,53.0,Technology Group,53.0,Technology Industry,53.0,Technology Activity,53.0,2005.0
SYN0962.X,SY0000000962,Synthetic Firm 0962,France,France,Consumer Non-Cyclicals,52.0,Consumer Non-Cyclicals Services,52.0,Consumer Non-Cyclicals Group,52.0,Consumer Non-Cyclicals Industry,52.0,Consumer Non-Cyclicals Activity,52.0,1962.0
SYN0963.X,SY0000000963,Synthetic Firm 0963,United Kingdom,United Kingdom,Financials,50.0,Financials Services,50.0,Financials Group,50.0,Financials Industry,50.0,Financials Activity,50.0,1956.0
SYN0964.X,SY0000000964,Synthetic Firm 0964,Luxembourg,Luxembourg,Financials,50.0,Financials Services,50.0,Financials Group,50.0,Financials Industry,50.0,Financials Activity,50.0,1950.0
SYN0965.X,SY0000000965,Synthetic Firm 0965,United Kingdom,United Kingdom,Technology,53.0,Technology Services,53.0,Technology Group,53.0,Technology Industry,53.0,Technology Activity,53.0,1989.0
SYN0966.X,SY0000000966,Synthetic Firm 0966,Switzerland,Switzerland,Consumer Cyclicals,51.0,Consumer Cyclicals Services,51.0,Consumer Cyclicals Group,51.0,Consumer Cyclicals Industry,51.0,Consumer Cyclicals Activity,51.0,2014.0
SYN0967.X,SY0000000967,Synthetic Firm 0967,Czechia,Czechia,Technology,53.0,Technology Services,53.0,Technology Group,53.0,Technology Industry,53.0,Technology Activity,53.0,1989.0
SYN0968.X,SY0000000968,Synthetic Firm 0968,Sweden,Sweden,Energy,54.0,Energy Services,54.0,Energy Group,54.0,Energy Industry,54.0,Energy Activity,54.0,2019.0
SYN0969.X,SY0000000969,Synthetic Firm 0969,Germany,Germany,Healthcare,58.0,Healthcare Services,58.0,Healthcare Group,58.0,Healthcare Industry,58.0,Healthcare Activity,58.0,1979.0
SYN0970.X,SY0000000970,Synthetic Firm 0970,Italy,Italy,Industrials,56.0,Industrials Services,56.0,Industrials Group,56.0,Industrials Industry,56.0,Industrials Activity,56.0,1916.0
SYN0971.X,SY0000000971,Synthetic Firm 0971,Sweden,Sweden,Healthcare,58.0,Healthcare Services,58.0,Healthcare Group,58.0,Healthcare Industry,58.0,Healthcare Activity,58.0,1993.0
SYN0972.X,SY0000000972,Synthetic Firm 0972,Germany,Germany,Technology,53.0,Technology Services,53.0,Technology Group,53.0,Technology Industry,53.0,Technology Activity,53.0,1979.0
SYN0973.X,SY0000000973,Synthetic Firm 0973,United Kingdom,United Kingdom,Consumer Cyclicals,51.0,Consumer Cyclicals Services,51.0,Consumer Cyclicals Group,51.0,Consumer Cyclicals Industry,51.0,Consumer Cyclicals Activity,51.0,0.0
SYN0974.X,SY0000000974,Synthetic Firm 0974,Iceland,Iceland,Financials,50.0,Financials Services,50.0,Financials Group,50.0,Financials Industry,50.0,Financials Activity,50.0,2012.0
SYN0975.X,SY0000000975,Synthetic Firm 0975,Germany,Germany,Industrials,56.0,Industrials Services,56.0,Industrials Group,56.0,Industrials Industry,56.0,Industrials Activity,56.0,1980.0
SYN0976.X,SY0000000976,Synthetic Firm 0976,United Kingdom,United Kingdom,Technology,53.0,Technology Services,53.0,Technology Group,53.0,Technology Industry,53.0,Technology Activity,53.0,2015.0
SYN0977.X,SY0000000977,Synthetic Firm 0977,Turkey,Turkey,Industrials,56.0,Industrials Services,56.0,Industrials Group,56.0,Industrials Industry,56.0,Industrials Activity,56.0,2012.0
SYN0978.X,SY0000000978,Synthetic Firm 0978,Portugal,Portugal,Industrials,56.0,Industrials Services,56.0,Industrials Group,56.0,Industrials Industry,56.0,Industrials Activity,56.0,2003.0
SYN0979.X,SY0000000979,Synthetic Firm 0979,Norway,Norway,Consumer Cyclicals,51.0,Consumer Cyclicals Services,51.0,Consumer Cyclicals Group,51.0,Consumer Cyclicals Industry,51.0,Consumer Cyclicals Activity,51.0,1985.0
SYN0980.X,SY0000000980,Synthetic Firm 0980,Germany,Germany,Basic Materials,59.0,Basic Materials Services,59.0,Basic Materials Group,59.0,Basic Materials Industry,59.0,Basic Materials Activity,59.0,1987.0
SYN0981.X,SY0000000981,Synthetic Firm 0981,Czechia,Czechia,Real Estate,55.0,Real Estate Services,55.0,Real Estate Group,55.0,Real Estate Industry,55.0,Real Estate Activity,55.0,1988.0
SYN0982.X,SY0000000982,Synthetic Firm 0982,Denmark,Denmark,Healthcare,58.0,Healthcare Services,58.0,Healthcare Group,58.0,Healthcare Industry,58.0,Healthcare Activity,58.0,1976.0
SYN0983.X,SY0000000983,Synthetic Firm 0983,Greece,Greece,Consumer Non-Cyclicals,52.0,Consumer Non-Cyclicals Services,52.0,Consumer Non-Cyclicals Group,52.0,Consumer Non-Cyclicals Industry,52.0,Consumer Non-Cyclicals Activity,52.0,2019.0
SYN0984.X,SY0000000984,Synthetic Firm 0984,Germany,Germany,Basic Materials,59.0,Basic Materials Services,59.0,Basic Materials Group,59.0,Basic Materials Industry,59.0,Basic Materials Activity,59.0,1957.0
SYN0985.X,SY0000000985,Synthetic Firm 0985,Germany,Germany,Financials,50.0,Financials Services,50.0,Financials Group,50.0,Financials Industry,50.0,Financials Activity,50.0,1933.0
SYN0986.X,SY0000000986,Synthetic Firm 0986,Germany,Germany,Consumer Cyclicals,51.0,Consumer Cyclicals Services,51.0,Consumer Cyclicals Group,51.0,Consumer Cyclicals Industry,51.0,Consumer Cyclicals Activity,51.0,1992.0
SYN0987.X,SY0000000987,Synthetic Firm 0987,France,France,Industrials,56.0,Industrials Services,56.0,Industrials Group,56.0,Industrials Industry,56.0,Industrials Activity,56.0,1957.0
SYN0988.X,SY0000000988,Synthetic Firm 0988,Germany,Germany,Financials,50.0,Financials Services,50.0,Financials Group,50.0,Financials Industry,50.0,Financials Activity,50.0,1960.0
SYN0989.X,SY0000000989,Synthetic Firm 0989,Iceland,Iceland,Consumer Cyclicals,51.0,Consumer Cyclicals Services,51.0,Consumer Cyclicals Group,51.0,Consumer Cyclicals Industry,51.0,Consumer Cyclicals Activity,51.0,2019.0
SYN0990.X,SY0000000990,Synthetic Firm 0990,Liechtenstein,Liechtenstein,Industrials,56.0,Industrials Services,56.0,Industrials Group,56.0,Industrials Industry,56.0,Industrials Activity,56.0,2002.0
SYN0991.X,SY0000000991,Synthetic Firm 0991,United Kingdom,United Kingdom,Technology,53.0,Technology Services,53.0,Technology Group,53.0,Technology Industry,53.0,Technology Activity,53.0,1981.0
SYN0992.X,SY0000000992,Synthetic Firm 0992,Latvia,Latvia,Industrials,56.0,Industrials Services,56.0,Industrials Group,56.0,Industrials Industry,56.0,Industrials Activity,56.0,1944.0
SYN0993.X,SY0000000993,Synthetic Firm 0993,Germany,Germany,Financials,50.0,Financials Services,50.0,Financials Group,50.0,Financials Industry,50.0,Financials Activity,50.0,1958.0
SYN0994.X,SY0000000994,Synthetic Firm 0994,Belgium,Belgium,Financials,50.0,Financials Services,50.0,Financials Group,50.0,Financials Industry,50.0,Financials Activity,50.0,1982.0
SYN0995.X,SY0000000995,Synthetic Firm 0995,Sweden,Sweden,Industrials,56.0,Industrials Services,56.0,Industrials Group,56.0,Industrials Industry,56.0,Industrials Activity,56.0,1963.0
SYN0996.X,SY0000000996,Synthetic Firm 0996,Hungary,Hungary,Technology,53.0,Technology Services,53.0,Technology Group,53.0,Technology Industry,53.0,Technology Activity,53.0,1975.0
SYN0997.X,SY0000000997,Synthetic Firm 0997,Turkey,Turkey,Basic Materials,59.0,Basic Materials Services,59.0,Basic Materials Group,59.0,Basic Materials Industry,59.0,Basic Materials Activity,59.0,1992.0
SYN0998.X,SY0000000998,Synthetic Firm 0998,United Kingdom,United Kingdom,Utilities,57.0,Utilities Services,57.0,Utilities Group,57.0,Utilities Industry,57.0,Utilities Activity,57.0,1951.0
SYN0999.X,SY0000000999,Synthetic Firm 0999,Romania,Romania,Industrials,56.0,Industrials Services,56.0,Industrials Group,56.0,Industrials Industry,56.0,Industrials Activity,56.0,1943.0
SYN1000.X,SY0000001000,Synthetic Firm 1000,Germany,Germany,Financials,50.0,Financials Services,50.0,Financials Group,50.0,Financials Industry,50.0,Financials Activity,50.0,1998.0
SYN1001.X,SY0000001001,Synthetic Firm 1001,Denmark,Denmark,Financials,50.0,Financials Services,50.0,Financials Group,50.0,Financials Industry,50.0,Financials Activity,50.0,1993.0
SYN1002.X,SY0000001002,Synthetic Firm 1002,Germany,Germany,Industrials,56.0,Industrials Services,56.0,Industrials Group,56.0,Industrials Industry,56.0,Industrials Activity,56.0,1956.0
SYN1003.X,SY0000001003,Synthetic Firm 1003,Switzerland,Switzerland,Industrials,56.0,Industrials Services,56.0,Industrials Group,56.0,Industrials Industry,56.0,Industrials Activity,56.0,1932.0
SYN1004.X,SY0000001004,Synthetic Firm 1004,France,France,Industrials,56.0,Industrials Services,56.0,Industrials Group,56.0,Industrials Industry,56.0,Industrials Activity,56.0,1932.0
SYN1005.X,SY0000001005,Synthetic Firm 1005,United Kingdom,United Kingdom,Financials,50.0,Financials Services,50.0,Financials Group,50.0,Financials Industry,50.0,Financials Activity,50.0,1969.0
SYN1006.X,SY0000001006,Synthetic Firm 1006,Switzerland,Switzerland,Basic Materials,59.0,Basic Materials Services,59.0,Basic Materials Group,59.0,Basic Materials Industry,59.0,Basic Materials Activity,59.0,1992.0
SYN1007.X,SY0000001007,Synthetic Firm 1007,France,France,Financials,50.0,Financials Services,50.0,Financials Group,50.0,Financials Industry,50.0,Financials Activity,50.0,2005.0
SYN1008.X,SY0000001008,Synthetic Firm 1008,France,France,Financials,50.0,Financials Services,50.0,Financials Group,50.0,Financials Industry,50.0,Financials Activity,50.0,1952.0
SYN1009.X,SY0000001009,Synthetic Firm 1009,United Kingdom,United Kingdom,Real Estate,55.0,Real Estate Services,55.0,Real Estate Group,55.0,Real Estate Industry,55.0,Real Estate Activity,55.0,1971.0
SYN1010.X,SY0000001010,Synthetic Firm 1010,Germany,Germany,Real Estate,55.0,Real Estate Services,55.0,Real Estate Group,55.0,Real Estate Industry,55.0,Real Estate Activity,55.0,1981.0
SYN1011.X,SY0000001011,Synthetic Firm 1011,Germany,Germany,Industrials,56.0,Industrials Services,56.0,Industrials Group,56.0,Industrials Industry,56.0,Industrials Activity,56.0,1923.0
SYN1012.X,SY0000001012,Synthetic Firm 1012,Switzerland,Switzerland,Consumer Cyclicals,51.0,Consumer Cyclicals Services,51.0,Consumer Cyclicals Group,51.0,Consumer Cyclicals Industry,51.0,Consumer Cyclicals Activity,51.0,1965.0
SYN1013.X,SY0000001013,Synthetic Firm 1013,United Kingdom,United Kingdom,Consumer Cyclicals,51.0,Consumer Cyclicals Services,51.0,Consumer Cyclicals Group,51.0,Consumer Cyclicals Industry,51.0,Consumer Cyclicals Activity,51.0,0.0
SYN1014.X,SY0000001014,Synthetic Firm 1014,Switzerland,Switzerland,Utilities,57.0,Utilities Services,57.0,Utilities Group,57.0,Utilities Industry,57.0,Utilities Activity,57.0,1998.0
SYN1015.X,SY0000001015,Synthetic Firm 1015,Luxembourg,Luxembourg,Real Estate,55.0,Real Estate Services,55.0,Real Estate Group,55.0,Real Estate Industry,55.0,Real Estate Activity,55.0,1992.0
SYN1016.X,SY0000001016,Synthetic Firm 1016,United Kingdom,United Kingdom,Real Estate,55.0,Real Estate Services,55.0,Real Estate Group,55.0,Real Estate Industry,55.0,Real Estate Activity,55.0,1977.0
SYN1017.X,SY0000001017,Synthetic Firm 1017,Germany,Germany,Consumer Non-Cyclicals,52.0,Consumer Non-Cyclicals Services,52.0,Consumer Non-Cyclicals Group,52.0,Consumer Non-Cyclicals Industry,52.0,Consumer Non-Cyclicals Activity,52.0,1952.0
SYN1018.X,SY0000001018,Synthetic Firm 1018,Ireland,Ireland,Consumer Cyclicals,51.0,Consumer Cyclicals Services,51.0,Consumer Cyclicals Group,51.0,Consumer Cyclicals Industry,51.0,Consumer Cyclicals Activity,51.0,0.0
SYN1019.X,SY0000001019,Synthetic Firm 1019,United Kingdom,United Kingdom,Industrials,56.0,Industrials Services,56.0,Industrials Group,56.0,Industrials Industry,56.0,Industrials Activity,56.0,2005.0
SYN1020.X,SY0000001020,Synthetic Firm 1020,United Kingdom,United Kingdom,Consumer Cyclicals,51.0,Consumer Cyclicals Services,51.0,Consumer Cyclicals Group,51.0,Consumer Cyclicals Industry,51.0,Consumer Cyclicals Activity,51.0,1949.0
SYN1021.X,SY0000001021,Synthetic Firm 1021,Israel,Israel,Utilities,57.0,Utilities Services,57.0,Utilities Group,57.0,Utilities Industry,57.0,Utilities Activity,57.0,1999.0
SYN1022.X,SY0000001022,Synthetic Firm 1022,France,France,Consumer Cyclicals,51.0,Consumer Cyclicals Services,51.0,Consumer Cyclicals Group,51.0,Consumer Cyclicals Industry,51.0,Consumer Cyclicals Activity,51.0,0.0
SYN1023.X,SY0000001023,Synthetic Firm 1023,Latvia,Latvia,Basic Materials,59.0,Basic Materials Services,59.0,Basic Materials Group,59.0,Basic Materials Industry,59.0,Basic Materials Activity,59.0,1994.0
SYN1024.X,SY0000001024,Synthetic Firm 1024,United Kingdom,United Kingdom,Energy,54.0,Energy Services,54.0,Energy Group,54.0,Energy Industry,54.0,Energy Activity,54.0,1980.0
SYN1025.X,SY0000001025,Synthetic Firm 1025,Hungary,Hungary,Industrials,56.0,Industrials Services,56.0,Industrials Group,56.0,Industrials Industry,56.0,Industrials Activity,56.0,1979.0
SYN1026.X,SY0000001026,Synthetic Firm 1026,Greece,Greece,Real Estate,55.0,Real Estate Services,55.0,Real Estate Group,55.0,Real Estate Industry,55.0,Real Estate Activity,55.0,1943.0
SYN1027.X,SY0000001027,Synthetic Firm 1027,United Kingdom,United Kingdom,Technology,53.0,Technology Services,53.0,Technology Group,53.0,Technology Industry,53.0,Technology Activity,53.0,1926.0
SYN1028.X,SY0000001028,Synthetic Firm 1028,United Kingdom,United Kingdom,Industrials,56.0,Industrials Services,56.0,Industrials Group,56.0,Industrials Industry,56.0,Industrials Activity,56.0,1936.0
SYN1029.X,SY0000001029,Synthetic Firm 1029,Romania,Romania,Basic Materials,59.0,Basic Materials Services,59.0,Basic Materials Group,59.0,Basic Materials Industry,59.0,Basic Materials Activity,59.0,2015.0
SYN1030.X,SY0000001030,Synthetic Firm 1030,United Kingdom,United Kingdom,Financials,50.0,Financials Services,50.0,Financials Group,50.0,Financials Industry,50.0,Financials Activity,50.0,1958.0
SYN1031.X,SY0000001031,Synthetic Firm 1031,Turkey,Turkey,Real Estate,55.0,Real Estate Services,55.0,Real Estate Group,55.0,Real Estate Industry,55.0,Real Estate Activity,55.0,2000.0
SYN1032.X,SY0000001032,Synthetic Firm 1032,Sweden,Sweden,Consumer Cyclicals,51.0,Consumer Cyclicals Services,51.0,Consumer Cyclicals Group,51.0,Consumer Cyclicals Industry,51.0,Consumer Cyclicals Activity,51.0,2010.0
SYN1033.X,SY0000001033,Synthetic Firm 1033,Germany,Germany,Financials,50.0,Financials Services,50.0,Financials Group,50.0,Financials Industry,50.0,Financials Activity,50.0,2020.0
SYN1034.X,SY0000001034,Synthetic Firm 1034,Turkey,Turkey,Financials,50.0,Financials Services,50.0,Financials Group,50.0,Financials Industry,50.0,Financials Activity,50.0,0.0
SYN1035.X,SY0000001035,Synthetic Firm 1035,Israel,Israel,Consumer Non-Cyclicals,52.0,Consumer Non-Cyclicals Services,52.0,Consumer Non-Cyclicals Group,52.0,Consumer Non-Cyclicals Industry,52.0,Consumer Non-Cyclicals Activity,52.0,1976.0
SYN1036.X,SY0000001036,Synthetic Firm 1036,Turkey,Turkey,Industrials,56.0,Industrials Services,56.0,Industrials Group,56.0,Industrials Industry,56.0,Industrials Activity,56.0,2019.0
SYN1037.X,SY0000001037,Synthetic Firm 1037,Israel,Israel,Industrials,56.0,Industrials Services,56.0,Industrials Group,56.0,Industrials Industry,56.0,Industrials Activity,56.0,1994.0
SYN1038.X,SY0000001038,Synthetic Firm 1038,Romania,Romania,Basic Materials,59.0,Basic Materials Services,59.0,Basic Materials Group,59.0,Basic Materials Industry,59.0,Basic Materials Activity,59.0,1956.0
SYN1039.X,SY0000001039,Synthetic Firm 1039,Sweden,Sweden,Financials,50.0,Financials Services,50.0,Financials Group,50.0,Financials Industry,50.0,Financials Activity,50.0,1961.0
SYN1040.X,SY0000001040,Synthetic Firm 1040,Czechia,Czechia,Real Estate,55.0,Real Estate Services,55.0,Real Estate Group,55.0,Real Estate Industry,55.0,Real Estate Activity,55.0,1951.0
SYN1041.X,SY0000001041,Synthetic Firm 1041,Switzerland,Switzerland,Financials,50.0,Financials Services,50.0,Financials Group,50.0,Financials Industry,50.0,Financials Activity,50.0,1959.0
SYN1042.X,SY0000001042,Synthetic Firm 1042,United Kingdom,United Kingdom,Financials,50.0,Financials Services,50.0,Financials Group,50.0,Financials Industry,50.0,Financials Activity,50.0,1987.0
SYN1043.X,SY0000001043,Synthetic Firm 1043,Switzerland,Switzerland,Financials,50.0,Financials Services,50.0,Financials Group,50.0,Financials Industry,50.0,Financials Activity,50.0,2006.0
SYN1044.X,SY0000001044,Synthetic Firm 1044,United Kingdom,United Kingdom,Consumer Cyclicals,51.0,Consumer Cyclicals Services,51.0,Consumer Cyclicals Group,51.0,Consumer Cyclicals Industry,51.0,Consumer Cyclicals Activity,51.0,1968.0
SYN1045.X,SY0000001045,Synthetic Firm 1045,United Kingdom,United Kingdom,Consumer Cyclicals,51.0,Consumer Cyclicals Services,51.0,Consumer Cyclicals Group,51.0,Consumer Cyclicals Industry,51.0,Consumer Cyclicals Activity,51.0,2009.0
SYN1046.X,SY0000001046,Synthetic Firm 1046,France,France,Industrials,56.0,Industrials Services,56.0,Industrials Group,56.0,Industrials Industry,56.0,Industrials Activity,56.0,1974.0
SYN1047.X,SY0000001047,Synthetic Firm 1047,Sweden,Sweden,Healthcare,58.0,Healthcare Services,58.0,Healthcare Group,58.0,Healthcare Industry,58.0,Healthcare Activity,58.0,1994.0
SYN1048.X,SY0000001048,Synthetic Firm 1048,Belgium,Belgium,Consumer Non-Cyclicals,52.0,Consumer Non-Cyclicals Services,52.0,Consumer Non-Cyclicals Group,52.0,Consumer Non-Cyclicals Industry,52.0,Consumer Non-Cyclicals Activity,52.0,1969.0
SYN1049.X,SY0000001049,Synthetic Firm 1049,Luxembourg,Luxembourg,Consumer Cyclicals,51.0,Consumer Cyclicals Services,51.0,Consumer Cyclicals Group,51.0,Consumer Cyclicals Industry,51.0,Consumer Cyclicals Activity,51.0,1959.0
SYN1050.X,SY0000001050,Synthetic Firm 1050,Germany,Germany,Financials,50.0,Financials Services,50.0,Financials Group,50.0,Financials Industry,50.0,Financials Activity,50.0,2011.0
SYN1051.X,SY0000001051,Synthetic Firm 1051,France,France,Industrials,56.0,Industrials Services,56.0,Industrials Group,56.0,Industrials Industry,56.0,Industrials Activity,56.0,2022.0
SYN1052.X,SY0000001052,Synthetic Firm 1052,United Kingdom,United Kingdom,Industrials,56.0,Industrials Services,56.0,Industrials Group,56.0,Industrials Industry,56.0,Industrials Activity,56.0,1948.0
SYN1053.X,SY0000001053,Synthetic Firm 1053,United Kingdom,United Kingdom,Industrials,56.0,Industrials Services,56.0,Industrials Group,56.0,Industrials Industry,56.0,Industrials Activity,56.0,1962.0
SYN1054.X,SY0000001054,Synthetic Firm 1054,United Kingdom,United Kingdom,Financials,50.0,Financials Services,50.0,Financials Group,50.0,Financials Industry,50.0,Financials Activity,50.0,1966.0
SYN1055.X,SY0000001055,Synthetic Firm 1055,United Kingdom,United Kingdom,Industrials,56.0,Industrials Services,56.0,Industrials Group,56.0,Industrials Industry,56.0,Industrials Activity,56.0,2003.0
SYN1056.X,SY0000001056,Synthetic Firm 1056,Denmark,Denmark,Consumer Cyclicals,51.0,Consumer Cyclicals Services,51.0,Consumer Cyclicals Group,51.0,Consumer Cyclicals Industry,51.0,Consumer Cyclicals Activity,51.0,1948.0
SYN1057.X,SY0000001057,Synthetic Firm 1057,United Kingdom,United Kingdom,Basic Materials,59.0,Basic Materials Services,59.0,Basic Materials Group,59.0,Basic Materials Industry,59.0,Basic Materials Activity,59.0,2012.0
SYN1058.X,SY0000001058,Synthetic Firm 1058,United Kingdom,United Kingdom,Basic Materials,59.0,Basic Materials Services,59.0,Basic Materials Group,59.0,Basic Materials Industry,59.0,Basic Materials Activity,59.0,1976.0
SYN1059.X,SY0000001059,Synthetic Firm 1059,Ireland,Ireland,Industrials,56.0,Industrials Services,56.0,Industrials Group,56.0,Industrials Industry,56.0,Industrials Activity,56.0,1980.0
SYN1060.X,SY0000001060,Synthetic Firm 1060,France,France,Technology,53.0,Technology Services,53.0,Technology Group,53.0,Technology Industry,53.0,Technology Activity,53.0,1994.0
SYN1061.X,SY0000001061,Synthetic Firm 1061,Germany,Germany,Financials,50.0,Financials Services,50.0,Financials Group,50.0,Financials Industry,50.0,Financials Activity,50.0,1983.0
SYN1062.X,SY0000001062,Synthetic Firm 1062,Austria,Austria,Industrials,56.0,Industrials Services,56.0,Industrials Group,56.0,Industrials Industry,56.0,Industrials Activity,56.0,1968.0
SYN1063.X,SY0000001063,Synthetic Firm 1063,France,France,Financials,50.0,Financials Services,50.0,Financials Group,50.0,Financials Industry,50.0,Financials Activity,50.0,2025.0
SYN1064.X,SY0000001064,Synthetic Firm 1064,Switzerland,Switzerland,Financials,50.0,Financials Services,50.0,Financials Group,50.0,Financials Industry,50.0,Financials Activity,50.0,2005.0
SYN1065.X,SY0000001065,Synthetic Firm 1065,Switzerland,Switzerland,Consumer Cyclicals,51.0,Consumer Cyclicals Services,51.0,Consumer Cyclicals Group,51.0,Consumer Cyclicals Industry,51.0,Consumer Cyclicals Activity,51.0,1976.0
SYN1066.X,SY0000001066,Synthetic Firm 1066,Norway,Norway,Consumer Cyclicals,51.0,Consumer Cyclicals Services,51.0,Consumer Cyclicals Group,51.0,Consumer Cyclicals Industry,51.0,Consumer Cyclicals Activity,51.0,1942.0
SYN1067.X,SY0000001067,Synthetic Firm 1067,Ireland,Ireland,Basic Materials,59.0,Basic Materials Services,59.0,Basic Materials Group,59.0,Basic Materials Industry,59.0,Basic Materials Activity,59.0,1971.0
SYN1068.X,SY0000001068,Synthetic Firm 1068,Italy,Italy,Technology,53.0,Technology Services,53.0,Technology Group,53.0,Technology Industry,53.0,Technology Activity,53.0,1983.0
SYN1069.X,SY0000001069,Synthetic Firm 1069,Switzerland,Switzerland,Healthcare,58.0,Healthcare Services,58.0,Healthcare Group,58.0,Healthcare Industry,58.0,Healthcare Activity,58.0,2024.0
SYN1070.X,SY0000001070,Synthetic Firm 1070,Czechia,Czechia,Technology,53.0,Technology Services,53.0,Technology Group,53.0,Technology Industry,53.0,Technology Activity,53.0,1989.0
SYN1071.X,SY0000001071,Synthetic Firm 1071,United Kingdom,United Kingdom,Financials,50.0,Financials Services,50.0,Financials Group,50.0,Financials Industry,50.0,Financials Activity,50.0,1975.0
SYN1072.X,SY0000001072,Synthetic Firm 1072,Norway,Norway,Technology,53.0,Technology Services,53.0,Technology Group,53.0,Technology Industry,53.0,Technology Activity,53.0,1970.0
SYN1073.X,SY0000001073,Synthetic Firm 1073,United Kingdom,United Kingdom,Energy,54.0,Energy Services,54.0,Energy Group,54.0,Energy Industry,54.0,Energy Activity,54.0,1973.0
SYN1074.X,SY0000001074,Synthetic Firm 1074,Switzerland,Switzerland,Consumer Non-Cyclicals,52.0,Consumer Non-Cyclicals Services,52.0,Consumer Non-Cyclicals Group,52.0,Consumer Non-Cyclicals Industry,52.0,Consumer Non-Cyclicals Activity,52.0,2023.0
SYN1075.X,SY0000001075,Synthetic Firm 1075,Netherlands,Netherlands,Financials,50.0,Financials Services,50.0,Financials Group,50.0,Financials Industry,50.0,Financials Activity,50.0,1981.0
SYN1076.X,SY0000001076,Synthetic Firm 1076,France,France,Technology,53.0,Technology Services,53.0,Technology Group,53.0,Technology Industry,53.0,Technology Activity,53.0,1990.0
SYN1077.X,SY0000001077,Synthetic Firm 1077,Greece,Greece,Basic Materials,59.0,Basic Materials Services,59.0,Basic Materials Group,59.0,Basic Materials Industry,59.0,Basic Materials Activity,59.0,1944.0
SYN1078.X,SY0000001078,Synthetic Firm 1078,Sweden,Sweden,Real Estate,55.0,Real Estate Services,55.0,Real Estate Group,55.0,Real Estate Industry,55.0,Real Estate Activity,55.0,2000.0
SYN1079.X,SY0000001079,Synthetic Firm 1079,Turkey,Turkey,Basic Materials,59.0,Basic Materials Services,59.0,Basic Materials Group,59.0,Basic Materials Industry,59.0,Basic Materials Activity,59.0,2019.0
SYN1080.X,SY0000001080,Synthetic Firm 1080,Russia,Russia,Technology,53.0,Technology Services,53.0,Technology Group,53.0,Technology Industry,53.0,Technology Activity,53.0,1973.0
SYN1081.X,SY0000001081,Synthetic Firm 1081,Germany,Germany,Energy,54.0,Energy Services,54.0,Energy Group,54.0,Energy Industry,54.0,Energy Activity,54.0,2019.0
SYN1082.X,SY0000001082,Synthetic Firm 1082,Luxembourg,Luxembourg,Basic Materials,59.0,Basic Materials Services,59.0,Basic Materials Group,59.0,Basic Materials Industry,59.0,Basic Materials Activity,59.0,1971.0
SYN1083.X,SY0000001083,Synthetic Firm 1083,Switzerland,Switzerland,Basic Materials,59.0,Basic Materials Services,59.0,Basic Materials Group,59.0,Basic Materials Industry,59.0,Basic Materials Activity,59.0,1926.0
SYN1084.X,SY0000001084,Synthetic Firm 1084,Luxembourg,Luxembourg,Consumer Non-Cyclicals,52.0,Consumer Non-Cyclicals Services,52.0,Consumer Non-Cyclicals Group,52.0,Consumer Non-Cyclicals Industry,52.0,Consumer Non-Cyclicals Activity,52.0,1992.0
SYN1085.X,SY0000001085,Synthetic Firm 1085,Romania,Romania,Technology,53.0,Technology Services,53.0,Technology Group,53.0,Technology Industry,53.0,Technology Activity,53.0,2016.0
SYN1086.X,SY0000001086,Synthetic Firm 1086,Russia,Russia,Technology,53.0,Technology Services,53.0,Technology Group,53.0,Technology Industry,53.0,Technology Activity,53.0,1974.0
SYN1087.X,SY0000001087,Synthetic Firm 1087,Portugal,Portugal,Financials,50.0,Financials Services,50.0,Financials Group,50.0,Financials Industry,50.0,Financials Activity,50.0,2017.0
SYN1088.X,SY0000001088,Synthetic Firm 1088,Hungary,Hungary,Technology,53.0,Technology Services,53.0,Technology Group,53.0,Technology Industry,53.0,Technology Activity,53.0,2017.0
SYN1089.X,SY0000001089,Synthetic Firm 1089,Sweden,Sweden,Technology,53.0,Technology Services,53.0,Technology Group,53.0,Technology Industry,53.0,Technology Activity,53.0,2013.0
SYN1090.X,SY0000001090,Synthetic Firm 1090,Hungary,Hungary,Technology,53.0,Technology Services,53.0,Technology Group,53.0,Technology Industry,53.0,Technology Activity,53.0,1982.0
SYN1091.X,SY0000001091,Synthetic Firm 1091,Turkey,Turkey,Consumer Cyclicals,51.0,Consumer Cyclicals Services,51.0,Consumer Cyclicals Group,51.0,Consumer Cyclicals Industry,51.0,Consumer Cyclicals Activity,51.0,1942.0
SYN1092.X,SY0000001092,Synthetic Firm 1092,Czechia,Czechia,Industrials,56.0,Industrials Services,56.0,Industrials Group,56.0,Industrials Industry,56.0,Industrials Activity,56.0,1992.0
SYN1093.X,SY0000001093,Synthetic Firm 1093,United Kingdom,United Kingdom,Healthcare,58.0,Healthcare Services,58.0,Healthcare Group,58.0,Healthcare Industry,58.0,Healthcare Activity,58.0,2005.0
SYN1094.X,SY0000001094,Synthetic Firm 1094,Greece,Greece,Financials,50.0,Financials Services,50.0,Financials Group,50.0,Financials Industry,50.0,Financials Activity,50.0,1978.0
SYN1095.X,SY0000001095,Synthetic Firm 1095,Hungary,Hungary,Consumer Non-Cyclicals,52.0,Consumer Non-Cyclicals Services,52.0,Consumer Non-Cyclicals Group,52.0,Consumer Non-Cyclicals Industry,52.0,Consumer Non-Cyclicals Activity,52.0,2013.0
SYN1096.X,SY0000001096,Synthetic Firm 1096,United Kingdom,United Kingdom,Financials,50.0,Financials Services,50.0,Financials Group,50.0,Financials Industry,50.0,Financials Activity,50.0,1965.0
SYN1097.X,SY0000001097,Synthetic Firm 1097,Poland,Poland,Industrials,56.0,Industrials Services,56.0,Industrials Group,56.0,Industrials Industry,56.0,Industrials Activity,56.0,2008.0
SYN1098.X,SY0000001098,Synthetic Firm 1098,Germany,Germany,Industrials,56.0,Industrials Services,56.0,Industrials Group,56.0,Industrials Industry,56.0,Industrials Activity,56.0,0.0
SYN1099.X,SY0000001099,Synthetic Firm 1099,United Kingdom,United Kingdom,Basic Materials,59.0,Basic Materials Services,59.0,Basic Materials Group,59.0,Basic Materials Industry,59.0,Basic Materials Activity,59.0,0.0
SYN1100.X,SY0000001100,Synthetic Firm 1100,Romania,Romania,Consumer Cyclicals,51.0,Consumer Cyclicals Services,51.0,Consumer Cyclicals Group,51.0,Consumer Cyclicals Industry,51.0,Consumer Cyclicals Activity,51.0,1984.0
SYN1101.X,SY0000001101,Synthetic Firm 1101,Sweden,Sweden,Financials,50.0,Financials Services,50.0,Financials Group,50.0,Financials Industry,50.0,Financials Activity,50.0,2007.0
SYN1102.X,SY0000001102,Synthetic Firm 1102,Sweden,Sweden,Industrials,56.0,Industrials Services,56.0,Industrials Group,56.0,Industrials Industry,56.0,Industrials Activity,56.0,1953.0
SYN1103.X,SY0000001103,Synthetic Firm 1103,Germany,Germany,Technology,53.0,Technology Services,53.0,Technology Group,53.0,Technology Industry,53.0,Technology Activity,53.0,2004.0
SYN1104.X,SY0000001104,Synthetic Firm 1104,Sweden,Sweden,Financials,50.0,Financials Services,50.0,Financials Group,50.0,Financials Industry,50.0,Financials Activity,50.0,2010.0
SYN1105.X,SY0000001105,Synthetic Firm 1105,Turkey,Turkey,Industrials,56.0,Industrials Services,56.0,Industrials Group,56.0,Industrials Industry,56.0,Industrials Activity,56.0,1954.0
SYN1106.X,SY0000001106,Synthetic Firm 1106,Finland,Finland,Technology,53.0,Technology Services,53.0,Technology Group,53.0,Technology Industry,53.0,Technology Activity,53.0,2011.0
SYN1107.X,SY0000001107,Synthetic Firm 1107,United Kingdom,United Kingdom,Consumer Cyclicals,51.0,Consumer Cyclicals Services,51.0,Consumer Cyclicals Group,51.0,Consumer Cyclicals Industry,51.0,Consumer Cyclicals Activity,51.0,1963.0
SYN1108.X,SY0000001108,Synthetic Firm 1108,Finland,Finland,Consumer Cyclicals,51.0,Consumer Cyclicals Services,51.0,Consumer Cyclicals Group,51.0,Consumer Cyclicals Industry,51.0,Consumer Cyclicals Activity,51.0,2024.0
SYN1109.X,SY0000001109,Synthetic Firm 1109,France,France,Basic Materials,59.0,Basic Materials Services,59.0,Basic Materials Group,59.0,Basic Materials Industry,59.0,Basic Materials Activity,59.0,2010.0
SYN1110.X,SY0000001110,Synthetic Firm 1110,France,France,Financials,50.0,Financials Services,50.0,Financials Group,50.0,Financials Industry,50.0,Financials Activity,50.0,2006.0
SYN1111.X,SY0000001111,Synthetic Firm 1111,Sweden,Sweden,Industrials,56.0,Industrials Services,56.0,Industrials Group,56.0,Industrials Industry,56.0,Industrials Activity,56.0,1944.0
SYN1112.X,SY0000001112,Synthetic Firm 1112,United Kingdom,United Kingdom,Utilities,57.0,Utilities Services,57.0,Utilities Group,57.0,Utilities Industry,57.0,Utilities Activity,57.0,2017.0
SYN1113.X,SY0000001113,Synthetic Firm 1113,United Kingdom,United Kingdom,Financials,50.0,Financials Services,50.0,Financials Group,50.0,Financials Industry,50.0,Financials Activity,50.0,1992.0
SYN1114.X,SY0000001114,Synthetic Firm 1114,United Kingdom,United Kingdom,Financials,50.0,Financials Services,50.0,Financials Group,50.0,Financials Industry,50.0,Financials Activity,50.0,0.0
SYN1115.X,SY0000001115,Synthetic Firm 1115,United Kingdom,United Kingdom,Industrials,56.0,Industrials Services,56.0,Industrials Group,56.0,Industrials Industry,56.0,Industrials Activity,56.0,1984.0
SYN1116.X,SY0000001116,Synthetic Firm 1116,France,France,Consumer Cyclicals,51.0,Consumer Cyclicals Services,51.0,Consumer Cyclicals Group,51.0,Consumer Cyclicals Industry,51.0,Consumer Cyclicals Activity,51.0,1966.0
SYN1117.X,SY0000001117,Synthetic Firm 1117,Sweden,Sweden,Financials,50.0,Financials Services,50.0,Financials Group,50.0,Financials Industry,50.0,Financials Activity,50.0,1927.0
SYN1118.X,SY0000001118,Synthetic Firm 1118,Cyprus,Cyprus,Technology,53.0,Technology Services,53.0,Technology Group,53.0,Technology Industry,53.0,Technology Activity,53.0,1950.0
SYN1119.X,SY0000001119,Synthetic Firm 1119,United Kingdom,United Kingdom,Industrials,56.0,Industrials Services,56.0,Industrials Group,56.0,Industrials Industry,56.0,Industrials Activity,56.0,1964.0
SYN1120.X,SY0000001120,Synthetic Firm 1120,Austria,Austria,Financials,50.0,Financials Services,50.0,Financials Group,50.0,Financials Industry,50.0,Financials Activity,50.0,2018.0
SYN1121.X,SY0000001121,Synthetic Firm 1121,United Kingdom,United Kingdom,Industrials,56.0,Industrials Services,56.0,Industrials Group,56.0,Industrials Industry,56.0,Industrials Activity,56.0,1988.0
SYN1122.X,SY0000001122,Synthetic Firm 1122,Czechia,Czechia,Financials,50.0,Financials Services,50.0,Financials Group,50.0,Financials Industry,50.0,Financials Activity,50.0,1991.0
SYN1123.X,SY0000001123,Synthetic Firm 1123,Switzerland,Switzerland,Industrials,56.0,Industrials Services,56.0,Industrials Group,56.0,Industrials Industry,56.0,Industrials Activity,56.0,2006.0
SYN1124.X,SY0000001124,Synthetic Firm 1124,Germany,Germany,Financials,50.0,Financials Services,50.0,Financials Group,50.0,Financials Industry,50.0,Financials Activity,50.0,1974.0
SYN1125.X,SY0000001125,Synthetic Firm 1125,Ireland,Ireland,Consumer Cyclicals,51.0,Consumer Cyclicals Services,51.0,Consumer Cyclicals Group,51.0,Consumer Cyclicals Industry,51.0,Consumer Cyclicals Activity,51.0,2001.0
SYN1126.X,SY0000001126,Synthetic Firm 1126,Netherlands,Netherlands,Financials,50.0,Financials Services,50.0,Financials Group,50.0,Financials Industry,50.0,Financials Activity,50.0,1983.0
SYN1127.X,SY0000001127,Synthetic Firm 1127,France,France,Financials,50.0,Financials Services,50.0,Financials Group,50.0,Financials Industry,50.0,Financials Activity,50.0,1973.0
SYN1128.X,SY0000001128,Synthetic Firm 1128,Belgium,Belgium,Industrials,56.0,Industrials Services,56.0,Industrials Group,56.0,Industrials Industry,56.0,Industrials Activity,56.0,2009.0
SYN1129.X,SY0000001129,Synthetic Firm 1129,Switzerland,Switzerland,Consumer Cyclicals,51.0,Consumer Cyclicals Services,51.0,Consumer Cyclicals Group,51.0,Consumer Cyclicals Industry,51.0,Consumer Cyclicals Activity,51.0,1963.0
SYN1130.X,SY0000001130,Synthetic Firm 1130,United Kingdom,United Kingdom,Real Estate,55.0,Real Estate Services,55.0,Real Estate Group,55.0,Real Estate Industry,55.0,Real Estate Activity,55.0,0.0
SYN1131.X,SY0000001131,Synthetic Firm 1131,Greece,Greece,Financials,50.0,Financials Services,50.0,Financials Group,50.0,Financials Industry,50.0,Financials Activity,50.0,2024.0
SYN1132.X,SY0000001132,Synthetic Firm 1132,France,France,Consumer Cyclicals,51.0,Consumer Cyclicals Services,51.0,Consumer Cyclicals Group,51.0,Consumer Cyclicals Industry,51.0,Consumer Cyclicals Activity,51.0,2017.0
SYN1133.X,SY0000001133,Synthetic Firm 1133,Russia,Russia,Real Estate,55.0,Real Estate Services,55.0,Real Estate Group,55.0,Real Estate Industry,55.0,Real Estate Activity,55.0,2006.0
SYN1134.X,SY0000001134,Synthetic Firm 1134,Sweden,Sweden,Consumer Cyclicals,51.0,Consumer Cyclicals Services,51.0,Consumer Cyclicals Group,51.0,Consumer Cyclicals Industry,51.0,Consumer Cyclicals Activity,51.0,1961.0
SYN1135.X,SY0000001135,Synthetic Firm 1135,Sweden,Sweden,Financials,50.0,Financials Services,50.0,Financials Group,50.0,Financials Industry,50.0,Financials Activity,50.0,2004.0
SYN1136.X,SY0000001136,Synthetic Firm 1136,Switzerland,Switzerland,Industrials,56.0,Industrials Services,56.0,Industrials Group,56.0,Industrials Industry,56.0,Industrials Activity,56.0,1978.0
SYN1137.X,SY0000001137,Synthetic Firm 1137,United Kingdom,United Kingdom,Consumer Non-Cyclicals,52.0,Consumer Non-Cyclicals Services,52.0,Consumer Non-Cyclicals Group,52.0,Consumer Non-Cyclicals Industry,52.0,Consumer Non-Cyclicals Activity,52.0,1920.0
SYN1138.X,SY0000001138,Synthetic Firm 1138,Germany,Germany,Industrials,56.0,Industrials Services,56.0,Industrials Group,56.0,Industrials Industry,56.0,Industrials Activity,56.0,1968.0
SYN1139.X,SY0000001139,Synthetic Firm 1139,Austria,Austria,Financials,50.0,Financials Services,50.0,Financials Group,50.0,Financials Industry,50.0,Financials Activity,50.0,2005.0
SYN1140.X,SY0000001140,Synthetic Firm 1140,Sweden,Sweden,Healthcare,58.0,Healthcare Services,58.0,Healthcare Group,58.0,Healthcare Industry,58.0,Healthcare Activity,58.0,2025.0
SYN1141.X,SY0000001141,Synthetic Firm 1141,Netherlands,Netherlands,Healthcare,58.0,Healthcare Services,58.0,Healthcare Group,58.0,Healthcare Industry,58.0,Healthcare Activity,58.0,1952.0
SYN1142.X,SY0000001142,Synthetic Firm 1142,Switzerland,Switzerland,Consumer Cyclicals,51.0,Consumer Cyclicals Services,51.0,Consumer Cyclicals Group,51.0,Consumer Cyclicals Industry,51.0,Consumer Cyclicals Activity,51.0,1991.0
SYN1143.X,SY0000001143,Synthetic Firm 1143,Latvia,Latvia,Financials,50.0,Financials Services,50.0,Financials Group,50.0,Financials Industry,50.0,Financials Activity,50.0,0.0
SYN1144.X,SY0000001144,Synthetic Firm 1144,United Kingdom,United Kingdom,Technology,53.0,Technology Services,53.0,Technology Group,53.0,Technology Industry,53.0,Technology Activity,53.0,1978.0
SYN1145.X,SY0000001145,Synthetic Firm 1145,Germany,Germany,Technology,53.0,Technology Services,53.0,Technology Group,53.0,Technology Industry,53.0,Technology Activity,53.0,1929.0
SYN1146.X,SY0000001146,Synthetic Firm 1146,Finland,Finland,Industrials,56.0,Industrials Services,56.0,Industrials Group,56.0,Industrials Industry,56.0,Industrials Activity,56.0,2019.0
SYN1147.X,SY0000001147,Synthetic Firm 1147,United Kingdom,United Kingdom,Real Estate,55.0,Real Estate Services,55.0,Real Estate Group,55.0,Real Estate Industry,55.0,Real Estate Activity,55.0,1982.0
SYN1148.X,SY0000001148,Synthetic Firm 1148,Turkey,Turkey,Technology,53.0,Technology Services,53.0,Technology Group,53.0,Technology Industry,53.0,Technology Activity,53.0,1989.0
SYN1149.X,SY0000001149,Synthetic Firm 1149,Norway,Norway,Consumer Cyclicals,51.0,Consumer Cyclicals Services,51.0,Consumer Cyclicals Group,51.0,Consumer Cyclicals Industry,51.0,Consumer Cyclicals Activity,51.0,1987.0
SYN1150.X,SY0000001150,Synthetic Firm 1150,Denmark,Denmark,Consumer Cyclicals,51.0,Consumer Cyclicals Services,51.0,Consumer Cyclicals Group,51.0,Consumer Cyclicals Industry,51.0,Consumer Cyclicals Activity,51.0,1995.0
SYN1151.X,SY0000001151,Synthetic Firm 1151,Hungary,Hungary,Financials,50.0,Financials Services,50.0,Financials Group,50.0,Financials Industry,50.0,Financials Activity,50.0,2010.0
SYN1152.X,SY0000001152,Synthetic Firm 1152,Germany,Germany,Technology,53.0,Technology Services,53.0,Technology Group,53.0,Technology Industry,53.0,Technology Activity,53.0,2023.0
SYN1153.X,SY0000001153,Synthetic Firm 1153,Romania,Romania,Healthcare,58.0,Healthcare Services,58.0,Healthcare Group,58.0,Healthcare Industry,58.0,Healthcare Activity,58.0,1961.0
SYN1154.X,SY0000001154,Synthetic Firm 1154,Sweden,Sweden,Real Estate,55.0,Real Estate Services,55.0,Real Estate Group,55.0,Real Estate Industry,55.0,Real Estate Activity,55.0,1962.0
SYN1155.X,SY0000001155,Synthetic Firm 1155,Hungary,Hungary,Industrials,56.0,Industrials Services,56.0,Industrials Group,56.0,Industrials Industry,56.0,Industrials Activity,56.0,1968.0
SYN1156.X,SY0000001156,Synthetic Firm 1156,United Kingdom,United Kingdom,Technology,53.0,Technology Services,53.0,Technology Group,53.0,Technology Industry,53.0,Technology Activity,53.0,1990.0
SYN1157.X,SY0000001157,Synthetic Firm 1157,Germany,Germany,Consumer Cyclicals,51.0,Consumer Cyclicals Services,51.0,Consumer Cyclicals Group,51.0,Consumer Cyclicals Industry,51.0,Consumer Cyclicals Activity,51.0,1947.0
SYN1158.X,SY0000001158,Synthetic Firm 1158,Sweden,Sweden,Financials,50.0,Financials Services,50.0,Financials Group,50.0,Financials Industry,50.0,Financials Activity,50.0,1966.0
SYN1159.X,SY0000001159,Synthetic Firm 1159,Sweden,Sweden,Financials,50.0,Financials Services,50.0,Financials Group,50.0,Financials Industry,50.0,Financials Activity,50.0,1982.0
SYN1160.X,SY0000001160,Synthetic Firm 1160,United Kingdom,United Kingdom,Technology,53.0,Technology Services,53.0,Technology Group,53.0,Technology Industry,53.0,Technology Activity,53.0,1990.0
SYN1161.X,SY0000001161,Synthetic Firm 1161,Sweden,Sweden,Consumer Cyclicals,51.0,Consumer Cyclicals Services,51.0,Consumer Cyclicals Group,51.0,Consumer Cyclicals Industry,51.0,Consumer Cyclicals Activity,51.0,1982.0
SYN1162.X,SY0000001162,Synthetic Firm 1162,United Kingdom,United Kingdom,Basic Materials,59.0,Basic Materials Services,59.0,Basic Materials Group,59.0,Basic Materials Industry,59.0,Basic Materials Activity,59.0,1972.0
SYN1163.X,SY0000001163,Synthetic Firm 1163,United Kingdom,United Kingdom,Financials,50.0,Financials Services,50.0,Financials Group,50.0,Financials Industry,50.0,Financials Activity,50.0,1963.0
SYN1164.X,SY0000001164,Synthetic Firm 1164,Poland,Poland,Consumer Non-Cyclicals,52.0,Consumer Non-Cyclicals Services,52.0,Consumer Non-Cyclicals Group,52.0,Consumer Non-Cyclicals Industry,52.0,Consumer Non-Cyclicals Activity,52.0,1985.0
SYN1165.X,SY0000001165,Synthetic Firm 1165,Ireland,Ireland,Industrials,56.0,Industrials Services,56.0,Industrials Group,56.0,Industrials Industry,56.0,Industrials Activity,56.0,1951.0
SYN1166.X,SY0000001166,Synthetic Firm 1166,Bulgaria,Bulgaria,Financials,50.0,Financials Services,50.0,Financials Group,50.0,Financials Industry,50.0,Financials Activity,50.0,1935.0
SYN1167.X,SY0000001167,Synthetic Firm 1167,Finland,Finland,Financials,50.0,Financials Services,50.0,Financials Group,50.0,Financials Industry,50.0,Financials Activity,50.0,1975.0
SYN1168.X,SY0000001168,Synthetic Firm 1168,United Kingdom,United Kingdom,Real Estate,55.0,Real Estate Services,55.0,Real Estate Group,55.0,Real Estate Industry,55.0,Real Estate Activity,55.0,1969.0
SYN1169.X,SY0000001169,Synthetic Firm 1169,Portugal,Portugal,Technology,53.0,Technology Services,53.0,Technology Group,53.0,Technology Industry,53.0,Technology Activity,53.0,2003.0
SYN1170.X,SY0000001170,Synthetic Firm 1170,United Kingdom,United Kingdom,Financials,50.0,Financials Services,50.0,Financials Group,50.0,Financials Industry,50.0,Financials Activity,50.0,1956.0
SYN1171.X,SY0000001171,Synthetic Firm 1171,United Kingdom,United Kingdom,Industrials,56.0,Industrials Services,56.0,Industrials Group,56.0,Industrials Industry,56.0,Industrials Activity,56.0,2002.0
SYN1172.X,SY0000001172,Synthetic Firm 1172,United Kingdom,United Kingdom,Financials,50.0,Financials Services,50.0,Financials Group,50.0,Financials Industry,50.0,Financials Activity,50.0,1938.0
SYN1173.X,SY0000001173,Synthetic Firm 1173,United Kingdom,United Kingdom,Financials,50.0,Financials Services,50.0,Financials Group,50.0,Financials Industry,50.0,Financials Activity,50.0,1993.0
SYN1174.X,SY0000001174,Synthetic Firm 1174,Austria,Austria,Utilities,57.0,Utilities Services,57.0,Utilities Group,57.0,Utilities Industry,57.0,Utilities Activity,57.0,1977.0
SYN1175.X,SY0000001175,Synthetic Firm 1175,Israel,Israel,Consumer Cyclicals,51.0,Consumer Cyclicals Services,51.0,Consumer Cyclicals Group,51.0,Consumer Cyclicals Industry,51.0,Consumer Cyclicals Activity,51.0,1913.0
SYN1176.X,SY0000001176,Synthetic Firm 1176,Romania,Romania,Industrials,56.0,Industrials Services,56.0,Industrials Group,56.0,Industrials Industry,56.0,Industrials Activity,56.0,1977.0
SYN1177.X,SY0000001177,Synthetic Firm 1177,Sweden,Sweden,Utilities,57.0,Utilities Services,57.0,Utilities Group,57.0,Utilities Industry,57.0,Utilities Activity,57.0,1989.0
SYN1178.X,SY0000001178,Synthetic Firm 1178,Austria,Austria,Consumer Cyclicals,51.0,Consumer Cyclicals Services,51.0,Consumer Cyclicals Group,51.0,Consumer Cyclicals Industry,51.0,Consumer Cyclicals Activity,51.0,2003.0
SYN1179.X,SY0000001179,Synthetic Firm 1179,Poland,Poland,Financials,50.0,Financials Services,50.0,Financials Group,50.0,Financials Industry,50.0,Financials Activity,50.0,2025.0
SYN1180.X,SY0000001180,Synthetic Firm 1180,Czechia,Czechia,Financials,50.0,Financials Services,50.0,Financials Group,50.0,Financials Industry,50.0,Financials Activity,50.0,1966.0
SYN1181.X,SY0000001181,Synthetic Firm 1181,Switzerland,Switzerland,Consumer Cyclicals,51.0,Consumer Cyclicals Services,51.0,Consumer Cyclicals Group,51.0,Consumer Cyclicals Industry,51.0,Consumer Cyclicals Activity,51.0,1986.0
SYN1182.X,SY0000001182,Synthetic Firm 1182,Greece,Greece,Financials,50.0,Financials Services,50.0,Financials Group,50.0,Financials Industry,50.0,Financials Activity,50.0,2012.0
SYN1183.X,SY0000001183,Synthetic Firm 1183,Belgium,Belgium,Technology,53.0,Technology Services,53.0,Technology Group,53.0,Technology Industry,53.0,Technology Activity,53.0,1972.0
SYN1184.X,SY0000001184,Synthetic Firm 1184,Switzerland,Switzerland,Consumer Cyclicals,51.0,Consumer Cyclicals Services,51.0,Consumer Cyclicals Group,51.0,Consumer Cyclicals Industry,51.0,Consumer Cyclicals Activity,51.0,2012.0
SYN1185.X,SY0000001185,Synthetic Firm 1185,Switzerland,Switzerland,Consumer Cyclicals,51.0,Consumer Cyclicals Services,51.0,Consumer Cyclicals Group,51.0,Consumer Cyclicals Industry,51.0,Consumer Cyclicals Activity,51.0,2014.0
SYN1186.X,SY0000001186,Synthetic Firm 1186,Switzerland,Switzerland,Industrials,56.0,Industrials Services,56.0,Industrials Group,56.0,Industrials Industry,56.0,Industrials Activity,56.0,1972.0
SYN1187.X,SY0000001187,Synthetic Firm 1187,United Kingdom,United Kingdom,Technology,53.0,Technology Services,53.0,Technology Group,53.0,Technology Industry,53.0,Technology Activity,53.0,2015.0
SYN1188.X,SY0000001188,Synthetic Firm 1188,Hungary,Hungary,Industrials,56.0,Industrials Services,56.0,Industrials Group,56.0,Industrials Industry,56.0,Industrials Activity,56.0,1992.0
SYN1189.X,SY0000001189,Synthetic Firm 1189,Russia,Russia,Technology,53.0,Technology Services,53.0,Technology Group,53.0,Technology Industry,53.0,Technology Activity,53.0,2003.0
SYN1190.X,SY0000001190,Synthetic Firm 1190,United Kingdom,United Kingdom,Utilities,57.0,Utilities Services,57.0,Utilities Group,57.0,Utilities Industry,57.0,Utilities Activity,57.0,1992.0
SYN1191.X,SY0000001191,Synthetic Firm 1191,Portugal,Portugal,Real Estate,55.0,Real Estate Services,55.0,Real Estate Group,55.0,Real Estate Industry,55.0,Real Estate Activity,55.0,2009.0
SYN1192.X,SY0000001192,Synthetic Firm 1192,Germany,Germany,Financials,50.0,Financials Services,50.0,Financials Group,50.0,Financials Industry,50.0,Financials Activity,50.0,1997.0
SYN1193.X,SY0000001193,Synthetic Firm 1193,Sweden,Sweden,Consumer Cyclicals,51.0,Consumer Cyclicals Services,51.0,Consumer Cyclicals Group,51.0,Consumer Cyclicals Industry,51.0,Consumer Cyclicals Activity,51.0,1942.0
SYN1194.X,SY0000001194,Synthetic Firm 1194,United Kingdom,United Kingdom,Consumer Cyclicals,51.0,Consumer Cyclicals Services,51.0,Consumer Cyclicals Group,51.0,Consumer Cyclicals Industry,51.0,Consumer Cyclicals Activity,51.0,2018.0
SYN1195.X,SY0000001195,Synthetic Firm 1195,Ireland,Ireland,Technology,53.0,Technology Services,53.0,Technology Group,53.0,Technology Industry,53.0,Technology Activity,53.0,1942.0
SYN1196.X,SY0000001196,Synthetic Firm 1196,France,France,Industrials,56.0,Industrials Services,56.0,Industrials Group,56.0,Industrials Industry,56.0,Industrials Activity,56.0,2024.0
SYN1197.X,SY0000001197,Synthetic Firm 1197,United Kingdom,United Kingdom,Industrials,56.0,Industrials Services,56.0,Industrials Group,56.0,Industrials Industry,56.0,Industrials Activity,56.0,2023.0
SYN1198.X,SY0000001198,Synthetic Firm 1198,United Kingdom,United Kingdom,Healthcare,58.0,Healthcare Services,58.0,Healthcare Group,58.0,Healthcare Industry,58.0,Healthcare Activity,58.0,1961.0
SYN1199.X,SY0000001199,Synthetic Firm 1199,Sweden,Sweden,Technology,53.0,Technology Services,53.0,Technology Group,53.0,Technology Industry,53.0,Technology Activity,53.0,1996.0
SYN1200.X,SY0000001200,Synthetic Firm 1200,Belgium,Belgium,Consumer Cyclicals,51.0,Consumer Cyclicals Services,51.0,Consumer Cyclicals Group,51.0,Consumer Cyclicals Industry,51.0,Consumer Cyclicals Activity,51.0,1952.0
SYN1201.X,SY0000001201,Synthetic Firm 1201,Finland,Finland,Energy,54.0,Energy Services,54.0,Energy Group,54.0,Energy Industry,54.0,Energy Activity,54.0,1987.0
SYN1202.X,SY0000001202,Synthetic Firm 1202,Poland,Poland,Financials,50.0,Financials Services,50.0,Financials Group,50.0,Financials Industry,50.0,Financials Activity,50.0,1972.0
SYN1203.X,SY0000001203,Synthetic Firm 1203,Denmark,Denmark,Healthcare,58.0,Healthcare Services,58.0,Healthcare Group,58.0,Healthcare Industry,58.0,Healthcare Activity,58.0,1978.0
SYN1204.X,SY0000001204,Synthetic Firm 1204,Finland,Finland,Real Estate,55.0,Real Estate Services,55.0,Real Estate Group,55.0,Real Estate Industry,55.0,Real Estate Activity,55.0,1955.0
SYN1205.X,SY0000001205,Synthetic Firm 1205,Belgium,Belgium,Consumer Non-Cyclicals,52.0,Consumer Non-Cyclicals Services,52.0,Consumer Non-Cyclicals Group,52.0,Consumer Non-Cyclicals Industry,52.0,Consumer Non-Cyclicals Activity,52.0,1975.0
SYN1206.X,SY0000001206,Synthetic Firm 1206,United Kingdom,United Kingdom,Basic Materials,59.0,Basic Materials Services,59.0,Basic Materials Group,59.0,Basic Materials Industry,59.0,Basic Materials Activity,59.0,1939.0
SYN1207.X,SY0000001207,Synthetic Firm 1207,United Kingdom,United Kingdom,Real Estate,55.0,Real Estate Services,55.0,Real Estate Group,55.0,Real Estate Industry,55.0,Real Estate Activity,55.0,2022.0
SYN1208.X,SY0000001208,Synthetic Firm 1208,United Kingdom,United Kingdom,Utilities,57.0,Utilities Services,57.0,Utilities Group,57.0,Utilities Industry,57.0,Utilities Activity,57.0,2018.0
SYN1209.X,SY0000001209,Synthetic Firm 1209,Turkey,Turkey,Financials,50.0,Financials Services,50.0,Financials Group,50.0,Financials Industry,50.0,Financials Activity,50.0,1952.0
SYN1210.X,SY0000001210,Synthetic Firm 1210,Ireland,Ireland,Industrials,56.0,Industrials Services,56.0,Industrials Group,56.0,Industrials Industry,56.0,Industrials Activity,56.0,1986.0
SYN1211.X,SY0000001211,Synthetic Firm 1211,Switzerland,Switzerland,Industrials,56.0,Industrials Services,56.0,Industrials Group,56.0,Industrials Industry,56.0,Industrials Activity,56.0,1985.0
SYN1212.X,SY0000001212,Synthetic Firm 1212,Portugal,Portugal,Basic Materials,59.0,Basic Materials Services,59.0,Basic Materials Group,59.0,Basic Materials Industry,59.0,Basic Materials Activity,59.0,2025.0
SYN1213.X,SY0000001213,Synthetic Firm 1213,United Kingdom,United Kingdom,Financials,50.0,Financials Services,50.0,Financials Group,50.0,Financials Industry,50.0,Financials Activity,50.0,1978.0
SYN1214.X,SY0000001214,Synthetic Firm 1214,Poland,Poland,Real Estate,55.0,Real Estate Services,55.0,Real Estate Group,55.0,Real Estate Industry,55.0,Real Estate Activity,55.0,1975.0
SYN1215.X,SY0000001215,Synthetic Firm 1215,Hungary,Hungary,Industrials,56.0,Industrials Services,56.0,Industrials Group,56.0,Industrials Industry,56.0,Industrials Activity,56.0,1972.0
SYN1216.X,SY0000001216,Synthetic Firm 1216,Germany,Germany,Consumer Non-Cyclicals,52.0,Consumer Non-Cyclicals Services,52.0,Consumer Non-Cyclicals Group,52.0,Consumer Non-Cyclicals Industry,52.0,Consumer Non-Cyclicals Activity,52.0,2011.0
SYN1217.X,SY0000001217,Synthetic Firm 1217,Sweden,Sweden,Industrials,56.0,Industrials Services,56.0,Industrials Group,56.0,Industrials Industry,56.0,Industrials Activity,56.0,1976.0
SYN1218.X,SY0000001218,Synthetic Firm 1218,United Kingdom,United Kingdom,Financials,50.0,Financials Services,50.0,Financials Group,50.0,Financials Industry,50.0,Financials Activity,50.0,1920.0
SYN1219.X,SY0000001219,Synthetic Firm 1219,United Kingdom,United Kingdom,Consumer Cyclicals,51.0,Consumer Cyclicals Services,51.0,Consumer Cyclicals Group,51.0,Consumer Cyclicals Industry,51.0,Consumer Cyclicals Activity,51.0,1976.0
SYN1220.X,SY0000001220,Synthetic Firm 1220,France,France,Healthcare,58.0,Healthcare Services,58.0,Healthcare Group,58.0,Healthcare Industry,58.0,Healthcare Activity,58.0,2008.0
SYN1221.X,SY0000001221,Synthetic Firm 1221,Luxembourg,Luxembourg,Consumer Cyclicals,51.0,Consumer Cyclicals Services,51.0,Consumer Cyclicals Group,51.0,Consumer Cyclicals Industry,51.0,Consumer Cyclicals Activity,51.0,1969.0
SYN1222.X,SY0000001222,Synthetic Firm 1222,Netherlands,Netherlands,Utilities,57.0,Utilities Services,57.0,Utilities Group,57.0,Utilities Industry,57.0,Utilities Activity,57.0,2021.0
SYN1223.X,SY0000001223,Synthetic Firm 1223,United Kingdom,United Kingdom,Industrials,56.0,Industrials Services,56.0,Industrials Group,56.0,Industrials Industry,56.0,Industrials Activity,56.0,1986.0
SYN1224.X,SY0000001224,Synthetic Firm 1224,France,France,Industrials,56.0,Industrials Services,56.0,Industrials Group,56.0,Industrials Industry,56.0,Industrials Activity,56.0,1991.0
SYN1225.X,SY0000001225,Synthetic Firm 1225,United Kingdom,United Kingdom,Technology,53.0,Technology Services,53.0,Technology Group,53.0,Technology Industry,53.0,Technology Activity,53.0,1961.0
SYN1226.X,SY0000001226,Synthetic Firm 1226,Switzerland,Switzerland,Consumer Non-Cyclicals,52.0,Consumer Non-Cyclicals Services,52.0,Consumer Non-Cyclicals Group,52.0,Consumer Non-Cyclicals Industry,52.0,Consumer Non-Cyclicals Activity,52.0,2020.0
SYN1227.X,SY0000001227,Synthetic Firm 1227,Netherlands,Netherlands,Technology,53.0,Technology Services,53.0,Technology Group,53.0,Technology Industry,53.0,Technology Activity,53.0,1996.0
SYN1228.X,SY0000001228,Synthetic Firm 1228,Poland,Poland,Basic Materials,59.0,Basic Materials Services,59.0,Basic Materials Group,59.0,Basic Materials Industry,59.0,Basic Materials Activity,59.0,1991.0
SYN1229.X,SY0000001229,Synthetic Firm 1229,Iceland,Iceland,Industrials,56.0,Industrials Services,56.0,Industrials Group,56.0,Industrials Industry,56.0,Industrials Activity,56.0,1964.0
SYN1230.X,SY0000001230,Synthetic Firm 1230,Spain,Spain,Basic Materials,59.0,Basic Materials Services,59.0,Basic Materials Group,59.0,Basic Materials Industry,59.0,Basic Materials Activity,59.0,1994.0
SYN1231.X,SY0000001231,Synthetic Firm 1231,Turkey,Turkey,Basic Materials,59.0,Basic Materials Services,59.0,Basic Materials Group,59.0,Basic Materials Industry,59.0,Basic Materials Activity,59.0,1984.0
SYN1232.X,SY0000001232,Synthetic Firm 1232,Romania,Romania,Technology,53.0,Technology Services,53.0,Technology Group,53.0,Technology Industry,53.0,Technology Activity,53.0,2023.0
SYN1233.X,SY0000001233,Synthetic Firm 1233,Italy,Italy,Financials,50.0,Financials Services,50.0,Financials Group,50.0,Financials Industry,50.0,Financials Activity,50.0,1998.0
SYN1234.X,SY0000001234,Synthetic Firm 1234,Romania,Romania,Industrials,56.0,Industrials Services,56.0,Industrials Group,56.0,Industrials Industry,56.0,Industrials Activity,56.0,1939.0
SYN1235.X,SY0000001235,Synthetic Firm 1235,Norway,Norway,Industrials,56.0,Industrials Services,56.0,Industrials Group,56.0,Industrials Industry,56.0,Industrials Activity,56.0,1943.0
SYN1236.X,SY0000001236,Synthetic Firm 1236,Greece,Greece,Basic Materials,59.0,Basic Materials Services,59.0,Basic Materials Group,59.0,Basic Materials Industry,59.0,Basic Materials Activity,59.0,2006.0
SYN1237.X,SY0000001237,Synthetic Firm 1237,Luxembourg,Luxembourg,Basic Materials,59.0,Basic Materials Services,59.0,Basic Materials Group,59.0,Basic Materials Industry,59.0,Basic Materials Activity,59.0,2014.0
SYN1238.X,SY0000001238,Synthetic Firm 1238,France,France,Consumer Cyclicals,51.0,Consumer Cyclicals Services,51.0,Consumer Cyclicals Group,51.0,Consumer Cyclicals Industry,51.0,Consumer Cyclicals Activity,51.0,1989.0
SYN1239.X,SY0000001239,Synthetic Firm 1239,Hungary,Hungary,Technology,53.0,Technology Services,53.0,Technology Group,53.0,Technology Industry,53.0,Technology Activity,53.0,2010.0
SYN1240.X,SY0000001240,Synthetic Firm 1240,Germany,Germany,Technology,53.0,Technology Services,53.0,Technology Group,53.0,Technology Industry,53.0,Technology Activity,53.0,2007.0
SYN1241.X,SY0000001241,Synthetic Firm 1241,Sweden,Sweden,Consumer Cyclicals,51.0,Consumer Cyclicals Services,51.0,Consumer Cyclicals Group,51.0,Consumer Cyclicals Industry,51.0,Consumer Cyclicals Activity,51.0,0.0
SYN1242.X,SY0000001242,Synthetic Firm 1242,Romania,Romania,Real Estate,55.0,Real Estate Services,55.0,Real Estate Group,55.0,Real Estate Industry,55.0,Real Estate Activity,55.0,1964.0
SYN1243.X,SY0000001243,Synthetic Firm 1243,United Kingdom,United Kingdom,Basic Materials,59.0,Basic Materials Services,59.0,Basic Materials Group,59.0,Basic Materials Industry,59.0,Basic Materials Activity,59.0,1964.0
SYN1244.X,SY0000001244,Synthetic Firm 1244,France,France,Basic Materials,59.0,Basic Materials Services,59.0,Basic Materials Group,59.0,Basic Materials Industry,59.0,Basic Materials Activity,59.0,2005.0
SYN1245.X,SY0000001245,Synthetic Firm 1245,Switzerland,Switzerland,Technology,53.0,Technology Services,53.0,Technology Group,53.0,Technology Industry,53.0,Technology Activity,53.0,2019.0
SYN1246.X,SY0000001246,Synthetic Firm 1246,United Kingdom,United Kingdom,Industrials,56.0,Industrials Services,56.0,Industrials Group,56.0,Industrials Industry,56.0,Industrials Activity,56.0,2015.0
SYN1247.X,SY0000001247,Synthetic Firm 1247,Luxembourg,Luxembourg,Consumer Cyclicals,51.0,Consumer Cyclicals Services,51.0,Consumer Cyclicals Group,51.0,Consumer Cyclicals Industry,51.0,Consumer Cyclicals Activity,51.0,1981.0
SYN1248.X,SY0000001248,Synthetic Firm 1248,Ireland,Ireland,Industrials,56.0,Industrials Services,56.0,Industrials Group,56.0,Industrials Industry,56.0,Industrials Activity,56.0,0.0
SYN1249.X,SY0000001249,Synthetic Firm 1249,Sweden,Sweden,Real Estate,55.0,Real Estate Services,55.0,Real Estate Group,55.0,Real Estate Industry,55.0,Real Estate Activity,55.0,2004.0
SYN1250.X,SY0000001250,Synthetic Firm 1250,Portugal,Portugal,Basic Materials,59.0,Basic Materials Services,59.0,Basic Materials Group,59.0,Basic Materials Industry,59.0,Basic Materials Activity,59.0,1999.0
SYN1251.X,SY0000001251,Synthetic Firm 1251,United Kingdom,United Kingdom,Financials,50.0,Financials Services,50.0,Financials Group,50.0,Financials Industry,50.0,Financials Activity,50.0,2018.0
SYN1252.X,SY0000001252,Synthetic Firm 1252,South Africa,South Africa,Financials,50.0,Financials Services,50.0,Financials Group,50.0,Financials Industry,50.0,Financials Activity,50.0,1962.0
SYN1253.X,SY0000001253,Synthetic Firm 1253,United Kingdom,United Kingdom,Technology,53.0,Technology Services,53.0,Technology Group,53.0,Technology Industry,53.0,Technology Activity,53.0,1966.0
SYN1254.X,SY0000001254,Synthetic Firm 1254,United Kingdom,United Kingdom,Utilities,57.0,Utilities Services,57.0,Utilities Group,57.0,Utilities Industry,57.0,Utilities Activity,57.0,1994.0
SYN1255.X,SY0000001255,Synthetic Firm 1255,United Kingdom,United Kingdom,Financials,50.0,Financials Services,50.0,Financials Group,50.0,Financials Industry,50.0,Financials Activity,50.0,1927.0
SYN1256.X,SY0000001256,Synthetic Firm 1256,United Kingdom,United Kingdom,Technology,53.0,Technology Services,53.0,Technology Group,53.0,Technology Industry,53.0,Technology Activity,53.0,1938.0
SYN1257.X,SY0000001257,Synthetic Firm 1257,United Kingdom,United Kingdom,Basic Materials,59.0,Basic Materials Services,59.0,Basic Materials Group,59.0,Basic Materials Industry,59.0,Basic Materials Activity,59.0,2010.0
SYN1258.X,SY0000001258,Synthetic Firm 1258,Sweden,Sweden,Industrials,56.0,Industrials Services,56.0,Industrials Group,56.0,Industrials Industry,56.0,Industrials Activity,56.0,1955.0
SYN1259.X,SY0000001259,Synthetic Firm 1259,Luxembourg,Luxembourg,Consumer Cyclicals,51.0,Consumer Cyclicals Services,51.0,Consumer Cyclicals Group,51.0,Consumer Cyclicals Industry,51.0,Consumer Cyclicals Activity,51.0,1991.0
SYN1260.X,SY0000001260,Synthetic Firm 1260,Germany,Germany,Healthcare,58.0,Healthcare Services,58.0,Healthcare Group,58.0,Healthcare Industry,58.0,Healthcare Activity,58.0,1934.0
SYN1261.X,SY0000001261,Synthetic Firm 1261,United Kingdom,United Kingdom,Technology,53.0,Technology Services,53.0,Technology Group,53.0,Technology Industry,53.0,Technology Activity,53.0,1930.0
SYN1262.X,SY0000001262,Synthetic Firm 1262,Greece,Greece,Consumer Cyclicals,51.0,Consumer Cyclicals Services,51.0,Consumer Cyclicals Group,51.0,Consumer Cyclicals Industry,51.0,Consumer Cyclicals Activity,51.0,1927.0
SYN1263.X,SY0000001263,Synthetic Firm 1263,Switzerland,Switzerland,Healthcare,58.0,Healthcare Services,58.0,Healthcare Group,58.0,Healthcare Industry,58.0,Healthcare Activity,58.0,1959.0
SYN1264.X,SY0000001264,Synthetic Firm 1264,France,France,Industrials,56.0,Industrials Services,56.0,Industrials Group,56.0,Industrials Industry,56.0,Industrials Activity,56.0,2000.0
SYN1265.X,SY0000001265,Synthetic Firm 1265,United Kingdom,United Kingdom,Technology,53.0,Technology Services,53.0,Technology Group,53.0,Technology Industry,53.0,Technology Activity,53.0,1989.0
SYN1266.X,SY0000001266,Synthetic Firm 1266,France,France,Financials,50.0,Financials Services,50.0,Financials Group,50.0,Financials Industry,50.0,Financials Activity,50.0,1974.0
SYN1267.X,SY0000001267,Synthetic Firm 1267,United Kingdom,United Kingdom,Consumer Cyclicals,51.0,Consumer Cyclicals Services,51.0,Consumer Cyclicals Group,51.0,Consumer Cyclicals Industry,51.0,Consumer Cyclicals Activity,51.0,1963.0
SYN1268.X,SY0000001268,Synthetic Firm 1268,Netherlands,Netherlands,Healthcare,58.0,Healthcare Services,58.0,Healthcare Group,58.0,Healthcare Industry,58.0,Healthcare Activity,58.0,2009.0
SYN1269.X,SY0000001269,Synthetic Firm 1269,Israel,Israel,Consumer Cyclicals,51.0,Consumer Cyclicals Services,51.0,Consumer Cyclicals Group,51.0,Consumer Cyclicals Industry,51.0,Consumer Cyclicals Activity,51.0,1936.0
SYN1270.X,SY0000001270,Synthetic Firm 1270,United Kingdom,United Kingdom,Consumer Non-Cyclicals,52.0,Consumer Non-Cyclicals Services,52.0,Consumer Non-Cyclicals Group,52.0,Consumer Non-Cyclicals Industry,52.0,Consumer Non-Cyclicals Activity,52.0,1990.0
SYN1271.X,SY0000001271,Synthetic Firm 1271,Switzerland,Switzerland,Basic Materials,59.0,Basic Materials Services,59.0,Basic Materials Group,59.0,Basic Materials Industry,59.0,Basic Materials Activity,59.0,1969.0
SYN1272.X,SY0000001272,Synthetic Firm 1272,United Kingdom,United Kingdom,Consumer Cyclicals,51.0,Consumer Cyclicals Services,51.0,Consumer Cyclicals Group,51.0,Consumer Cyclicals Industry,51.0,Consumer Cyclicals Activity,51.0,0.0
SYN1273.X,SY0000001273,Synthetic Firm 1273,United Kingdom,United Kingdom,Technology,53.0,Technology Services,53.0,Technology Group,53.0,Technology Industry,53.0,Technology Activity,53.0,2003.0
SYN1274.X,SY0000001274,Synthetic Firm 1274,Israel,Israel,Technology,53.0,Technology Services,53.0,Technology Group,53.0,Technology Industry,53.0,Technology Activity,53.0,1924.0
SYN1275.X,SY0000001275,Synthetic Firm 1275,Germany,Germany,Industrials,56.0,Industrials Services,56.0,Industrials Group,56.0,Industrials Industry,56.0,Industrials Activity,56.0,1983.0
SYN1276.X,SY0000001276,Synthetic Firm 1276,United Kingdom,United Kingdom,Technology,53.0,Technology Services,53.0,Technology Group,53.0,Technology Industry,53.0,Technology Activity,53.0,1958.0
SYN1277.X,SY0000001277,Synthetic Firm 1277,Germany,Germany,Financials,50.0,Financials Services,50.0,Financials Group,50.0,Financials Industry,50.0,Financials Activity,50.0,1986.0
SYN1278.X,SY0000001278,Synthetic Firm 1278,United Kingdom,United Kingdom,Industrials,56.0,Industrials Services,56.0,Industrials Group,56.0,Industrials Industry,56.0,Industrials Activity,56.0,1971.0
SYN1279.X,SY0000001279,Synthetic Firm 1279,Estonia,Estonia,Financials,50.0,Financials Services,50.0,Financials Group,50.0,Financials Industry,50.0,Financials Activity,50.0,2003.0
SYN1280.X,SY0000001280,Synthetic Firm 1280,United Kingdom,United Kingdom,Real Estate,55.0,Real Estate Services,55.0,Real Estate Group,55.0,Real Estate Industry,55.0,Real Estate Activity,55.0,1969.0
SYN1281.X,SY0000001281,Synthetic Firm 1281,France,France,Financials,50.0,Financials Services,50.0,Financials Group,50.0,Financials Industry,50.0,Financials Activity,50.0,2008.0
SYN1282.X,SY0000001282,Synthetic Firm 1282,France,France,Technology,53.0,Technology Services,53.0,Technology Group,53.0,Technology Industry,53.0,Technology Activity,53.0,1952.0
SYN1283.X,SY0000001283,Synthetic Firm 1283,Germany,Germany,Consumer Cyclicals,51.0,Consumer Cyclicals Services,51.0,Consumer Cyclicals Group,51.0,Consumer Cyclicals Industry,51.0,Consumer Cyclicals Activity,51.0,1997.0
SYN1284.X,SY0000001284,Synthetic Firm 1284,United Kingdom,United Kingdom,Industrials,56.0,Industrials Services,56.0,Industrials Group,56.0,Industrials Industry,56.0,Industrials Activity,56.0,2015.0
SYN1285.X,SY0000001285,Synthetic Firm 1285,Germany,Germany,Industrials,56.0,Industrials Services,56.0,Industrials Group,56.0,Industrials Industry,56.0,Industrials Activity,56.0,1939.0
SYN1286.X,SY0000001286,Synthetic Firm 1286,Sweden,Sweden,Utilities,57.0,Utilities Services,57.0,Utilities Group,57.0,Utilities Industry,57.0,Utilities Activity,57.0,1913.0
SYN1287.X,SY0000001287,Synthetic Firm 1287,United Kingdom,United Kingdom,Healthcare,58.0,Healthcare Services,58.0,Healthcare Group,58.0,Healthcare Industry,58.0,Healthcare Activity,58.0,1980.0
SYN1288.X,SY0000001288,Synthetic Firm 1288,Israel,Israel,Financials,50.0,Financials Services,50.0,Financials Group,50.0,Financials Industry,50.0,Financials Activity,50.0,1971.0
SYN1289.X,SY0000001289,Synthetic Firm 1289,Germany,Germany,Real Estate,55.0,Real Estate Services,55.0,Real Estate Group,55.0,Real Estate Industry,55.0,Real Estate Activity,55.0,1955.0
SYN1290.X,SY0000001290,Synthetic Firm 1290,France,France,Financials,50.0,Financials Services,50.0,Financials Group,50.0,Financials Industry,50.0,Financials Activity,50.0,1964.0
SYN1291.X,SY0000001291,Synthetic Firm 1291,Sweden,Sweden,Industrials,56.0,Industrials Services,56.0,Industrials Group,56.0,Industrials Industry,56.0,Industrials Activity,56.0,1984.0
SYN1292.X,SY0000001292,Synthetic Firm 1292,Netherlands,Netherlands,Industrials,56.0,Industrials Services,56.0,Industrials Group,56.0,Industrials Industry,56.0,Industrials Activity,56.0,0.0
SYN1293.X,SY0000001293,Synthetic Firm 1293,Austria,Austria,Technology,53.0,Technology Services,53.0,Technology Group,53.0,Technology Industry,53.0,Technology Activity,53.0,2004.0
SYN1294.X,SY0000001294,Synthetic Firm 1294,United Kingdom,United Kingdom,Energy,54.0,Energy Services,54.0,Energy Group,54.0,Energy Industry,54.0,Energy Activity,54.0,1922.0
SYN1295.X,SY0000001295,Synthetic Firm 1295,United Kingdom,United Kingdom,Technology,53.0,Technology Services,53.0,Technology Group,53.0,Technology Industry,53.0,Technology Activity,53.0,2000.0
SYN1296.X,SY0000001296,Synthetic Firm 1296,Sweden,Sweden,Healthcare,58.0,Healthcare Services,58.0,Healthcare Group,58.0,Healthcare Industry,58.0,Healthcare Activity,58.0,1950.0
SYN1297.X,SY0000001297,Synthetic Firm 1297,United Kingdom,United Kingdom,Industrials,56.0,Industrials Services,56.0,Industrials Group,56.0,Industrials Industry,56.0,Industrials Activity,56.0,1973.0
SYN1298.X,SY0000001298,Synthetic Firm 1298,Sweden,Sweden,Industrials,56.0,Industrials Services,56.0,Industrials Group,56.0,Industrials Industry,56.0,Industrials Activity,56.0,1980.0
SYN1299.X,SY0000001299,Synthetic Firm 1299,United Kingdom,United Kingdom,Financials,50.0,Financials Services,50.0,Financials Group,50.0,Financials Industry,50.0,Financials Activity,50.0,1984.0
SYN1300.X,SY0000001300,Synthetic Firm 1300,United Kingdom,United Kingdom,Industrials,56.0,Industrials Services,56.0,Industrials Group,56.0,Industrials Industry,56.0,Industrials Activity,56.0,1965.0
SYN1301.X,SY0000001301,Synthetic Firm 1301,Russia,Russia,Financials,50.0,Financials Services,50.0,Financials Group,50.0,Financials Industry,50.0,Financials Activity,50.0,2011.0
SYN1302.X,SY0000001302,Synthetic Firm 1302,Sweden,Sweden,Technology,53.0,Technology Services,53.0,Technology Group,53.0,Technology Industry,53.0,Technology Activity,53.0,1979.0
SYN1303.X,SY0000001303,Synthetic Firm 1303,United Kingdom,United Kingdom,Consumer Non-Cyclicals,52.0,Consumer Non-Cyclicals Services,52.0,Consumer Non-Cyclicals Group,52.0,Consumer Non-Cyclicals Industry,52.0,Consumer Non-Cyclicals Activity,52.0,1952.0
SYN1304.X,SY0000001304,Synthetic Firm 1304,Belgium,Belgium,Industrials,56.0,Industrials Services,56.0,Industrials Group,56.0,Industrials Industry,56.0,Industrials Activity,56.0,1979.0
SYN1305.X,SY0000001305,Synthetic Firm 1305,United Kingdom,United Kingdom,Industrials,56.0,Industrials Services,56.0,Industrials Group,56.0,Industrials Industry,56.0,Industrials Activity,56.0,1984.0
SYN1306.X,SY0000001306,Synthetic Firm 1306,Germany,Germany,Financials,50.0,Financials Services,50.0,Financials Group,50.0,Financials Industry,50.0,Financials Activity,50.0,1978.0
SYN1307.X,SY0000001307,Synthetic Firm 1307,Romania,Romania,Consumer Cyclicals,51.0,Consumer Cyclicals Services,51.0,Consumer Cyclicals Group,51.0,Consumer Cyclicals Industry,51.0,Consumer Cyclicals Activity,51.0,1965.0
SYN1308.X,SY0000001308,Synthetic Firm 1308,France,France,Consumer Cyclicals,51.0,Consumer Cyclicals Services,51.0,Consumer Cyclicals Group,51.0,Consumer Cyclicals Industry,51.0,Consumer Cyclicals Activity,51.0,2004.0
SYN1309.X,SY0000001309,Synthetic Firm 1309,Italy,Italy,Energy,54.0,Energy Services,54.0,Energy Group,54.0,Energy Industry,54.0,Energy Activity,54.0,2012.0
SYN1310.X,SY0000001310,Synthetic Firm 1310,France,France,Basic Materials,59.0,Basic Materials Services,59.0,Basic Materials Group,59.0,Basic Materials Industry,59.0,Basic Materials Activity,59.0,1957.0
SYN1311.X,SY0000001311,Synthetic Firm 1311,Netherlands,Netherlands,Financials,50.0,Financials Services,50.0,Financials Group,50.0,Financials Industry,50.0,Financials Activity,50.0,1961.0
SYN1312.X,SY0000001312,Synthetic Firm 1312,Sweden,Sweden,Industrials,56.0,Industrials Services,56.0,Industrials Group,56.0,Industrials Industry,56.0,Industrials Activity,56.0,1969.0
SYN1313.X,SY0000001313,Synthetic Firm 1313,Sweden,Sweden,Healthcare,58.0,Healthcare Services,58.0,Healthcare Group,58.0,Healthcare Industry,58.0,Healthcare Activity,58.0,1975.0
SYN1314.X,SY0000001314,Synthetic Firm 1314,Hungary,Hungary,Basic Materials,59.0,Basic Materials Services,59.0,Basic Materials Group,59.0,Basic Materials Industry,59.0,Basic Materials Activity,59.0,1925.0
SYN1315.X,SY0000001315,Synthetic Firm 1315,United Kingdom,United Kingdom,Consumer Cyclicals,51.0,Consumer Cyclicals Services,51.0,Consumer Cyclicals Group,51.0,Consumer Cyclicals Industry,51.0,Consumer Cyclicals Activity,51.0,1998.0
SYN1316.X,SY0000001316,Synthetic Firm 1316,Germany,Germany,Financials,50.0,Financials Services,50.0,Financials Group,50.0,Financials Industry,50.0,Financials Activity,50.0,2022.0
SYN1317.X,SY0000001317,Synthetic Firm 1317,Turkey,Turkey,Healthcare,58.0,Healthcare Services,58.0,Healthcare Group,58.0,Healthcare Industry,58.0,Healthcare Activity,58.0,2009.0
SYN1318.X,SY0000001318,Synthetic Firm 1318,South Africa,South Africa,Industrials,56.0,Industrials Services,56.0,Industrials Group,56.0,Industrials Industry,56.0,Industrials Activity,56.0,2000.0
SYN1319.X,SY0000001319,Synthetic Firm 1319,Greece,Greece,Basic Materials,59.0,Basic Materials Services,59.0,Basic Materials Group,59.0,Basic Materials Industry,59.0,Basic Materials Activity,59.0,1975.0
SYN1320.X,SY0000001320,Synthetic Firm 1320,United Kingdom,United Kingdom,Consumer Non-Cyclicals,52.0,Consumer Non-Cyclicals Services,52.0,Consumer Non-Cyclicals Group,52.0,Consumer Non-Cyclicals Industry,52.0,Consumer Non-Cyclicals Activity,52.0,1898.0
SYN1321.X,SY0000001321,Synthetic Firm 1321,Sweden,Sweden,Financials,50.0,Financials Services,50.0,Financials Group,50.0,Financials Industry,50.0,Financials Activity,50.0,2001.0
SYN1322.X,SY0000001322,Synthetic Firm 1322,France,France,Consumer Non-Cyclicals,52.0,Consumer Non-Cyclicals Services,52.0,Consumer Non-Cyclicals Group,52.0,Consumer Non-Cyclicals Industry,52.0,Consumer Non-Cyclicals Activity,52.0,2025.0
SYN1323.X,SY0000001323,Synthetic Firm 1323,United Kingdom,United Kingdom,Consumer Cyclicals,51.0,Consumer Cyclicals Services,51.0,Consumer Cyclicals Group,51.0,Consumer Cyclicals Industry,51.0,Consumer Cyclicals Activity,51.0,2017.0
SYN1324.X,SY0000001324,Synthetic Firm 1324,Denmark,Denmark,Consumer Cyclicals,51.0,Consumer Cyclicals Services,51.0,Consumer Cyclicals Group,51.0,Consumer Cyclicals Industry,51.0,Consumer Cyclicals Activity,51.0,1954.0
SYN1325.X,SY0000001325,Synthetic Firm 1325,United Kingdom,United Kingdom,Consumer Cyclicals,51.0,Consumer Cyclicals Services,51.0,Consumer Cyclicals Group,51.0,Consumer Cyclicals Industry,51.0,Consumer Cyclicals Activity,51.0,1998.0
SYN1326.X,SY0000001326,Synthetic Firm 1326,Austria,Austria,Financials,50.0,Financials Services,50.0,Financials Group,50.0,Financials Industry,50.0,Financials Activity,50.0,1994.0
SYN1327.X,SY0000001327,Synthetic Firm 1327,Germany,Germany,Consumer Non-Cyclicals,52.0,Consumer Non-Cyclicals Services,52.0,Consumer Non-Cyclicals Group,52.0,Consumer Non-Cyclicals Industry,52.0,Consumer Non-Cyclicals Activity,52.0,1983.0
SYN1328.X,SY0000001328,Synthetic Firm 1328,Denmark,Denmark,Technology,53.0,Technology Services,53.0,Technology Group,53.0,Technology Industry,53.0,Technology Activity,53.0,1991.0
SYN1329.X,SY0000001329,Synthetic Firm 1329,Germany,Germany,Real Estate,55.0,Real Estate Services,55.0,Real Estate Group,55.0,Real Estate Industry,55.0,Real Estate Activity,55.0,2010.0
SYN1330.X,SY0000001330,Synthetic Firm 1330,United Kingdom,United Kingdom,Industrials,56.0,Industrials Services,56.0,Industrials Group,56.0,Industrials Industry,56.0,Industrials Activity,56.0,1971.0
SYN1331.X,SY0000001331,Synthetic Firm 1331,United Kingdom,United Kingdom,Consumer Non-Cyclicals,52.0,Consumer Non-Cyclicals Services,52.0,Consumer Non-Cyclicals Group,52.0,Consumer Non-Cyclicals Industry,52.0,Consumer Non-Cyclicals Activity,52.0,1977.0
SYN1332.X,SY0000001332,Synthetic Firm 1332,Greece,Greece,Healthcare,58.0,Healthcare Services,58.0,Healthcare Group,58.0,Healthcare Industry,58.0,Healthcare Activity,58.0,0.0
SYN1333.X,SY0000001333,Synthetic Firm 1333,Poland,Poland,Real Estate,55.0,Real Estate Services,55.0,Real Estate Group,55.0,Real Estate Industry,55.0,Real Estate Activity,55.0,2020.0
SYN1334.X,SY0000001334,Synthetic Firm 1334,Ireland,Ireland,Financials,50.0,Financials Services,50.0,Financials Group,50.0,Financials Industry,50.0,Financials Activity,50.0,1987.0
SYN1335.X,SY0000001335,Synthetic Firm 1335,Belgium,Belgium,Basic Materials,59.0,Basic Materials Services,59.0,Basic Materials Group,59.0,Basic Materials Industry,59.0,Basic Materials Activity,59.0,2012.0
SYN1336.X,SY0000001336,Synthetic Firm 1336,United Kingdom,United Kingdom,Consumer Cyclicals,51.0,Consumer Cyclicals Services,51.0,Consumer Cyclicals Group,51.0,Consumer Cyclicals Industry,51.0,Consumer Cyclicals Activity,51.0,0.0
SYN1337.X,SY0000001337,Synthetic Firm 1337,Israel,Israel,Utilities,57.0,Utilities Services,57.0,Utilities Group,57.0,Utilities Industry,57.0,Utilities Activity,57.0,1960.0
SYN1338.X,SY0000001338,Synthetic Firm 1338,Greece,Greece,Financials,50.0,Financials Services,50.0,Financials Group,50.0,Financials Industry,50.0,Financials Activity,50.0,1999.0
SYN1339.X,SY0000001339,Synthetic Firm 1339,Israel,Israel,Consumer Non-Cyclicals,52.0,Consumer Non-Cyclicals Services,52.0,Consumer Non-Cyclicals Group,52.0,Consumer Non-Cyclicals Industry,52.0,Consumer Non-Cyclicals Activity,52.0,1944.0
SYN1340.X,SY0000001340,Synthetic Firm 1340,Sweden,Sweden,Healthcare,58.0,Healthcare Services,58.0,Healthcare Group,58.0,Healthcare Industry,58.0,Healthcare Activity,58.0,1982.0
SYN1341.X,SY0000001341,Synthetic Firm 1341,Sweden,Sweden,Consumer Cyclicals,51.0,Consumer Cyclicals Services,51.0,Consumer Cyclicals Group,51.0,Consumer Cyclicals Industry,51.0,Consumer Cyclicals Activity,51.0,1967.0
SYN1342.X,SY0000001342,Synthetic Firm 1342,Finland,Finland,Industrials,56.0,Industrials Services,56.0,Industrials Group,56.0,Industrials Industry,56.0,Industrials Activity,56.0,1982.0
SYN1343.X,SY0000001343,Synthetic Firm 1343,France,France,Financials,50.0,Financials Services,50.0,Financials Group,50.0,Financials Industry,50.0,Financials Activity,50.0,1981.0
SYN1344.X,SY0000001344,Synthetic Firm 1344,Italy,Italy,Consumer Cyclicals,51.0,Consumer Cyclicals Services,51.0,Consumer Cyclicals Group,51.0,Consumer Cyclicals Industry,51.0,Consumer Cyclicals Activity,51.0,0.0
SYN1345.X,SY0000001345,Synthetic Firm 1345,United Kingdom,United Kingdom,Consumer Cyclicals,51.0,Consumer Cyclicals Services,51.0,Consumer Cyclicals Group,51.0,Consumer Cyclicals Industry,51.0,Consumer Cyclicals Activity,51.0,1994.0
SYN1346.X,SY0000001346,Synthetic Firm 1346,Sweden,Sweden,Industrials,56.0,Industrials Services,56.0,Industrials Group,56.0,Industrials Industry,56.0,Industrials Activity,56.0,1964.0
SYN1347.X,SY0000001347,Synthetic Firm 1347,Germany,Germany,Financials,50.0,Financials Services,50.0,Financials Group,50.0,Financials Industry,50.0,Financials Activity,50.0,1999.0
SYN1348.X,SY0000001348,Synthetic Firm 1348,Turkey,Turkey,Technology,53.0,Technology Services,53.0,Technology Group,53.0,Technology Industry,53.0,Technology Activity,53.0,1965.0
SYN1349.X,SY0000001349,Synthetic Firm 1349,France,France,Industrials,56.0,Industrials Services,56.0,Industrials Group,56.0,Industrials Industry,56.0,Industrials Activity,56.0,2002.0
SYN1350.X,SY0000001350,Synthetic Firm 1350,Finland,Finland,Consumer Non-Cyclicals,52.0,Consumer Non-Cyclicals Services,52.0,Consumer Non-Cyclicals Group,52.0,Consumer Non-Cyclicals Industry,52.0,Consumer Non-Cyclicals Activity,52.0,2000.0
SYN1351.X,SY0000001351,Synthetic Firm 1351,Israel,Israel,Technology,53.0,Technology Services,53.0,Technology Group,53.0,Technology Industry,53.0,Technology Activity,53.0,1940.0
SYN1352.X,SY0000001352,Synthetic Firm 1352,Malta,Malta,Consumer Cyclicals,51.0,Consumer Cyclicals Services,51.0,Consumer Cyclicals Group,51.0,Consumer Cyclicals Industry,51.0,Consumer Cyclicals Activity,51.0,1977.0
SYN1353.X,SY0000001353,Synthetic Firm 1353,Sweden,Sweden,Consumer Cyclicals,51.0,Consumer Cyclicals Services,51.0,Consumer Cyclicals Group,51.0,Consumer Cyclicals Industry,51.0,Consumer Cyclicals Activity,51.0,2005.0
SYN1354.X,SY0000001354,Synthetic Firm 1354,Norway,Norway,Healthcare,58.0,Healthcare Services,58.0,Healthcare Group,58.0,Healthcare Industry,58.0,Healthcare Activity,58.0,2019.0
SYN1355.X,SY0000001355,Synthetic Firm 1355,United Kingdom,United Kingdom,Real Estate,55.0,Real Estate Services,55.0,Real Estate Group,55.0,Real Estate Industry,55.0,Real Estate Activity,55.0,1991.0
SYN1356.X,SY0000001356,Synthetic Firm 1356,Germany,Germany,Consumer Cyclicals,51.0,Consumer Cyclicals Services,51.0,Consumer Cyclicals Group,51.0,Consumer Cyclicals Industry,51.0,Consumer Cyclicals Activity,51.0,1986.0
SYN1357.X,SY0000001357,Synthetic Firm 1357,Russia,Russia,Industrials,56.0,Industrials Services,56.0,Industrials Group,56.0,Industrials Industry,56.0,Industrials Activity,56.0,2001.0
SYN1358.X,SY0000001358,Synthetic Firm 1358,Finland,Finland,Energy,54.0,Energy Services,54.0,Energy Group,54.0,Energy Industry,54.0,Energy Activity,54.0,2013.0
SYN1359.X,SY0000001359,Synthetic Firm 1359,Switzerland,Switzerland,Basic Materials,59.0,Basic Materials Services,59.0,Basic Materials Group,59.0,Basic Materials Industry,59.0,Basic Materials Activity,59.0,2007.0
SYN1360.X,SY0000001360,Synthetic Firm 1360,Israel,Israel,Consumer Cyclicals,51.0,Consumer Cyclicals Services,51.0,Consumer Cyclicals Group,51.0,Consumer Cyclicals Industry,51.0,Consumer Cyclicals Activity,51.0,1992.0
SYN1361.X,SY0000001361,Synthetic Firm 1361,United Kingdom,United Kingdom,Industrials,56.0,Industrials Services,56.0,Industrials Group,56.0,Industrials Industry,56.0,Industrials Activity,56.0,1969.0
SYN1362.X,SY0000001362,Synthetic Firm 1362,Sweden,Sweden,Technology,53.0,Technology Services,53.0,Technology Group,53.0,Technology Industry,53.0,Technology Activity,53.0,2016.0
SYN1363.X,SY0000001363,Synthetic Firm 1363,Netherlands,Netherlands,Consumer Cyclicals,51.0,Consumer Cyclicals Services,51.0,Consumer Cyclicals Group,51.0,Consumer Cyclicals Industry,51.0,Consumer Cyclicals Activity,51.0,1999.0
SYN1364.X,SY0000001364,Synthetic Firm 1364,Sweden,Sweden,Financials,50.0,Financials Services,50.0,Financials Group,50.0,Financials Industry,50.0,Financials Activity,50.0,1949.0
SYN1365.X,SY0000001365,Synthetic Firm 1365,France,France,Consumer Non-Cyclicals,52.0,Consumer Non-Cyclicals Services,52.0,Consumer Non-Cyclicals Group,52.0,Consumer Non-Cyclicals Industry,52.0,Consumer Non-Cyclicals Activity,52.0,2023.0
SYN1366.X,SY0000001366,Synthetic Firm 1366,Italy,Italy,Industrials,56.0,Industrials Services,56.0,Industrials Group,56.0,Industrials Industry,56.0,Industrials Activity,56.0,2021.0
SYN1367.X,SY0000001367,Synthetic Firm 1367,Switzerland,Switzerland,Industrials,56.0,Industrials Services,56.0,Industrials Group,56.0,Industrials Industry,56.0,Industrials Activity,56.0,1950.0
SYN1368.X,SY0000001368,Synthetic Firm 1368,United Kingdom,United Kingdom,Technology,53.0,Technology Services,53.0,Technology Group,53.0,Technology Industry,53.0,Technology Activity,53.0,1987.0
SYN1369.X,SY0000001369,Synthetic Firm 1369,United Kingdom,United Kingdom,Industrials,56.0,Industrials Services,56.0,Industrials Group,56.0,Industrials Industry,56.0,Industrials Activity,56.0,2023.0
SYN1370.X,SY0000001370,Synthetic Firm 1370,Sweden,Sweden,Technology,53.0,Technology Services,53.0,Technology Group,53.0,Technology Industry,53.0,Technology Activity,53.0,1995.0
SYN1371.X,SY0000001371,Synthetic Firm 1371,Turkey,Turkey,Consumer Non-Cyclicals,52.0,Consumer Non-Cyclicals Services,52.0,Consumer Non-Cyclicals Group,52.0,Consumer Non-Cyclicals Industry,52.0,Consumer Non-Cyclicals Activity,52.0,1944.0
SYN1372.X,SY0000001372,Synthetic Firm 1372,United Kingdom,United Kingdom,Industrials,56.0,Industrials Services,56.0,Industrials Group,56.0,Industrials Industry,56.0,Industrials Activity,56.0,2016.0
SYN1373.X,SY0000001373,Synthetic Firm 1373,United Kingdom,United Kingdom,Industrials,56.0,Industrials Services,56.0,Industrials Group,56.0,Industrials Industry,56.0,Industrials Activity,56.0,2008.0
SYN1374.X,SY0000001374,Synthetic Firm 1374,Denmark,Denmark,Financials,50.0,Financials Services,50.0,Financials Group,50.0,Financials Industry,50.0,Financials Activity,50.0,1933.0
SYN1375.X,SY0000001375,Synthetic Firm 1375,Israel,Israel,Healthcare,58.0,Healthcare Services,58.0,Healthcare Group,58.0,Healthcare Industry,58.0,Healthcare Activity,58.0,2009.0
SYN1376.X,SY0000001376,Synthetic Firm 1376,Spain,Spain,Basic Materials,59.0,Basic Materials Services,59.0,Basic Materials Group,59.0,Basic Materials Industry,59.0,Basic Materials Activity,59.0,2002.0
SYN1377.X,SY0000001377,Synthetic Firm 1377,Norway,Norway,Financials,50.0,Financials Services,50.0,Financials Group,50.0,Financials Industry,50.0,Financials Activity,50.0,2011.0
SYN1378.X,SY0000001378,Synthetic Firm 1378,United Kingdom,United Kingdom,Energy,54.0,Energy Services,54.0,Energy Group,54.0,Energy Industry,54.0,Energy Activity,54.0,2021.0
SYN1379.X,SY0000001379,Synthetic Firm 1379,United Kingdom,United Kingdom,Industrials,56.0,Industrials Services,56.0,Industrials Group,56.0,Industrials Industry,56.0,Industrials Activity,56.0,2010.0
SYN1380.X,SY0000001380,Synthetic Firm 1380,United Kingdom,United Kingdom,Industrials,56.0,Industrials Services,56.0,Industrials Group,56.0,Industrials Industry,56.0,Industrials Activity,56.0,2016.0
SYN1381.X,SY0000001381,Synthetic Firm 1381,France,France,Industrials,56.0,Industrials Services,56.0,Industrials Group,56.0,Industrials Industry,56.0,Industrials Activity,56.0,2012.0
SYN1382.X,SY0000001382,Synthetic Firm 1382,Luxembourg,Luxembourg,Consumer Cyclicals,51.0,Consumer Cyclicals Services,51.0,Consumer Cyclicals Group,51.0,Consumer Cyclicals Industry,51.0,Consumer Cyclicals Activity,51.0,1942.0
SYN1383.X,SY0000001383,Synthetic Firm 1383,Israel,Israel,Financials,50.0,Financials Services,50.0,Financials Group,50.0,Financials Industry,50.0,Financials Activity,50.0,1957.0
SYN1384.X,SY0000001384,Synthetic Firm 1384,United Kingdom,United Kingdom,Financials,50.0,Financials Services,50.0,Financials Group,50.0,Financials Industry,50.0,Financials Activity,50.0,1993.0
SYN1385.X,SY0000001385,Synthetic Firm 1385,Netherlands,Netherlands,Energy,54.0,Energy Services,54.0,Energy Group,54.0,Energy Industry,54.0,Energy Activity,54.0,2003.0
SYN1386.X,SY0000001386,Synthetic Firm 1386,Belgium,Belgium,Financials,50.0,Financials Services,50.0,Financials Group,50.0,Financials Industry,50.0,Financials Activity,50.0,1998.0
SYN1387.X,SY0000001387,Synthetic Firm 1387,Austria,Austria,Utilities,57.0,Utilities Services,57.0,Utilities Group,57.0,Utilities Industry,57.0,Utilities Activity,57.0,2006.0
SYN1388.X,SY0000001388,Synthetic Firm 1388,Luxembourg,Luxembourg,Industrials,56.0,Industrials Services,56.0,Industrials Group,56.0,Industrials Industry,56.0,Industrials Activity,56.0,1993.0
SYN1389.X,SY0000001389,Synthetic Firm 1389,United Kingdom,United Kingdom,Industrials,56.0,Industrials Services,56.0,Industrials Group,56.0,Industrials Industry,56.0,Industrials Activity,56.0,2010.0
SYN1390.X,SY0000001390,Synthetic Firm 1390,Hungary,Hungary,Technology,53.0,Technology Services,53.0,Technology Group,53.0,Technology Industry,53.0,Technology Activity,53.0,1965.0
SYN1391.X,SY0000001391,Synthetic Firm 1391,United Kingdom,United Kingdom,Industrials,56.0,Industrials Services,56.0,Industrials Group,56.0,Industrials Industry,56.0,Industrials Activity,56.0,1942.0
SYN1392.X,SY0000001392,Synthetic Firm 1392,Switzerland,Switzerland,Industrials,56.0,Industrials Services,56.0,Industrials Group,56.0,Industrials Industry,56.0,Industrials Activity,56.0,2001.0
SYN1393.X,SY0000001393,Synthetic Firm 1393,Switzerland,Switzerland,Healthcare,58.0,Healthcare Services,58.0,Healthcare Group,58.0,Healthcare Industry,58.0,Healthcare Activity,58.0,1961.0
SYN1394.X,SY0000001394,Synthetic Firm 1394,United Kingdom,United Kingdom,Industrials,56.0,Industrials Services,56.0,Industrials Group,56.0,Industrials Industry,56.0,Industrials Activity,56.0,1990.0
SYN1395.X,SY0000001395,Synthetic Firm 1395,Sweden,Sweden,Healthcare,58.0,Healthcare Services,58.0,Healthcare Group,58.0,Healthcare Industry,58.0,Healthcare Activity,58.0,1977.0
SYN1396.X,SY0000001396,Synthetic Firm 1396,Hungary,Hungary,Consumer Cyclicals,51.0,Consumer Cyclicals Services,51.0,Consumer Cyclicals Group,51.0,Consumer Cyclicals Industry,51.0,Consumer Cyclicals Activity,51.0,0.0
SYN1397.X,SY0000001397,Synthetic Firm 1397,Israel,Israel,Technology,53.0,Technology Services,53.0,Technology Group,53.0,Technology Industry,53.0,Technology Activity,53.0,2015.0
SYN1398.X,SY0000001398,Synthetic Firm 1398,United Kingdom,United Kingdom,Basic Materials,59.0,Basic Materials Services,59.0,Basic Materials Group,59.0,Basic Materials Industry,59.0,Basic Materials Activity,59.0,1969.0
SYN1399.X,SY0000001399,Synthetic Firm 1399,Germany,Germany,Financials,50.0,Financials Services,50.0,Financials Group,50.0,Financials Industry,50.0,Financials Activity,50.0,1962.0
SYN1400.X,SY0000001400,Synthetic Firm 1400,Portugal,Portugal,Technology,53.0,Technology Services,53.0,Technology Group,53.0,Technology Industry,53.0,Technology Activity,53.0,2006.0
SYN1401.X,SY0000001401,Synthetic Firm 1401,Luxembourg,Luxembourg,Real Estate,55.0,Real Estate Services,55.0,Real Estate Group,55.0,Real Estate Industry,55.0,Real Estate Activity,55.0,2015.0
SYN1402.X,SY0000001402,Synthetic Firm 1402,France,France,Real Estate,55.0,Real Estate Services,55.0,Real Estate Group,55.0,Real Estate Industry,55.0,Real Estate Activity,55.0,0.0
SYN1403.X,SY0000001403,Synthetic Firm 1403,Canada,Canada,Financials,50.0,Financials Services,50.0,Financials Group,50.0,Financials Industry,50.0,Financials Activity,50.0,1980.0
SYN1404.X,SY0000001404,Synthetic Firm 1404,Switzerland,Switzerland,Industrials,56.0,Industrials Services,56.0,Industrials Group,56.0,Industrials Industry,56.0,Industrials Activity,56.0,1965.0
SYN1405.X,SY0000001405,Synthetic Firm 1405,France,France,Industrials,56.0,Industrials Services,56.0,Industrials Group,56.0,Industrials Industry,56.0,Industrials Activity,56.0,1999.0
SYN1406.X,SY0000001406,Synthetic Firm 1406,Spain,Spain,Consumer Cyclicals,51.0,Consumer Cyclicals Services,51.0,Consumer Cyclicals Group,51.0,Consumer Cyclicals Industry,51.0,Consumer Cyclicals Activity,51.0,1956.0
SYN1407.X,SY0000001407,Synthetic Firm 1407,Germany,Germany,Financials,50.0,Financials Services,50.0,Financials Group,50.0,Financials Industry,50.0,Financials Activity,50.0,2009.0
SYN1408.X,SY0000001408,Synthetic Firm 1408,Hungary,Hungary,Consumer Cyclicals,51.0,Consumer Cyclicals Services,51.0,Consumer Cyclicals Group,51.0,Consumer Cyclicals Industry,51.0,Consumer Cyclicals Activity,51.0,1945.0
SYN1409.X,SY0000001409,Synthetic Firm 1409,Austria,Austria,Technology,53.0,Technology Services,53.0,Technology Group,53.0,Technology Industry,53.0,Technology Activity,53.0,2009.0
SYN1410.X,SY0000001410,Synthetic Firm 1410,United Kingdom,United Kingdom,Technology,53.0,Technology Services,53.0,Technology Group,53.0,Technology Industry,53.0,Technology Activity,53.0,1944.0
SYN1411.X,SY0000001411,Synthetic Firm 1411,United Kingdom,United Kingdom,Financials,50.0,Financials Services,50.0,Financials Group,50.0,Financials Industry,50.0,Financials Activity,50.0,1939.0
SYN1412.X,SY0000001412,Synthetic Firm 1412,Switzerland,Switzerland,Industrials,56.0,Industrials Services,56.0,Industrials Group,56.0,Industrials Industry,56.0,Industrials Activity,56.0,1985.0
SYN1413.X,SY0000001413,Synthetic Firm 1413,United Kingdom,United Kingdom,Industrials,56.0,Industrials Services,56.0,Industrials Group,56.0,Industrials Industry,56.0,Industrials Activity,56.0,1984.0
SYN1414.X,SY0000001414,Synthetic Firm 1414,South Africa,South Africa,Industrials,56.0,Industrials Services,56.0,Industrials Group,56.0,Industrials Industry,56.0,Industrials Activity,56.0,2020.0
SYN1415.X,SY0000001415,Synthetic Firm 1415,United Kingdom,United Kingdom,Industrials,56.0,Industrials Services,56.0,Industrials Group,56.0,Industrials Industry,56.0,Industrials Activity,56.0,2007.0
SYN1416.X,SY0000001416,Synthetic Firm 1416,United Kingdom,United Kingdom,Industrials,56.0,Industrials Services,56.0,Industrials Group,56.0,Industrials Industry,56.0,Industrials Activity,56.0,1977.0
SYN1417.X,SY0000001417,Synthetic Firm 1417,Switzerland,Switzerland,Real Estate,55.0,Real Estate Services,55.0,Real Estate Group,55.0,Real Estate Industry,55.0,Real Estate Activity,55.0,1948.0
SYN1418.X,SY0000001418,Synthetic Firm 1418,France,France,Financials,50.0,Financials Services,50.0,Financials Group,50.0,Financials Industry,50.0,Financials Activity,50.0,1964.0
SYN1419.X,SY0000001419,Synthetic Firm 1419,Romania,Romania,Technology,53.0,Technology Services,53.0,Technology Group,53.0,Technology Industry,53.0,Technology Activity,53.0,1992.0
SYN1420.X,SY0000001420,Synthetic Firm 1420,United Kingdom,United Kingdom,Industrials,56.0,Industrials Services,56.0,Industrials Group,56.0,Industrials Industry,56.0,Industrials Activity,56.0,1997.0
SYN1421.X,SY0000001421,Synthetic Firm 1421,France,France,Industrials,56.0,Industrials Services,56.0,Industrials Group,56.0,Industrials Industry,56.0,Industrials Activity,56.0,2015.0
SYN1422.X,SY0000001422,Synthetic Firm 1422,Austria,Austria,Industrials,56.0,Industrials Services,56.0,Industrials Group,56.0,Industrials Industry,56.0,Industrials Activity,56.0,2002.0
SYN1423.X,SY0000001423,Synthetic Firm 1423,Switzerland,Switzerland,Financials,50.0,Financials Services,50.0,Financials Group,50.0,Financials Industry,50.0,Financials Activity,50.0,1974.0
SYN1424.X,SY0000001424,Synthetic Firm 1424,United Kingdom,United Kingdom,Consumer Cyclicals,51.0,Consumer Cyclicals Services,51.0,Consumer Cyclicals Group,51.0,Consumer Cyclicals Industry,51.0,Consumer Cyclicals Activity,51.0,2007.0
SYN1425.X,SY0000001425,Synthetic Firm 1425,Finland,Finland,Industrials,56.0,Industrials Services,56.0,Industrials Group,56.0,Industrials Industry,56.0,Industrials Activity,56.0,1926.0
SYN1426.X,SY0000001426,Synthetic Firm 1426,Switzerland,Switzerland,Technology,53.0,Technology Services,53.0,Technology Group,53.0,Technology Industry,53.0,Technology Activity,53.0,1985.0
SYN1427.X,SY0000001427,Synthetic Firm 1427,United Kingdom,United Kingdom,Consumer Cyclicals,51.0,Consumer Cyclicals Services,51.0,Consumer Cyclicals Group,51.0,Consumer Cyclicals Industry,51.0,Consumer Cyclicals Activity,51.0,1977.0
SYN1428.X,SY0000001428,Synthetic Firm 1428,United Kingdom,United Kingdom,Financials,50.0,Financials Services,50.0,Financials Group,50.0,Financials Industry,50.0,Financials Activity,50.0,1946.0
SYN1429.X,SY0000001429,Synthetic Firm 1429,Denmark,Denmark,Financials,50.0,Financials Services,50.0,Financials Group,50.0,Financials Industry,50.0,Financials Activity,50.0,1957.0
SYN1430.X,SY0000001430,Synthetic Firm 1430,Turkey,Turkey,Industrials,56.0,Industrials Services,56.0,Industrials Group,56.0,Industrials Industry,56.0,Industrials Activity,56.0,1995.0
SYN1431.X,SY0000001431,Synthetic Firm 1431,United Kingdom,United Kingdom,Industrials,56.0,Industrials Services,56.0,Industrials Group,56.0,Industrials Industry,56.0,Industrials Activity,56.0,1966.0
SYN1432.X,SY0000001432,Synthetic Firm 1432,Poland,Poland,Industrials,56.0,Industrials Services,56.0,Industrials Group,56.0,Industrials Industry,56.0,Industrials Activity,56.0,2024.0
SYN1433.X,SY0000001433,Synthetic Firm 1433,Spain,Spain,Technology,53.0,Technology Services,53.0,Technology Group,53.0,Technology Industry,53.0,Technology Activity,53.0,1953.0
SYN1434.X,SY0000001434,Synthetic Firm 1434,United Kingdom,United Kingdom,Technology,53.0,Technology Services,53.0,Technology Group,53.0,Technology Industry,53.0,Technology Activity,53.0,2011.0
SYN1435.X,SY0000001435,Synthetic Firm 1435,Israel,Israel,Financials,50.0,Financials Services,50.0,Financials Group,50.0,Financials Industry,50.0,Financials Activity,50.0,1990.0
SYN1436.X,SY0000001436,Synthetic Firm 1436,Germany,Germany,Technology,53.0,Technology Services,53.0,Technology Group,53.0,Technology Industry,53.0,Technology Activity,53.0,2008.0
SYN1437.X,SY0000001437,Synthetic Firm 1437,United Kingdom,United Kingdom,Real Estate,55.0,Real Estate Services,55.0,Real Estate Group,55.0,Real Estate Industry,55.0,Real Estate Activity,55.0,1994.0
SYN1438.X,SY0000001438,Synthetic Firm 1438,United Kingdom,United Kingdom,Industrials,56.0,Industrials Services,56.0,Industrials Group,56.0,Industrials Industry,56.0,Industrials Activity,56.0,0.0
SYN1439.X,SY0000001439,Synthetic Firm 1439,Switzerland,Switzerland,Consumer Non-Cyclicals,52.0,Consumer Non-Cyclicals Services,52.0,Consumer Non-Cyclicals Group,52.0,Consumer Non-Cyclicals Industry,52.0,Consumer Non-Cyclicals Activity,52.0,1999.0
SYN1440.X,SY0000001440,Synthetic Firm 1440,Germany,Germany,Industrials,56.0,Industrials Services,56.0,Industrials Group,56.0,Industrials Industry,56.0,Industrials Activity,56.0,1979.0
SYN1441.X,SY0000001441,Synthetic Firm 1441,Germany,Germany,Financials,50.0,Financials Services,50.0,Financials Group,50.0,Financials Industry,50.0,Financials Activity,50.0,1981.0
SYN1442.X,SY0000001442,Synthetic Firm 1442,Sweden,Sweden,Industrials,56.0,Industrials Services,56.0,Industrials Group,56.0,Industrials Industry,56.0,Industrials Activity,56.0,1941.0
SYN1443.X,SY0000001443,Synthetic Firm 1443,Sweden,Sweden,Industrials,56.0,Industrials Services,56.0,Industrials Group,56.0,Industrials Industry,56.0,Industrials Activity,56.0,1976.0
SYN1444.X,SY0000001444,Synthetic Firm 1444,Portugal,Portugal,Technology,53.0,Technology Services,53.0,Technology Group,53.0,Technology Industry,53.0,Technology Activity,53.0,2001.0
SYN1445.X,SY0000001445,Synthetic Firm 1445,Switzerland,Switzerland,Real Estate,55.0,Real Estate Services,55.0,Real Estate Group,55.0,Real Estate Industry,55.0,Real Estate Activity,55.0,1962.0
SYN1446.X,SY0000001446,Synthetic Firm 1446,Belgium,Belgium,Financials,50.0,Financials Services,50.0,Financials Group,50.0,Financials Industry,50.0,Financials Activity,50.0,1989.0
SYN1447.X,SY0000001447,Synthetic Firm 1447,United Kingdom,United Kingdom,Financials,50.0,Financials Services,50.0,Financials Group,50.0,Financials Industry,50.0,Financials Activity,50.0,2007.0
SYN1448.X,SY0000001448,Synthetic Firm 1448,United Kingdom,United Kingdom,Consumer Cyclicals,51.0,Consumer Cyclicals Services,51.0,Consumer Cyclicals Group,51.0,Consumer Cyclicals Industry,51.0,Consumer Cyclicals Activity,51.0,2025.0
SYN1449.X,SY0000001449,Synthetic Firm 1449,Sweden,Sweden,Industrials,56.0,Industrials Services,56.0,Industrials Group,56.0,Industrials Industry,56.0,Industrials Activity,56.0,1958.0
SYN1450.X,SY0000001450,Synthetic Firm 1450,Germany,Germany,Financials,50.0,Financials Services,50.0,Financials Group,50.0,Financials Industry,50.0,Financials Activity,50.0,1953.0
SYN1451.X,SY0000001451,Synthetic Firm 1451,Sweden,Sweden,Financials,50.0,Financials Services,50.0,Financials Group,50.0,Financials Industry,50.0,Financials Activity,50.0,2002.0
SYN1452.X,SY0000001452,Synthetic Firm 1452,Spain,Spain,Financials,50.0,Financials Services,50.0,Financials Group,50.0,Financials Industry,50.0,Financials Activity,50.0,1990.0
SYN1453.X,SY0000001453,Synthetic Firm 1453,United Kingdom,United Kingdom,Basic Materials,59.0,Basic Materials Services,59.0,Basic Materials Group,59.0,Basic Materials Industry,59.0,Basic Materials Activity,59.0,1963.0
SYN1454.X,SY0000001454,Synthetic Firm 1454,Switzerland,Switzerland,Technology,53.0,Technology Services,53.0,Technology Group,53.0,Technology Industry,53.0,Technology Activity,53.0,1958.0
SYN1455.X,SY0000001455,Synthetic Firm 1455,Czechia,Czechia,Consumer Cyclicals,51.0,Consumer Cyclicals Services,51.0,Consumer Cyclicals Group,51.0,Consumer Cyclicals Industry,51.0,Consumer Cyclicals Activity,51.0,1996.0
SYN1456.X,SY0000001456,Synthetic Firm 1456,United Kingdom,United Kingdom,Industrials,56.0,Industrials Services,56.0,Industrials Group,56.0,Industrials Industry,56.0,Industrials Activity,56.0,1956.0
SYN1457.X,SY0000001457,Synthetic Firm 1457,Italy,Italy,Industrials,56.0,Industrials Services,56.0,Industrials Group,56.0,Industrials Industry,56.0,Industrials Activity,56.0,1951.0
SYN1458.X,SY0000001458,Synthetic Firm 1458,France,France,Real Estate,55.0,Real Estate Services,55.0,Real Estate Group,55.0,Real Estate Industry,55.0,Real Estate Activity,55.0,0.0
SYN1459.X,SY0000001459,Synthetic Firm 1459,Greece,Greece,Industrials,56.0,Industrials Services,56.0,Industrials Group,56.0,Industrials Industry,56.0,Industrials Activity,56.0,2001.0
SYN1460.X,SY0000001460,Synthetic Firm 1460,Germany,Germany,Consumer Cyclicals,51.0,Consumer Cyclicals Services,51.0,Consumer Cyclicals Group,51.0,Consumer Cyclicals Industry,51.0,Consumer Cyclicals Activity,51.0,1969.0
SYN1461.X,SY0000001461,Synthetic Firm 1461,Sweden,Sweden,Basic Materials,59.0,Basic Materials Services,59.0,Basic Materials Group,59.0,Basic Materials Industry,59.0,Basic Materials Activity,59.0,1996.0
SYN1462.X,SY0000001462,Synthetic Firm 1462,Germany,Germany,Consumer Cyclicals,51.0,Consumer Cyclicals Services,51.0,Consumer Cyclicals Group,51.0,Consumer Cyclicals Industry,51.0,Consumer Cyclicals Activity,51.0,2020.0
SYN1463.X,SY0000001463,Synthetic Firm 1463,United Kingdom,United Kingdom,Industrials,56.0,Industrials Services,56.0,Industrials Group,56.0,Industrials Industry,56.0,Industrials Activity,56.0,2014.0
SYN1464.X,SY0000001464,Synthetic Firm 1464,Germany,Germany,Technology,53.0,Technology Services,53.0,Technology Group,53.0,Technology Industry,53.0,Technology Activity,53.0,1975.0
SYN1465.X,SY0000001465,Synthetic Firm 1465,Portugal,Portugal,Consumer Cyclicals,51.0,Consumer Cyclicals Services,51.0,Consumer Cyclicals Group,51.0,Consumer Cyclicals Industry,51.0,Consumer Cyclicals Activity,51.0,1978.0
SYN1466.X,SY0000001466,Synthetic Firm 1466,Sweden,Sweden,Industrials,56.0,Industrials Services,56.0,Industrials Group,56.0,Industrials Industry,56.0,Industrials Activity,56.0,1993.0
SYN1467.X,SY0000001467,Synthetic Firm 1467,Netherlands,Netherlands,Financials,50.0,Financials Services,50.0,Financials Group,50.0,Financials Industry,50.0,Financials Activity,50.0,1989.0
SYN1468.X,SY0000001468,Synthetic Firm 1468,Poland,Poland,Consumer Non-Cyclicals,52.0,Consumer Non-Cyclicals Services,52.0,Consumer Non-Cyclicals Group,52.0,Consumer Non-Cyclicals Industry,52.0,Consumer Non-Cyclicals Activity,52.0,1977.0
SYN1469.X,SY0000001469,Synthetic Firm 1469,Ireland,Ireland,Financials,50.0,Financials Services,50.0,Financials Group,50.0,Financials Industry,50.0,Financials Activity,50.0,2004.0
SYN1470.X,SY0000001470,Synthetic Firm 1470,Sweden,Sweden,Healthcare,58.0,Healthcare Services,58.0,Healthcare Group,58.0,Healthcare Industry,58.0,Healthcare Activity,58.0,1960.0
SYN1471.X,SY0000001471,Synthetic Firm 1471,Spain,Spain,Healthcare,58.0,Healthcare Services,58.0,Healthcare Group,58.0,Healthcare Industry,58.0,Healthcare Activity,58.0,2020.0
SYN1472.X,SY0000001472,Synthetic Firm 1472,Czechia,Czechia,Financials,50.0,Financials Services,50.0,Financials Group,50.0,Financials Industry,50.0,Financials Activity,50.0,1976.0
SYN1473.X,SY0000001473,Synthetic Firm 1473,Finland,Finland,Basic Materials,59.0,Basic Materials Services,59.0,Basic Materials Group,59.0,Basic Materials Industry,59.0,Basic Materials Activity,59.0,1991.0
SYN1474.X,SY0000001474,Synthetic Firm 1474,Portugal,Portugal,Financials,50.0,Financials Services,50.0,Financials Group,50.0,Financials Industry,50.0,Financials Activity,50.0,1988.0
SYN1475.X,SY0000001475,Synthetic Firm 1475,Poland,Poland,Technology,53.0,Technology Services,53.0,Technology Group,53.0,Technology Industry,53.0,Technology Activity,53.0,1952.0
SYN1476.X,SY0000001476,Synthetic Firm 1476,Poland,Poland,Technology,53.0,Technology Services,53.0,Technology Group,53.0,Technology Industry,53.0,Technology Activity,53.0,1984.0
SYN1477.X,SY0000001477,Synthetic Firm 1477,Switzerland,Switzerland,Technology,53.0,Technology Services,53.0,Technology Group,53.0,Technology Industry,53.0,Technology Activity,53.0,1935.0
SYN1478.X,SY0000001478,Synthetic Firm 1478,Portugal,Portugal,Technology,53.0,Technology Services,53.0,Technology Group,53.0,Technology Industry,53.0,Technology Activity,53.0,0.0
SYN1479.X,SY0000001479,Synthetic Firm 1479,Switzerland,Switzerland,Financials,50.0,Financials Services,50.0,Financials Group,50.0,Financials Industry,50.0,Financials Activity,50.0,1942.0
SYN1480.X,SY0000001480,Synthetic Firm 1480,Greece,Greece,Healthcare,58.0,Healthcare Services,58.0,Healthcare Group,58.0,Healthcare Industry,58.0,Healthcare Activity,58.0,1948.0
SYN1481.X,SY0000001481,Synthetic Firm 1481,Belgium,Belgium,Healthcare,58.0,Healthcare Services,58.0,Healthcare Group,58.0,Healthcare Industry,58.0,Healthcare Activity,58.0,1959.0
SYN1482.X,SY0000001482,Synthetic Firm 1482,Poland,Poland,Consumer Cyclicals,51.0,Consumer Cyclicals Services,51.0,Consumer Cyclicals Group,51.0,Consumer Cyclicals Industry,51.0,Consumer Cyclicals Activity,51.0,0.0
SYN1483.X,SY0000001483,Synthetic Firm 1483,United Kingdom,United Kingdom,Technology,53.0,Technology Services,53.0,Technology Group,53.0,Technology Industry,53.0,Technology Activity,53.0,1996.0
SYN1484.X,SY0000001484,Synthetic Firm 1484,Germany,Germany,Technology,53.0,Technology Services,53.0,Technology Group,53.0,Technology Industry,53.0,Technology Activity,53.0,2002.0
SYN1485.X,SY0000001485,Synthetic Firm 1485,Serbia,Serbia,Basic Materials,59.0,Basic Materials Services,59.0,Basic Materials Group,59.0,Basic Materials Industry,59.0,Basic Materials Activity,59.0,1996.0
SYN1486.X,SY0000001486,Synthetic Firm 1486,Germany,Germany,Financials,50.0,Financials Services,50.0,Financials Group,50.0,Financials Industry,50.0,Financials Activity,50.0,2005.0
SYN1487.X,SY0000001487,Synthetic Firm 1487,Hungary,Hungary,Industrials,56.0,Industrials Services,56.0,Industrials Group,56.0,Industrials Industry,56.0,Industrials Activity,56.0,1995.0
SYN1488.X,SY0000001488,Synthetic Firm 1488,Czechia,Czechia,Industrials,56.0,Industrials Services,56.0,Industrials Group,56.0,Industrials Industry,56.0,Industrials Activity,56.0,1980.0
SYN1489.X,SY0000001489,Synthetic Firm 1489,United Kingdom,United Kingdom,Industrials,56.0,Industrials Services,56.0,Industrials Group,56.0,Industrials Industry,56.0,Industrials Activity,56.0,2020.0
SYN1490.X,SY0000001490,Synthetic Firm 1490,United Kingdom,United Kingdom,Consumer Non-Cyclicals,52.0,Consumer Non-Cyclicals Services,52.0,Consumer Non-Cyclicals Group,52.0,Consumer Non-Cyclicals Industry,52.0,Consumer Non-Cyclicals Activity,52.0,1995.0
SYN1491.X,SY0000001491,Synthetic Firm 1491,United Kingdom,United Kingdom,Industrials,56.0,Industrials Services,56.0,Industrials Group,56.0,Industrials Industry,56.0,Industrials Activity,56.0,0.0
SYN1492.X,SY0000001492,Synthetic Firm 1492,Czechia,Czechia,Industrials,56.0,Industrials Services,56.0,Industrials Group,56.0,Industrials Industry,56.0,Industrials Activity,56.0,1990.0
SYN1493.X,SY0000001493,Synthetic Firm 1493,Finland,Finland,Technology,53.0,Technology Services,53.0,Technology Group,53.0,Technology Industry,53.0,Technology Activity,53.0,2000.0
SYN1494.X,SY0000001494,Synthetic Firm 1494,Switzerland,Switzerland,Healthcare,58.0,Healthcare Services,58.0,Healthcare Group,58.0,Healthcare Industry,58.0,Healthcare Activity,58.0,2007.0
SYN1495.X,SY0000001495,Synthetic Firm 1495,Luxembourg,Luxembourg,Industrials,56.0,Industrials Services,56.0,Industrials Group,56.0,Industrials Industry,56.0,Industrials Activity,56.0,0.0
SYN1496.X,SY0000001496,Synthetic Firm 1496,United Kingdom,United Kingdom,Consumer Non-Cyclicals,52.0,Consumer Non-Cyclicals Services,52.0,Consumer Non-Cyclicals Group,52.0,Consumer Non-Cyclicals Industry,52.0,Consumer Non-Cyclicals Activity,52.0,1950.0
SYN1497.X,SY0000001497,Synthetic Firm 1497,Germany,Germany,Financials,50.0,Financials Services,50.0,Financials Group,50.0,Financials Industry,50.0,Financials Activity,50.0,1992.0
SYN1498.X,SY0000001498,Synthetic Firm 1498,Sweden,Sweden,Consumer Non-Cyclicals,52.0,Consumer Non-Cyclicals Services,52.0,Consumer Non-Cyclicals Group,52.0,Consumer Non-Cyclicals Industry,52.0,Consumer Non-Cyclicals Activity,52.0,1954.0
SYN1499.X,SY0000001499,Synthetic Firm 1499,Switzerland,Switzerland,Real Estate,55.0,Real Estate Services,55.0,Real Estate Group,55.0,Real Estate Industry,55.0,Real Estate Activity,55.0,1963.0
SYN1500.X,SY0000001500,Synthetic Firm 1500,United Kingdom,United Kingdom,Consumer Cyclicals,51.0,Consumer Cyclicals Services,51.0,Consumer Cyclicals Group,51.0,Consumer Cyclicals Industry,51.0,Consumer Cyclicals Activity,51.0,2010.0
SYN1501.X,SY0000001501,Synthetic Firm 1501,Belgium,Belgium,Basic Materials,59.0,Basic Materials Services,59.0,Basic Materials Group,59.0,Basic Materials Industry,59.0,Basic Materials Activity,59.0,2014.0
SYN1502.X,SY0000001502,Synthetic Firm 1502,Monaco,Monaco,Consumer Cyclicals,51.0,Consumer Cyclicals Services,51.0,Consumer Cyclicals Group,51.0,Consumer Cyclicals Industry,51.0,Consumer Cyclicals Activity,51.0,2015.0
SYN1503.X,SY0000001503,Synthetic Firm 1503,Switzerland,Switzerland,Financials,50.0,Financials Services,50.0,Financials Group,50.0,Financials Industry,50.0,Financials Activity,50.0,1997.0
SYN1504.X,SY0000001504,Synthetic Firm 1504,Austria,Austria,Technology,53.0,Technology Services,53.0,Technology Group,53.0,Technology Industry,53.0,Technology Activity,53.0,0.0
SYN1505.X,SY0000001505,Synthetic Firm 1505,United Kingdom,United Kingdom,Consumer Cyclicals,51.0,Consumer Cyclicals Services,51.0,Consumer Cyclicals Group,51.0,Consumer Cyclicals Industry,51.0,Consumer Cyclicals Activity,51.0,1966.0
SYN1506.X,SY0000001506,Synthetic Firm 1506,Switzerland,Switzerland,Healthcare,58.0,Healthcare Services,58.0,Healthcare Group,58.0,Healthcare Industry,58.0,Healthcare Activity,58.0,2016.0
SYN1507.X,SY0000001507,Synthetic Firm 1507,Spain,Spain,Industrials,56.0,Industrials Services,56.0,Industrials Group,56.0,Industrials Industry,56.0,Industrials Activity,56.0,1963.0
SYN1508.X,SY0000001508,Synthetic Firm 1508,Czechia,Czechia,Real Estate,55.0,Real Estate Services,55.0,Real Estate Group,55.0,Real Estate Industry,55.0,Real Estate Activity,55.0,1972.0
SYN1509.X,SY0000001509,Synthetic Firm 1509,United Kingdom,United Kingdom,Consumer Cyclicals,51.0,Consumer Cyclicals Services,51.0,Consumer Cyclicals Group,51.0,Consumer Cyclicals Industry,51.0,Consumer Cyclicals Activity,51.0,1994.0
SYN1510.X,SY0000001510,Synthetic Firm 1510,Romania,Romania,Utilities,57.0,Utilities Services,57.0,Utilities Group,57.0,Utilities Industry,57.0,Utilities Activity,57.0,1997.0
SYN1511.X,SY0000001511,Synthetic Firm 1511,United Kingdom,United Kingdom,Financials,50.0,Financials Services,50.0,Financials Group,50.0,Financials Industry,50.0,Financials Activity,50.0,1950.0
SYN1512.X,SY0000001512,Synthetic Firm 1512,Switzerland,Switzerland,Consumer Cyclicals,51.0,Consumer Cyclicals Services,51.0,Consumer Cyclicals Group,51.0,Consumer Cyclicals Industry,51.0,Consumer Cyclicals Activity,51.0,1956.0
SYN1513.X,SY0000001513,Synthetic Firm 1513,Sweden,Sweden,Industrials,56.0,Industrials Services,56.0,Industrials Group,56.0,Industrials Industry,56.0,Industrials Activity,56.0,1986.0
SYN1514.X,SY0000001514,Synthetic Firm 1514,Switzerland,Switzerland,Consumer Cyclicals,51.0,Consumer Cyclicals Services,51.0,Consumer Cyclicals Group,51.0,Consumer Cyclicals Industry,51.0,Consumer Cyclicals Activity,51.0,2016.0
SYN1515.X,SY0000001515,Synthetic Firm 1515,Sweden,Sweden,Financials,50.0,Financials Services,50.0,Financials Group,50.0,Financials Industry,50.0,Financials Activity,50.0,1963.0
SYN1516.X,SY0000001516,Synthetic Firm 1516,Germany,Germany,Healthcare,58.0,Healthcare Services,58.0,Healthcare Group,58.0,Healthcare Industry,58.0,Healthcare Activity,58.0,1977.0
SYN1517.X,SY0000001517,Synthetic Firm 1517,Czechia,Czechia,Consumer Cyclicals,51.0,Consumer Cyclicals Services,51.0,Consumer Cyclicals Group,51.0,Consumer Cyclicals Industry,51.0,Consumer Cyclicals Activity,51.0,2004.0
SYN1518.X,SY0000001518,Synthetic Firm 1518,Czechia,Czechia,Industrials,56.0,Industrials Services,56.0,Industrials Group,56.0,Industrials Industry,56.0,Industrials Activity,56.0,2010.0
SYN1519.X,SY0000001519,Synthetic Firm 1519,Italy,Italy,Basic Materials,59.0,Basic Materials Services,59.0,Basic Materials Group,59.0,Basic Materials Industry,59.0,Basic Materials Activity,59.0,2002.0
SYN1520.X,SY0000001520,Synthetic Firm 1520,Poland,Poland,Energy,54.0,Energy Services,54.0,Energy Group,54.0,Energy Industry,54.0,Energy Activity,54.0,1948.0
SYN1521.X,SY0000001521,Synthetic Firm 1521,United Kingdom,United Kingdom,Consumer Cyclicals,51.0,Consumer Cyclicals Services,51.0,Consumer Cyclicals Group,51.0,Consumer Cyclicals Industry,51.0,Consumer Cyclicals Activity,51.0,0.0
SYN1522.X,SY0000001522,Synthetic Firm 1522,France,France,Technology,53.0,Technology Services,53.0,Technology Group,53.0,Technology Industry,53.0,Technology Activity,53.0,2002.0
SYN1523.X,SY0000001523,Synthetic Firm 1523,Netherlands,Netherlands,Energy,54.0,Energy Services,54.0,Energy Group,54.0,Energy Industry,54.0,Energy Activity,54.0,1968.0
SYN1524.X,SY0000001524,Synthetic Firm 1524,France,France,Industrials,56.0,Industrials Services,56.0,Industrials Group,56.0,Industrials Industry,56.0,Industrials Activity,56.0,1965.0
SYN1525.X,SY0000001525,Synthetic Firm 1525,Romania,Romania,Technology,53.0,Technology Services,53.0,Technology Group,53.0,Technology Industry,53.0,Technology Activity,53.0,1994.0
SYN1526.X,SY0000001526,Synthetic Firm 1526,Iceland,Iceland,Industrials,56.0,Industrials Services,56.0,Industrials Group,56.0,Industrials Industry,56.0,Industrials Activity,56.0,1969.0
SYN1527.X,SY0000001527,Synthetic Firm 1527,Germany,Germany,Basic Materials,59.0,Basic Materials Services,59.0,Basic Materials Group,59.0,Basic Materials Industry,59.0,Basic Materials Activity,59.0,1958.0
SYN1528.X,SY0000001528,Synthetic Firm 1528,United Kingdom,United Kingdom,Consumer Cyclicals,51.0,Consumer Cyclicals Services,51.0,Consumer Cyclicals Group,51.0,Consumer Cyclicals Industry,51.0,Consumer Cyclicals Activity,51.0,1993.0
SYN1529.X,SY0000001529,Synthetic Firm 1529,Italy,Italy,Real Estate,55.0,Real Estate Services,55.0,Real Estate Group,55.0,Real Estate Industry,55.0,Real Estate Activity,55.0,1955.0
SYN1530.X,SY0000001530,Synthetic Firm 1530,Russia,Russia,Healthcare,58.0,Healthcare Services,58.0,Healthcare Group,58.0,Healthcare Industry,58.0,Healthcare Activity,58.0,1967.0
SYN1531.X,SY0000001531,Synthetic Firm 1531,Sweden,Sweden,Industrials,56.0,Industrials Services,56.0,Industrials Group,56.0,Industrials Industry,56.0,Industrials Activity,56.0,1967.0
SYN1532.X,SY0000001532,Synthetic Firm 1532,France,France,Consumer Non-Cyclicals,52.0,Consumer Non-Cyclicals Services,52.0,Consumer Non-Cyclicals Group,52.0,Consumer Non-Cyclicals Industry,52.0,Consumer Non-Cyclicals Activity,52.0,2014.0
SYN1533.X,SY0000001533,Synthetic Firm 1533,Sweden,Sweden,Industrials,56.0,Industrials Services,56.0,Industrials Group,56.0,Industrials Industry,56.0,Industrials Activity,56.0,1958.0
SYN1534.X,SY0000001534,Synthetic Firm 1534,Germany,Germany,Financials,50.0,Financials Services,50.0,Financials Group,50.0,Financials Industry,50.0,Financials Activity,50.0,1955.0
SYN1535.X,SY0000001535,Synthetic Firm 1535,Italy,Italy,Consumer Cyclicals,51.0,Consumer Cyclicals Services,51.0,Consumer Cyclicals Group,51.0,Consumer Cyclicals Industry,51.0,Consumer Cyclicals Activity,51.0,2015.0
SYN1536.X,SY0000001536,Synthetic Firm 1536,Russia,Russia,Industrials,56.0,Industrials Services,56.0,Industrials Group,56.0,Industrials Industry,56.0,Industrials Activity,56.0,0.0
SYN1537.X,SY0000001537,Synthetic Firm 1537,Sweden,Sweden,Consumer Cyclicals,51.0,Consumer Cyclicals Services,51.0,Consumer Cyclicals Group,51.0,Consumer Cyclicals Industry,51.0,Consumer Cyclicals Activity,51.0,1996.0
SYN1538.X,SY0000001538,Synthetic Firm 1538,France,France,Financials,50.0,Financials Services,50.0,Financials Group,50.0,Financials Industry,50.0,Financials Activity,50.0,2001.0
SYN1539.X,SY0000001539,Synthetic Firm 1539,Switzerland,Switzerland,Consumer Cyclicals,51.0,Consumer Cyclicals Services,51.0,Consumer Cyclicals Group,51.0,Consumer Cyclicals Industry,51.0,Consumer Cyclicals Activity,51.0,2015.0
SYN1540.X,SY0000001540,Synthetic Firm 1540,France,France,Real Estate,55.0,Real Estate Services,55.0,Real Estate Group,55.0,Real Estate Industry,55.0,Real Estate Activity,55.0,1994.0
SYN1541.X,SY0000001541,Synthetic Firm 1541,Germany,Germany,Consumer Cyclicals,51.0,Consumer Cyclicals Services,51.0,Consumer Cyclicals Group,51.0,Consumer Cyclicals Industry,51.0,Consumer Cyclicals Activity,51.0,1908.0
SYN1542.X,SY0000001542,Synthetic Firm 1542,Sweden,Sweden,Consumer Non-Cyclicals,52.0,Consumer Non-Cyclicals Services,52.0,Consumer Non-Cyclicals Group,52.0,Consumer Non-Cyclicals Industry,52.0,Consumer Non-Cyclicals Activity,52.0,2007.0
SYN1543.X,SY0000001543,Synthetic Firm 1543,Sweden,Sweden,Energy,54.0,Energy Services,54.0,Energy Group,54.0,Energy Industry,54.0,Energy Activity,54.0,1988.0
SYN1544.X,SY0000001544,Synthetic Firm 1544,France,France,Technology,53.0,Technology Services,53.0,Technology Group,53.0,Technology Industry,53.0,Technology Activity,53.0,2011.0
SYN1545.X,SY0000001545,Synthetic Firm 1545,United Kingdom,United Kingdom,Consumer Cyclicals,51.0,Consumer Cyclicals Services,51.0,Consumer Cyclicals Group,51.0,Consumer Cyclicals Industry,51.0,Consumer Cyclicals Activity,51.0,1993.0
SYN1546.X,SY0000001546,Synthetic Firm 1546,United Kingdom,United Kingdom,Industrials,56.0,Industrials Services,56.0,Industrials Group,56.0,Industrials Industry,56.0,Industrials Activity,56.0,1976.0
SYN1547.X,SY0000001547,Synthetic Firm 1547,Iceland,Iceland,Financials,50.0,Financials Services,50.0,Financials Group,50.0,Financials Industry,50.0,Financials Activity,50.0,0.0
SYN1548.X,SY0000001548,Synthetic Firm 1548,France,France,Industrials,56.0,Industrials Services,56.0,Industrials Group,56.0,Industrials Industry,56.0,Industrials Activity,56.0,2011.0
SYN1549.X,SY0000001549,Synthetic Firm 1549,Sweden,Sweden,Healthcare,58.0,Healthcare Services,58.0,Healthcare Group,58.0,Healthcare Industry,58.0,Healthcare Activity,58.0,1937.0
SYN1550.X,SY0000001550,Synthetic Firm 1550,Spain,Spain,Technology,53.0,Technology Services,53.0,Technology Group,53.0,Technology Industry,53.0,Technology Activity,53.0,2016.0
SYN1551.X,SY0000001551,Synthetic Firm 1551,Greece,Greece,Utilities,57.0,Utilities Services,57.0,Utilities Group,57.0,Utilities Industry,57.0,Utilities Activity,57.0,1965.0
SYN1552.X,SY0000001552,Synthetic Firm 1552,Iceland,Iceland,Technology,53.0,Technology Services,53.0,Technology Group,53.0,Technology Industry,53.0,Technology Activity,53.0,1986.0
SYN1553.X,SY0000001553,Synthetic Firm 1553,United Kingdom,United Kingdom,Technology,53.0,Technology Services,53.0,Technology Group,53.0,Technology Industry,53.0,Technology Activity,53.0,1966.0
SYN1554.X,SY0000001554,Synthetic Firm 1554,Netherlands,Netherlands,Consumer Cyclicals,51.0,Consumer Cyclicals Services,51.0,Consumer Cyclicals Group,51.0,Consumer Cyclicals Industry,51.0,Consumer Cyclicals Activity,51.0,2020.0
SYN1555.X,SY0000001555,Synthetic Firm 1555,United Kingdom,United Kingdom,Energy,54.0,Energy Services,54.0,Energy Group,54.0,Energy Industry,54.0,Energy Activity,54.0,1971.0
SYN1556.X,SY0000001556,Synthetic Firm 1556,United Kingdom,United Kingdom,Financials,50.0,Financials Services,50.0,Financials Group,50.0,Financials Industry,50.0,Financials Activity,50.0,1984.0
SYN1557.X,SY0000001557,Synthetic Firm 1557,Germany,Germany,Consumer Non-Cyclicals,52.0,Consumer Non-Cyclicals Services,52.0,Consumer Non-Cyclicals Group,52.0,Consumer Non-Cyclicals Industry,52.0,Consumer Non-Cyclicals Activity,52.0,1935.0
SYN1558.X,SY0000001558,Synthetic Firm 1558,Russia,Russia,Consumer Cyclicals,51.0,Consumer Cyclicals Services,51.0,Consumer Cyclicals Group,51.0,Consumer Cyclicals Industry,51.0,Consumer Cyclicals Activity,51.0,2015.0
SYN1559.X,SY0000001559,Synthetic Firm 1559,Cyprus,Cyprus,Energy,54.0,Energy Services,54.0,Energy Group,54.0,Energy Industry,54.0,Energy Activity,54.0,1983.0
SYN1560.X,SY0000001560,Synthetic Firm 1560,United Kingdom,United Kingdom,Utilities,57.0,Utilities Services,57.0,Utilities Group,57.0,Utilities Industry,57.0,Utilities Activity,57.0,1958.0
SYN1561.X,SY0000001561,Synthetic Firm 1561,Luxembourg,Luxembourg,Healthcare,58.0,Healthcare Services,58.0,Healthcare Group,58.0,Healthcare Industry,58.0,Healthcare Activity,58.0,1945.0
SYN1562.X,SY0000001562,Synthetic Firm 1562,United Kingdom,United Kingdom,Basic Materials,59.0,Basic Materials Services,59.0,Basic Materials Group,59.0,Basic Materials Industry,59.0,Basic Materials Activity,59.0,2026.0
SYN1563.X,SY0000001563,Synthetic Firm 1563,Germany,Germany,Industrials,56.0,Industrials Services,56.0,Industrials Group,56.0,Industrials Industry,56.0,Industrials Activity,56.0,1985.0
SYN1564.X,SY0000001564,Synthetic Firm 1564,France,France,Financials,50.0,Financials Services,50.0,Financials Group,50.0,Financials Industry,50.0,Financials Activity,50.0,1947.0
SYN1565.X,SY0000001565,Synthetic Firm 1565,Portugal,Portugal,Industrials,56.0,Industrials Services,56.0,Industrials Group,56.0,Industrials Industry,56.0,Industrials Activity,56.0,2014.0
SYN1566.X,SY0000001566,Synthetic Firm 1566,Italy,Italy,Industrials,56.0,Industrials Services,56.0,Industrials Group,56.0,Industrials Industry,56.0,Industrials Activity,56.0,1988.0
SYN1567.X,SY0000001567,Synthetic Firm 1567,Sweden,Sweden,Basic Materials,59.0,Basic Materials Services,59.0,Basic Materials Group,59.0,Basic Materials Industry,59.0,Basic Materials Activity,59.0,1961.0
SYN1568.X,SY0000001568,Synthetic Firm 1568,Germany,Germany,Technology,53.0,Technology Services,53.0,Technology Group,53.0,Technology Industry,53.0,Technology Activity,53.0,1975.0
SYN1569.X,SY0000001569,Synthetic Firm 1569,Hungary,Hungary,Financials,50.0,Financials Services,50.0,Financials Group,50.0,Financials Industry,50.0,Financials Activity,50.0,1984.0
SYN1570.X,SY0000001570,Synthetic Firm 1570,United Kingdom,United Kingdom,Technology,53.0,Technology Services,53.0,Technology Group,53.0,Technology Industry,53.0,Technology Activity,53.0,1997.0
SYN1571.X,SY0000001571,Synthetic Firm 1571,Sweden,Sweden,Financials,50.0,Financials Services,50.0,Financials Group,50.0,Financials Industry,50.0,Financials Activity,50.0,1999.0
SYN1572.X,SY0000001572,Synthetic Firm 1572,Russia,Russia,Consumer Cyclicals,51.0,Consumer Cyclicals Services,51.0,Consumer Cyclicals Group,51.0,Consumer Cyclicals Industry,51.0,Consumer Cyclicals Activity,51.0,2014.0
SYN1573.X,SY0000001573,Synthetic Firm 1573,France,France,Real Estate,55.0,Real Estate Services,55.0,Real Estate Group,55.0,Real Estate Industry,55.0,Real Estate Activity,55.0,1987.0
SYN1574.X,SY0000001574,Synthetic Firm 1574,United Kingdom,United Kingdom,Consumer Cyclicals,51.0,Consumer Cyclicals Services,51.0,Consumer Cyclicals Group,51.0,Consumer Cyclicals Industry,51.0,Consumer Cyclicals Activity,51.0,1994.0
SYN1575.X,SY0000001575,Synthetic Firm 1575,Poland,Poland,Consumer Cyclicals,51.0,Consumer Cyclicals Services,51.0,Consumer Cyclicals Group,51.0,Consumer Cyclicals Industry,51.0,Consumer Cyclicals Activity,51.0,2004.0
SYN1576.X,SY0000001576,Synthetic Firm 1576,Ireland,Ireland,Financials,50.0,Financials Services,50.0,Financials Group,50.0,Financials Industry,50.0,Financials Activity,50.0,1958.0
SYN1577.X,SY0000001577,Synthetic Firm 1577,Germany,Germany,Financials,50.0,Financials Services,50.0,Financials Group,50.0,Financials Industry,50.0,Financials Activity,50.0,2023.0
SYN1578.X,SY0000001578,Synthetic Firm 1578,United Kingdom,United Kingdom,Industrials,56.0,Industrials Services,56.0,Industrials Group,56.0,Industrials Industry,56.0,Industrials Activity,56.0,1998.0
SYN1579.X,SY0000001579,Synthetic Firm 1579,United Kingdom,United Kingdom,Healthcare,58.0,Healthcare Services,58.0,Healthcare Group,58.0,Healthcare Industry,58.0,Healthcare Activity,58.0,1968.0
SYN1580.X,SY0000001580,Synthetic Firm 1580,Greece,Greece,Consumer Non-Cyclicals,52.0,Consumer Non-Cyclicals Services,52.0,Consumer Non-Cyclicals Group,52.0,Consumer Non-Cyclicals Industry,52.0,Consumer Non-Cyclicals Activity,52.0,2023.0
SYN1581.X,SY0000001581,Synthetic Firm 1581,Belgium,Belgium,Financials,50.0,Financials Services,50.0,Financials Group,50.0,Financials Industry,50.0,Financials Activity,50.0,1968.0
SYN1582.X,SY0000001582,Synthetic Firm 1582,Switzerland,Switzerland,Technology,53.0,Technology Services,53.0,Technology Group,53.0,Technology Industry,53.0,Technology Activity,53.0,2010.0
SYN1583.X,SY0000001583,Synthetic Firm 1583,Sweden,Sweden,Consumer Non-Cyclicals,52.0,Consumer Non-Cyclicals Services,52.0,Consumer Non-Cyclicals Group,52.0,Consumer Non-Cyclicals Industry,52.0,Consumer Non-Cyclicals Activity,52.0,2001.0
SYN1584.X,SY0000001584,Synthetic Firm 1584,United Kingdom,United Kingdom,Basic Materials,59.0,Basic Materials Services,59.0,Basic Materials Group,59.0,Basic Materials Industry,59.0,Basic Materials Activity,59.0,1986.0
SYN1585.X,SY0000001585,Synthetic Firm 1585,Israel,Israel,Industrials,56.0,Industrials Services,56.0,Industrials Group,56.0,Industrials Industry,56.0,Industrials Activity,56.0,1955.0
SYN1586.X,SY0000001586,Synthetic Firm 1586,Sweden,Sweden,Financials,50.0,Financials Services,50.0,Financials Group,50.0,Financials Industry,50.0,Financials Activity,50.0,2023.0
SYN1587.X,SY0000001587,Synthetic Firm 1587,Switzerland,Switzerland,Academic & Educational Services,60.0,Academic & Educational Services Services,60.0,Academic & Educational Services Group,60.0,Academic & Educational Services Industry,60.0,Academic & Educational Services Activity,60.0,1993.0
SYN1588.X,SY0000001588,Synthetic Firm 1588,Germany,Germany,Financials,50.0,Financials Services,50.0,Financials Group,50.0,Financials Industry,50.0,Financials Activity,50.0,0.0
SYN1589.X,SY0000001589,Synthetic Firm 1589,Germany,Germany,Industrials,56.0,Industrials Services,56.0,Industrials Group,56.0,Industrials Industry,56.0,Industrials Activity,56.0,1961.0
SYN1590.X,SY0000001590,Synthetic Firm 1590,Greece,Greece,Basic Materials,59.0,Basic Materials Services,59.0,Basic Materials Group,59.0,Basic Materials Industry,59.0,Basic Materials Activity,59.0,1974.0
SYN1591.X,SY0000001591,Synthetic Firm 1591,Portugal,Portugal,Industrials,56.0,Industrials Services,56.0,Industrials Group,56.0,Industrials Industry,56.0,Industrials Activity,56.0,2018.0
SYN1592.X,SY0000001592,Synthetic Firm 1592,United Kingdom,United Kingdom,Real Estate,55.0,Real Estate Services,55.0,Real Estate Group,55.0,Real Estate Industry,55.0,Real Estate Activity,55.0,1945.0
SYN1593.X,SY0000001593,Synthetic Firm 1593,Romania,Romania,Financials,50.0,Financials Services,50.0,Financials Group,50.0,Financials Industry,50.0,Financials Activity,50.0,1917.0
SYN1594.X,SY0000001594,Synthetic Firm 1594,Luxembourg,Luxembourg,Energy,54.0,Energy Services,54.0,Energy Group,54.0,Energy Industry,54.0,Energy Activity,54.0,2004.0
SYN1595.X,SY0000001595,Synthetic Firm 1595,South Africa,South Africa,Industrials,56.0,Industrials Services,56.0,Industrials Group,56.0,Industrials Industry,56.0,Industrials Activity,56.0,1952.0
SYN1596.X,SY0000001596,Synthetic Firm 1596,France,France,Financials,50.0,Financials Services,50.0,Financials Group,50.0,Financials Industry,50.0,Financials Activity,50.0,1982.0
SYN1597.X,SY0000001597,Synthetic Firm 1597,France,France,Technology,53.0,Technology Services,53.0,Technology Group,53.0,Technology Industry,53.0,Technology Activity,53.0,1964.0
SYN1598.X,SY0000001598,Synthetic Firm 1598,Ireland,Ireland,Industrials,56.0,Industrials Services,56.0,Industrials Group,56.0,Industrials Industry,56.0,Industrials Activity,56.0,2004.0
SYN1599.X,SY0000001599,Synthetic Firm 1599,United Kingdom,United Kingdom,Consumer Non-Cyclicals,52.0,Consumer Non-Cyclicals Services,52.0,Consumer Non-Cyclicals Group,52.0,Consumer Non-Cyclicals Industry,52.0,Consumer Non-Cyclicals Activity,52.0,1969.0
SYN1600.X,SY0000001600,Synthetic Firm 1600,Denmark,Denmark,Utilities,57.0,Utilities Services,57.0,Utilities Group,57.0,Utilities Industry,57.0,Utilities Activity,57.0,1970.0
SYN1601.X,SY0000001601,Synthetic Firm 1601,Israel,Israel,Basic Materials,59.0,Basic Materials Services,59.0,Basic Materials Group,59.0,Basic Materials Industry,59.0,Basic Materials Activity,59.0,1996.0
SYN1602.X,SY0000001602,Synthetic Firm 1602,Austria,Austria,Financials,50.0,Financials Services,50.0,Financials Group,50.0,Financials Industry,50.0,Financials Activity,50.0,2012.0
SYN1603.X,SY0000001603,Synthetic Firm 1603,Germany,Germany,Consumer Non-Cyclicals,52.0,Consumer Non-Cyclicals Services,52.0,Consumer Non-Cyclicals Group,52.0,Consumer Non-Cyclicals Industry,52.0,Consumer Non-Cyclicals Activity,52.0,1951.0
SYN1604.X,SY0000001604,Synthetic Firm 1604,Portugal,Portugal,Consumer Cyclicals,51.0,Consumer Cyclicals Services,51.0,Consumer Cyclicals Group,51.0,Consumer Cyclicals Industry,51.0,Consumer Cyclicals Activity,51.0,0.0
SYN1605.X,SY0000001605,Synthetic Firm 1605,Germany,Germany,Financials,50.0,Financials Services,50.0,Financials Group,50.0,Financials Industry,50.0,Financials Activity,50.0,2003.0
SYN1606.X,SY0000001606,Synthetic Firm 1606,Belgium,Belgium,Financials,50.0,Financials Services,50.0,Financials Group,50.0,Financials Industry,50.0,Financials Activity,50.0,1985.0
SYN1607.X,SY0000001607,Synthetic Firm 1607,Ireland,Ireland,Technology,53.0,Technology Services,53.0,Technology Group,53.0,Technology Industry,53.0,Technology Activity,53.0,1963.0
SYN1608.X,SY0000001608,Synthetic Firm 1608,Portugal,Portugal,Utilities,57.0,Utilities Services,57.0,Utilities Group,57.0,Utilities Industry,57.0,Utilities Activity,57.0,1950.0
SYN1609.X,SY0000001609,Synthetic Firm 1609,Norway,Norway,Industrials,56.0,Industrials Services,56.0,Industrials Group,56.0,Industrials Industry,56.0,Industrials Activity,56.0,1912.0
SYN1610.X,SY0000001610,Synthetic Firm 1610,Sweden,Sweden,Healthcare,58.0,Healthcare Services,58.0,Healthcare Group,58.0,Healthcare Industry,58.0,Healthcare Activity,58.0,1982.0
SYN1611.X,SY0000001611,Synthetic Firm 1611,France,France,Industrials,56.0,Industrials Services,56.0,Industrials Group,56.0,Industrials Industry,56.0,Industrials Activity,56.0,2008.0
SYN1612.X,SY0000001612,Synthetic Firm 1612,Switzerland,Switzerland,Basic Materials,59.0,Basic Materials Services,59.0,Basic Materials Group,59.0,Basic Materials Industry,59.0,Basic Materials Activity,59.0,1981.0
SYN1613.X,SY0000001613,Synthetic Firm 1613,Germany,Germany,Financials,50.0,Financials Services,50.0,Financials Group,50.0,Financials Industry,50.0,Financials Activity,50.0,1954.0
SYN1614.X,SY0000001614,Synthetic Firm 1614,Germany,Germany,Industrials,56.0,Industrials Services,56.0,Industrials Group,56.0,Industrials Industry,56.0,Industrials Activity,56.0,1920.0
SYN1615.X,SY0000001615,Synthetic Firm 1615,Serbia,Serbia,Industrials,56.0,Industrials Services,56.0,Industrials Group,56.0,Industrials Industry,56.0,Industrials Activity,56.0,2015.0
SYN1616.X,SY0000001616,Synthetic Firm 1616,United Kingdom,United Kingdom,Financials,50.0,Financials Services,50.0,Financials Group,50.0,Financials Industry,50.0,Financials Activity,50.0,1982.0
SYN1617.X,SY0000001617,Synthetic Firm 1617,Switzerland,Switzerland,Financials,50.0,Financials Services,50.0,Financials Group,50.0,Financials Industry,50.0,Financials Activity,50.0,1957.0
SYN1618.X,SY0000001618,Synthetic Firm 1618,Hungary,Hungary,Industrials,56.0,Industrials Services,56.0,Industrials Group,56.0,Industrials Industry,56.0,Industrials Activity,56.0,2025.0
SYN1619.X,SY0000001619,Synthetic Firm 1619,United Kingdom,United Kingdom,Industrials,56.0,Industrials Services,56.0,Industrials Group,56.0,Industrials Industry,56.0,Industrials Activity,56.0,1982.0
SYN1620.X,SY0000001620,Synthetic Firm 1620,Canada,Canada,Healthcare,58.0,Healthcare Services,58.0,Healthcare Group,58.0,Healthcare Industry,58.0,Healthcare Activity,58.0,1973.0
SYN1621.X,SY0000001621,Synthetic Firm 1621,Germany,Germany,Financials,50.0,Financials Services,50.0,Financials Group,50.0,Financials Industry,50.0,Financials Activity,50.0,1975.0
SYN1622.X,SY0000001622,Synthetic Firm 1622,United Kingdom,United Kingdom,Healthcare,58.0,Healthcare Services,58.0,Healthcare Group,58.0,Healthcare Industry,58.0,Healthcare Activity,58.0,1944.0
SYN1623.X,SY0000001623,Synthetic Firm 1623,Switzerland,Switzerland,Consumer Non-Cyclicals,52.0,Consumer Non-Cyclicals Services,52.0,Consumer Non-Cyclicals Group,52.0,Consumer Non-Cyclicals Industry,52.0,Consumer Non-Cyclicals Activity,52.0,2001.0
SYN1624.X,SY0000001624,Synthetic Firm 1624,United Kingdom,United Kingdom,Technology,53.0,Technology Services,53.0,Technology Group,53.0,Technology Industry,53.0,Technology Activity,53.0,2023.0
SYN1625.X,SY0000001625,Synthetic Firm 1625,United Kingdom,United Kingdom,Consumer Non-Cyclicals,52.0,Consumer Non-Cyclicals Services,52.0,Consumer Non-Cyclicals Group,52.0,Consumer Non-Cyclicals Industry,52.0,Consumer Non-Cyclicals Activity,52.0,0.0
SYN1626.X,SY0000001626,Synthetic Firm 1626,Poland,Poland,Consumer Cyclicals,51.0,Consumer Cyclicals Services,51.0,Consumer Cyclicals Group,51.0,Consumer Cyclicals Industry,51.0,Consumer Cyclicals Activity,51.0,0.0
SYN1627.X,SY0000001627,Synthetic Firm 1627,United Kingdom,United Kingdom,Basic Materials,59.0,Basic Materials Services,59.0,Basic Materials Group,59.0,Basic Materials Industry,59.0,Basic Materials Activity,59.0,2014.0
SYN1628.X,SY0000001628,Synthetic Firm 1628,United Kingdom,United Kingdom,Industrials,56.0,Industrials Services,56.0,Industrials Group,56.0,Industrials Industry,56.0,Industrials Activity,56.0,1955.0
SYN1629.X,SY0000001629,Synthetic Firm 1629,France,France,Energy,54.0,Energy Services,54.0,Energy Group,54.0,Energy Industry,54.0,Energy Activity,54.0,0.0
SYN1630.X,SY0000001630,Synthetic Firm 1630,United Kingdom,United Kingdom,Consumer Cyclicals,51.0,Consumer Cyclicals Services,51.0,Consumer Cyclicals Group,51.0,Consumer Cyclicals Industry,51.0,Consumer Cyclicals Activity,51.0,1995.0
SYN1631.X,SY0000001631,Synthetic Firm 1631,United Kingdom,United Kingdom,Energy,54.0,Energy Services,54.0,Energy Group,54.0,Energy Industry,54.0,Energy Activity,54.0,1995.0
SYN1632.X,SY0000001632,Synthetic Firm 1632,United Kingdom,United Kingdom,Healthcare,58.0,Healthcare Services,58.0,Healthcare Group,58.0,Healthcare Industry,58.0,Healthcare Activity,58.0,2024.0
SYN1633.X,SY0000001633,Synthetic Firm 1633,Germany,Germany,Technology,53.0,Technology Services,53.0,Technology Group,53.0,Technology Industry,53.0,Technology Activity,53.0,1994.0
SYN1634.X,SY0000001634,Synthetic Firm 1634,United Kingdom,United Kingdom,Consumer Cyclicals,51.0,Consumer Cyclicals Services,51.0,Consumer Cyclicals Group,51.0,Consumer Cyclicals Industry,51.0,Consumer Cyclicals Activity,51.0,1947.0
SYN1635.X,SY0000001635,Synthetic Firm 1635,United Kingdom,United Kingdom,Industrials,56.0,Industrials Services,56.0,Industrials Group,56.0,Industrials Industry,56.0,Industrials Activity,56.0,1980.0
SYN1636.X,SY0000001636,Synthetic Firm 1636,Romania,Romania,Financials,50.0,Financials Services,50.0,Financials Group,50.0,Financials Industry,50.0,Financials Activity,50.0,1958.0
SYN1637.X,SY0000001637,Synthetic Firm 1637,Belgium,Belgium,Financials,50.0,Financials Services,50.0,Financials Group,50.0,Financials Industry,50.0,Financials Activity,50.0,1964.0
SYN1638.X,SY0000001638,Synthetic Firm 1638,Germany,Germany,Financials,50.0,Financials Services,50.0,Financials Group,50.0,Financials Industry,50.0,Financials Activity,50.0,2013.0
SYN1639.X,SY0000001639,Synthetic Firm 1639,Netherlands,Netherlands,Industrials,56.0,Industrials Services,56.0,Industrials Group,56.0,Industrials Industry,56.0,Industrials Activity,56.0,2002.0
SYN1640.X,SY0000001640,Synthetic Firm 1640,Sweden,Sweden,Utilities,57.0,Utilities Services,57.0,Utilities Group,57.0,Utilities Industry,57.0,Utilities Activity,57.0,2004.0
SYN1641.X,SY0000001641,Synthetic Firm 1641,Sweden,Sweden,Healthcare,58.0,Healthcare Services,58.0,Healthcare Group,58.0,Healthcare Industry,58.0,Healthcare Activity,58.0,1968.0
SYN1642.X,SY0000001642,Synthetic Firm 1642,Germany,Germany,Consumer Cyclicals,51.0,Consumer Cyclicals Services,51.0,Consumer Cyclicals Group,51.0,Consumer Cyclicals Industry,51.0,Consumer Cyclicals Activity,51.0,2020.0
SYN1643.X,SY0000001643,Synthetic Firm 1643,Hungary,Hungary,Technology,53.0,Technology Services,53.0,Technology Group,53.0,Technology Industry,53.0,Technology Activity,53.0,2005.0
SYN1644.X,SY0000001644,Synthetic Firm 1644,Poland,Poland,Basic Materials,59.0,Basic Materials Services,59.0,Basic Materials Group,59.0,Basic Materials Industry,59.0,Basic Materials Activity,59.0,2006.0
SYN1645.X,SY0000001645,Synthetic Firm 1645,Sweden,Sweden,Industrials,56.0,Industrials Services,56.0,Industrials Group,56.0,Industrials Industry,56.0,Industrials Activity,56.0,1982.0
SYN1646.X,SY0000001646,Synthetic Firm 1646,Germany,Germany,Consumer Non-Cyclicals,52.0,Consumer Non-Cyclicals Services,52.0,Consumer Non-Cyclicals Group,52.0,Consumer Non-Cyclicals Industry,52.0,Consumer Non-Cyclicals Activity,52.0,2022.0
SYN1647.X,SY0000001647,Synthetic Firm 1647,Portugal,Portugal,Healthcare,58.0,Healthcare Services,58.0,Healthcare Group,58.0,Healthcare Industry,58.0,Healthcare Activity,58.0,1994.0
SYN1648.X,SY0000001648,Synthetic Firm 1648,Portugal,Portugal,Industrials,56.0,Industrials Services,56.0,Industrials Group,56.0,Industrials Industry,56.0,Industrials Activity,56.0,2005.0
SYN1649.X,SY0000001649,Synthetic Firm 1649,Sweden,Sweden,Healthcare,58.0,Healthcare Services,58.0,Healthcare Group,58.0,Healthcare Industry,58.0,Healthcare Activity,58.0,1977.0
SYN1650.X,SY0000001650,Synthetic Firm 1650,Switzerland,Switzerland,Industrials,56.0,Industrials Services,56.0,Industrials Group,56.0,Industrials Industry,56.0,Industrials Activity,56.0,2017.0
SYN1651.X,SY0000001651,Synthetic Firm 1651,Germany,Germany,Industrials,56.0,Industrials Services,56.0,Industrials Group,56.0,Industrials Industry,56.0,Industrials Activity,56.0,1963.0
SYN1652.X,SY0000001652,Synthetic Firm 1652,Romania,Romania,Technology,53.0,Technology Services,53.0,Technology Group,53.0,Technology Industry,53.0,Technology Activity,53.0,2002.0
SYN1653.X,SY0000001653,Synthetic Firm 1653,Norway,Norway,Basic Materials,59.0,Basic Materials Services,59.0,Basic Materials Group,59.0,Basic Materials Industry,59.0,Basic Materials Activity,59.0,2021.0
SYN1654.X,SY0000001654,Synthetic Firm 1654,Switzerland,Switzerland,Financials,50.0,Financials Services,50.0,Financials Group,50.0,Financials Industry,50.0,Financials Activity,50.0,1922.0
SYN1655.X,SY0000001655,Synthetic Firm 1655,Portugal,Portugal,Industrials,56.0,Industrials Services,56.0,Industrials Group,56.0,Industrials Industry,56.0,Industrials Activity,56.0,2020.0
SYN1656.X,SY0000001656,Synthetic Firm 1656,United Kingdom,United Kingdom,Consumer Cyclicals,51.0,Consumer Cyclicals Services,51.0,Consumer Cyclicals Group,51.0,Consumer Cyclicals Industry,51.0,Consumer Cyclicals Activity,51.0,2017.0
SYN1657.X,SY0000001657,Synthetic Firm 1657,Czechia,Czechia,Consumer Cyclicals,51.0,Consumer Cyclicals Services,51.0,Consumer Cyclicals Group,51.0,Consumer Cyclicals Industry,51.0,Consumer Cyclicals Activity,51.0,1976.0
SYN1658.X,SY0000001658,Synthetic Firm 1658,United Kingdom,United Kingdom,Energy,54.0,Energy Services,54.0,Energy Group,54.0,Energy Industry,54.0,Energy Activity,54.0,1980.0
SYN1659.X,SY0000001659,Synthetic Firm 1659,United Kingdom,United Kingdom,Financials,50.0,Financials Services,50.0,Financials Group,50.0,Financials Industry,50.0,Financials Activity,50.0,1938.0
SYN1660.X,SY0000001660,Synthetic Firm 1660,Ireland,Ireland,Technology,53.0,Technology Services,53.0,Technology Group,53.0,Technology Industry,53.0,Technology Activity,53.0,1968.0
SYN1661.X,SY0000001661,Synthetic Firm 1661,Italy,Italy,Financials,50.0,Financials Services,50.0,Financials Group,50.0,Financials Industry,50.0,Financials Activity,50.0,2017.0
SYN1662.X,SY0000001662,Synthetic Firm 1662,Germany,Germany,Energy,54.0,Energy Services,54.0,Energy Group,54.0,Energy Industry,54.0,Energy Activity,54.0,1960.0
SYN1663.X,SY0000001663,Synthetic Firm 1663,Sweden,Sweden,Consumer Cyclicals,51.0,Consumer Cyclicals Services,51.0,Consumer Cyclicals Group,51.0,Consumer Cyclicals Industry,51.0,Consumer Cyclicals Activity,51.0,1960.0
SYN1664.X,SY0000001664,Synthetic Firm 1664,Sweden,Sweden,Energy,54.0,Energy Services,54.0,Energy Group,54.0,Energy Industry,54.0,Energy Activity,54.0,2010.0
SYN1665.X,SY0000001665,Synthetic Firm 1665,Israel,Israel,Healthcare,58.0,Healthcare Services,58.0,Healthcare Group,58.0,Healthcare Industry,58.0,Healthcare Activity,58.0,1937.0
SYN1666.X,SY0000001666,Synthetic Firm 1666,Sweden,Sweden,Consumer Non-Cyclicals,52.0,Consumer Non-Cyclicals Services,52.0,Consumer Non-Cyclicals Group,52.0,Consumer Non-Cyclicals Industry,52.0,Consumer Non-Cyclicals Activity,52.0,1968.0
SYN1667.X,SY0000001667,Synthetic Firm 1667,United Kingdom,United Kingdom,Technology,53.0,Technology Services,53.0,Technology Group,53.0,Technology Industry,53.0,Technology Activity,53.0,1980.0
SYN1668.X,SY0000001668,Synthetic Firm 1668,United Kingdom,United Kingdom,Financials,50.0,Financials Services,50.0,Financials Group,50.0,Financials Industry,50.0,Financials Activity,50.0,1975.0
SYN1669.X,SY0000001669,Synthetic Firm 1669,Greece,Greece,Consumer Cyclicals,51.0,Consumer Cyclicals Services,51.0,Consumer Cyclicals Group,51.0,Consumer Cyclicals Industry,51.0,Consumer Cyclicals Activity,51.0,2003.0
SYN1670.X,SY0000001670,Synthetic Firm 1670,Finland,Finland,Consumer Non-Cyclicals,52.0,Consumer Non-Cyclicals Services,52.0,Consumer Non-Cyclicals Group,52.0,Consumer Non-Cyclicals Industry,52.0,Consumer Non-Cyclicals Activity,52.0,2018.0
SYN1671.X,SY0000001671,Synthetic Firm 1671,Poland,Poland,Industrials,56.0,Industrials Services,56.0,Industrials Group,56.0,Industrials Industry,56.0,Industrials Activity,56.0,0.0
SYN1672.X,SY0000001672,Synthetic Firm 1672,Czechia,Czechia,Basic Materials,59.0,Basic Materials Services,59.0,Basic Materials Group,59.0,Basic Materials Industry,59.0,Basic Materials Activity,59.0,1921.0
SYN1673.X,SY0000001673,Synthetic Firm 1673,United Kingdom,United Kingdom,Technology,53.0,Technology Services,53.0,Technology Group,53.0,Technology Industry,53.0,Technology Activity,53.0,2002.0
SYN1674.X,SY0000001674,Synthetic Firm 1674,United Kingdom,United Kingdom,Energy,54.0,Energy Services,54.0,Energy Group,54.0,Energy Industry,54.0,Energy Activity,54.0,1996.0
SYN1675.X,SY0000001675,Synthetic Firm 1675,Switzerland,Switzerland,Financials,50.0,Financials Services,50.0,Financials Group,50.0,Financials Industry,50.0,Financials Activity,50.0,1972.0
SYN1676.X,SY0000001676,Synthetic Firm 1676,Germany,Germany,Consumer Non-Cyclicals,52.0,Consumer Non-Cyclicals Services,52.0,Consumer Non-Cyclicals Group,52.0,Consumer Non-Cyclicals Industry,52.0,Consumer Non-Cyclicals Activity,52.0,1968.0
SYN1677.X,SY0000001677,Synthetic Firm 1677,Czechia,Czechia,Healthcare,58.0,Healthcare Services,58.0,Healthcare Group,58.0,Healthcare Industry,58.0,Healthcare Activity,58.0,1962.0
SYN1678.X,SY0000001678,Synthetic Firm 1678,United Kingdom,United Kingdom,Consumer Cyclicals,51.0,Consumer Cyclicals Services,51.0,Consumer Cyclicals Group,51.0,Consumer Cyclicals Industry,51.0,Consumer Cyclicals Activity,51.0,0.0
SYN1679.X,SY0000001679,Synthetic Firm 1679,United Kingdom,United Kingdom,Financials,50.0,Financials Services,50.0,Financials Group,50.0,Financials Industry,50.0,Financials Activity,50.0,2004.0
SYN1680.X,SY0000001680,Synthetic Firm 1680,Sweden,Sweden,Basic Materials,59.0,Basic Materials Services,59.0,Basic Materials Group,59.0,Basic Materials Industry,59.0,Basic Materials Activity,59.0,2025.0
SYN1681.X,SY0000001681,Synthetic Firm 1681,France,France,Financials,50.0,Financials Services,50.0,Financials Group,50.0,Financials Industry,50.0,Financials Activity,50.0,2019.0
SYN1682.X,SY0000001682,Synthetic Firm 1682,Netherlands,Netherlands,Basic Materials,59.0,Basic Materials Services,59.0,Basic Materials Group,59.0,Basic Materials Industry,59.0,Basic Materials Activity,59.0,1963.0
SYN1683.X,SY0000001683,Synthetic Firm 1683,Romania,Romania,Consumer Non-Cyclicals,52.0,Consumer Non-Cyclicals Services,52.0,Consumer Non-Cyclicals Group,52.0,Consumer Non-Cyclicals Industry,52.0,Consumer Non-Cyclicals Activity,52.0,1924.0
SYN1684.X,SY0000001684,Synthetic Firm 1684,United Kingdom,United Kingdom,Financials,50.0,Financials Services,50.0,Financials Group,50.0,Financials Industry,50.0,Financials Activity,50.0,1984.0
SYN1685.X,SY0000001685,Synthetic Firm 1685,United Kingdom,United Kingdom,Consumer Cyclicals,51.0,Consumer Cyclicals Services,51.0,Consumer Cyclicals Group,51.0,Consumer Cyclicals Industry,51.0,Consumer Cyclicals Activity,51.0,1972.0
SYN1686.X,SY0000001686,Synthetic Firm 1686,United Kingdom,United Kingdom,Industrials,56.0,Industrials Services,56.0,Industrials Group,56.0,Industrials Industry,56.0,Industrials Activity,56.0,2017.0
SYN1687.X,SY0000001687,Synthetic Firm 1687,United Kingdom,United Kingdom,Technology,53.0,Technology Services,53.0,Technology Group,53.0,Technology Industry,53.0,Technology Activity,53.0,2001.0
SYN1688.X,SY0000001688,Synthetic Firm 1688,Germany,Germany,Industrials,56.0,Industrials Services,56.0,Industrials Group,56.0,Industrials Industry,56.0,Industrials Activity,56.0,1973.0
SYN1689.X,SY0000001689,Synthetic Firm 1689,United Kingdom,United Kingdom,Industrials,56.0,Industrials Services,56.0,Industrials Group,56.0,Industrials Industry,56.0,Industrials Activity,56.0,1995.0
SYN1690.X,SY0000001690,Synthetic Firm 1690,Switzerland,Switzerland,Financials,50.0,Financials Services,50.0,Financials Group,50.0,Financials Industry,50.0,Financials Activity,50.0,1971.0
SYN1691.X,SY0000001691,Synthetic Firm 1691,Iceland,Iceland,Financials,50.0,Financials Services,50.0,Financials Group,50.0,Financials Industry,50.0,Financials Activity,50.0,2021.0
SYN1692.X,SY0000001692,Synthetic Firm 1692,United Kingdom,United Kingdom,Industrials,56.0,Industrials Services,56.0,Industrials Group,56.0,Industrials Industry,56.0,Industrials Activity,56.0,1975.0
SYN1693.X,SY0000001693,Synthetic Firm 1693,Germany,Germany,Industrials,56.0,Industrials Services,56.0,Industrials Group,56.0,Industrials Industry,56.0,Industrials Activity,56.0,1966.0
SYN1694.X,SY0000001694,Synthetic Firm 1694,Finland,Finland,Technology,53.0,Technology Services,53.0,Technology Group,53.0,Technology Industry,53.0,Technology Activity,53.0,0.0
SYN1695.X,SY0000001695,Synthetic Firm 1695,Finland,Finland,Real Estate,55.0,Real Estate Services,55.0,Real Estate Group,55.0,Real Estate Industry,55.0,Real Estate Activity,55.0,1958.0
SYN1696.X,SY0000001696,Synthetic Firm 1696,Latvia,Latvia,Consumer Cyclicals,51.0,Consumer Cyclicals Services,51.0,Consumer Cyclicals Group,51.0,Consumer Cyclicals Industry,51.0,Consumer Cyclicals Activity,51.0,1993.0
SYN1697.X,SY0000001697,Synthetic Firm 1697,Italy,Italy,Industrials,56.0,Industrials Services,56.0,Industrials Group,56.0,Industrials Industry,56.0,Industrials Activity,56.0,1973.0
SYN1698.X,SY0000001698,Synthetic Firm 1698,United Kingdom,United Kingdom,Industrials,56.0,Industrials Services,56.0,Industrials Group,56.0,Industrials Industry,56.0,Industrials Activity,56.0,2021.0
SYN1699.X,SY0000001699,Synthetic Firm 1699,France,France,Industrials,56.0,Industrials Services,56.0,Industrials Group,56.0,Industrials Industry,56.0,Industrials Activity,56.0,1962.0
SYN1700.X,SY0000001700,Synthetic Firm 1700,United Kingdom,United Kingdom,Consumer Cyclicals,51.0,Consumer Cyclicals Services,51.0,Consumer Cyclicals Group,51.0,Consumer Cyclicals Industry,51.0,Consumer Cyclicals Activity,51.0,1960.0
SYN1701.X,SY0000001701,Synthetic Firm 1701,Austria,Austria,Consumer Cyclicals,51.0,Consumer Cyclicals Services,51.0,Consumer Cyclicals Group,51.0,Consumer Cyclicals Industry,51.0,Consumer Cyclicals Activity,51.0,1983.0
SYN1702.X,SY0000001702,Synthetic Firm 1702,France,France,Basic Materials,59.0,Basic Materials Services,59.0,Basic Materials Group,59.0,Basic Materials Industry,59.0,Basic Materials Activity,59.0,2024.0
SYN1703.X,SY0000001703,Synthetic Firm 1703,Germany,Germany,Healthcare,58.0,Healthcare Services,58.0,Healthcare Group,58.0,Healthcare Industry,58.0,Healthcare Activity,58.0,2001.0
SYN1704.X,SY0000001704,Synthetic Firm 1704,Switzerland,Switzerland,Real Estate,55.0,Real Estate Services,55.0,Real Estate Group,55.0,Real Estate Industry,55.0,Real Estate Activity,55.0,2014.0
SYN1705.X,SY0000001705,Synthetic Firm 1705,Switzerland,Switzerland,Healthcare,58.0,Healthcare Services,58.0,Healthcare Group,58.0,Healthcare Industry,58.0,Healthcare Activity,58.0,1923.0
SYN1706.X,SY0000001706,Synthetic Firm 1706,Switzerland,Switzerland,Basic Materials,59.0,Basic Materials Services,59.0,Basic Materials Group,59.0,Basic Materials Industry,59.0,Basic Materials Activity,59.0,1987.0
SYN1707.X,SY0000001707,Synthetic Firm 1707,Germany,Germany,Utilities,57.0,Utilities Services,57.0,Utilities Group,57.0,Utilities Industry,57.0,Utilities Activity,57.0,2024.0
SYN1708.X,SY0000001708,Synthetic Firm 1708,United Kingdom,United Kingdom,Industrials,56.0,Industrials Services,56.0,Industrials Group,56.0,Industrials Industry,56.0,Industrials Activity,56.0,1980.0
SYN1709.X,SY0000001709,Synthetic Firm 1709,Switzerland,Switzerland,Basic Materials,59.0,Basic Materials Services,59.0,Basic Materials Group,59.0,Basic Materials Industry,59.0,Basic Materials Activity,59.0,1983.0
SYN1710.X,SY0000001710,Synthetic Firm 1710,Denmark,Denmark,Utilities,57.0,Utilities Services,57.0,Utilities Group,57.0,Utilities Industry,57.0,Utilities Activity,57.0,1961.0
SYN1711.X,SY0000001711,Synthetic Firm 1711,Germany,Germany,Technology,53.0,Technology Services,53.0,Technology Group,53.0,Technology Industry,53.0,Technology Activity,53.0,1973.0
SYN1712.X,SY0000001712,Synthetic Firm 1712,Russia,Russia,Financials,50.0,Financials Services,50.0,Financials Group,50.0,Financials Industry,50.0,Financials Activity,50.0,2025.0
SYN1713.X,SY0000001713,Synthetic Firm 1713,Czechia,Czechia,Real Estate,55.0,Real Estate Services,55.0,Real Estate Group,55.0,Real Estate Industry,55.0,Real Estate Activity,55.0,1980.0
SYN1714.X,SY0000001714,Synthetic Firm 1714,Sweden,Sweden,Utilities,57.0,Utilities Services,57.0,Utilities Group,57.0,Utilities Industry,57.0,Utilities Activity,57.0,1971.0
SYN1715.X,SY0000001715,Synthetic Firm 1715,Sweden,Sweden,Industrials,56.0,Industrials Services,56.0,Industrials Group,56.0,Industrials Industry,56.0,Industrials Activity,56.0,1981.0
SYN1716.X,SY0000001716,Synthetic Firm 1716,Germany,Germany,Real Estate,55.0,Real Estate Services,55.0,Real Estate Group,55.0,Real Estate Industry,55.0,Real Estate Activity,55.0,1996.0
SYN1717.X,SY0000001717,Synthetic Firm 1717,United Kingdom,United Kingdom,Consumer Cyclicals,51.0,Consumer Cyclicals Services,51.0,Consumer Cyclicals Group,51.0,Consumer Cyclicals Industry,51.0,Consumer Cyclicals Activity,51.0,2001.0
SYN1718.X,SY0000001718,Synthetic Firm 1718,Germany,Germany,Real Estate,55.0,Real Estate Services,55.0,Real Estate Group,55.0,Real Estate Industry,55.0,Real Estate Activity,55.0,1910.0
SYN1719.X,SY0000001719,Synthetic Firm 1719,Sweden,Sweden,Industrials,56.0,Industrials Services,56.0,Industrials Group,56.0,Industrials Industry,56.0,Industrials Activity,56.0,1941.0
SYN1720.X,SY0000001720,Synthetic Firm 1720,Spain,Spain,Real Estate,55.0,Real Estate Services,55.0,Real Estate Group,55.0,Real Estate Industry,55.0,Real Estate Activity,55.0,1962.0
SYN1721.X,SY0000001721,Synthetic Firm 1721,France,France,Financials,50.0,Financials Services,50.0,Financials Group,50.0,Financials Industry,50.0,Financials Activity,50.0,2021.0
SYN1722.X,SY0000001722,Synthetic Firm 1722,United Kingdom,United Kingdom,Technology,53.0,Technology Services,53.0,Technology Group,53.0,Technology Industry,53.0,Technology Activity,53.0,1973.0
SYN1723.X,SY0000001723,Synthetic Firm 1723,Sweden,Sweden,Financials,50.0,Financials Services,50.0,Financials Group,50.0,Financials Industry,50.0,Financials Activity,50.0,0.0
SYN1724.X,SY0000001724,Synthetic Firm 1724,United Kingdom,United Kingdom,Consumer Non-Cyclicals,52.0,Consumer Non-Cyclicals Services,52.0,Consumer Non-Cyclicals Group,52.0,Consumer Non-Cyclicals Industry,52.0,Consumer Non-Cyclicals Activity,52.0,2021.0
SYN1725.X,SY0000001725,Synthetic Firm 1725,Czechia,Czechia,Industrials,56.0,Industrials Services,56.0,Industrials Group,56.0,Industrials Industry,56.0,Industrials Activity,56.0,2018.0
SYN1726.X,SY0000001726,Synthetic Firm 1726,Israel,Israel,Financials,50.0,Financials Services,50.0,Financials Group,50.0,Financials Industry,50.0,Financials Activity,50.0,2009.0
SYN1727.X,SY0000001727,Synthetic Firm 1727,Germany,Germany,Consumer Cyclicals,51.0,Consumer Cyclicals Services,51.0,Consumer Cyclicals Group,51.0,Consumer Cyclicals Industry,51.0,Consumer Cyclicals Activity,51.0,1938.0
SYN1728.X,SY0000001728,Synthetic Firm 1728,France,France,Technology,53.0,Technology Services,53.0,Technology Group,53.0,Technology Industry,53.0,Technology Activity,53.0,1994.0
SYN1729.X,SY0000001729,Synthetic Firm 1729,United Kingdom,United Kingdom,Basic Materials,59.0,Basic Materials Services,59.0,Basic Materials Group,59.0,Basic Materials Industry,59.0,Basic Materials Activity,59.0,1937.0
SYN1730.X,SY0000001730,Synthetic Firm 1730,Germany,Germany,Consumer Cyclicals,51.0,Consumer Cyclicals Services,51.0,Consumer Cyclicals Group,51.0,Consumer Cyclicals Industry,51.0,Consumer Cyclicals Activity,51.0,1929.0
SYN1731.X,SY0000001731,Synthetic Firm 1731,Germany,Germany,Financials,50.0,Financials Services,50.0,Financials Group,50.0,Financials Industry,50.0,Financials Activity,50.0,2002.0
SYN1732.X,SY0000001732,Synthetic Firm 1732,United Kingdom,United Kingdom,Industrials,56.0,Industrials Services,56.0,Industrials Group,56.0,Industrials Industry,56.0,Industrials Activity,56.0,1957.0
SYN1733.X,SY0000001733,Synthetic Firm 1733,Czechia,Czechia,Industrials,56.0,Industrials Services,56.0,Industrials Group,56.0,Industrials Industry,56.0,Industrials Activity,56.0,2019.0
SYN1734.X,SY0000001734,Synthetic Firm 1734,Sweden,Sweden,Consumer Non-Cyclicals,52.0,Consumer Non-Cyclicals Services,52.0,Consumer Non-Cyclicals Group,52.0,Consumer Non-Cyclicals Industry,52.0,Consumer Non-Cyclicals Activity,52.0,1998.0
SYN1735.X,SY0000001735,Synthetic Firm 1735,Germany,Germany,Technology,53.0,Technology Services,53.0,Technology Group,53.0,Technology Industry,53.0,Technology Activity,53.0,1925.0
SYN1736.X,SY0000001736,Synthetic Firm 1736,Russia,Russia,Industrials,56.0,Industrials Services,56.0,Industrials Group,56.0,Industrials Industry,56.0,Industrials Activity,56.0,1925.0
SYN1737.X,SY0000001737,Synthetic Firm 1737,United Kingdom,United Kingdom,Utilities,57.0,Utilities Services,57.0,Utilities Group,57.0,Utilities Industry,57.0,Utilities Activity,57.0,1992.0
SYN1738.X,SY0000001738,Synthetic Firm 1738,Romania,Romania,Basic Materials,59.0,Basic Materials Services,59.0,Basic Materials Group,59.0,Basic Materials Industry,59.0,Basic Materials Activity,59.0,1978.0
SYN1739.X,SY0000001739,Synthetic Firm 1739,Spain,Spain,Utilities,57.0,Utilities Services,57.0,Utilities Group,57.0,Utilities Industry,57.0,Utilities Activity,57.0,1983.0
SYN1740.X,SY0000001740,Synthetic Firm 1740,France,France,Financials,50.0,Financials Services,50.0,Financials Group,50.0,Financials Industry,50.0,Financials Activity,50.0,1973.0
SYN1741.X,SY0000001741,Synthetic Firm 1741,United Kingdom,United Kingdom,Financials,50.0,Financials Services,50.0,Financials Group,50.0,Financials Industry,50.0,Financials Activity,50.0,2012.0
SYN1742.X,SY0000001742,Synthetic Firm 1742,United Kingdom,United Kingdom,Industrials,56.0,Industrials Services,56.0,Industrials Group,56.0,Industrials Industry,56.0,Industrials Activity,56.0,1961.0
SYN1743.X,SY0000001743,Synthetic Firm 1743,Ireland,Ireland,Consumer Cyclicals,51.0,Consumer Cyclicals Services,51.0,Consumer Cyclicals Group,51.0,Consumer Cyclicals Industry,51.0,Consumer Cyclicals Activity,51.0,2010.0
SYN1744.X,SY0000001744,Synthetic Firm 1744,Germany,Germany,Basic Materials,59.0,Basic Materials Services,59.0,Basic Materials Group,59.0,Basic Materials Industry,59.0,Basic Materials Activity,59.0,2018.0
SYN1745.X,SY0000001745,Synthetic Firm 1745,Turkey,Turkey,Financials,50.0,Financials Services,50.0,Financials Group,50.0,Financials Industry,50.0,Financials Activity,50.0,1950.0
SYN1746.X,SY0000001746,Synthetic Firm 1746,Sweden,Sweden,Healthcare,58.0,Healthcare Services,58.0,Healthcare Group,58.0,Healthcare Industry,58.0,Healthcare Activity,58.0,2020.0
SYN1747.X,SY0000001747,Synthetic Firm 1747,Portugal,Portugal,Technology,53.0,Technology Services,53.0,Technology Group,53.0,Technology Industry,53.0,Technology Activity,53.0,1972.0
SYN1748.X,SY0000001748,Synthetic Firm 1748,Romania,Romania,Industrials,56.0,Industrials Services,56.0,Industrials Group,56.0,Industrials Industry,56.0,Industrials Activity,56.0,1976.0
SYN1749.X,SY0000001749,Synthetic Firm 1749,Czechia,Czechia,Consumer Non-Cyclicals,52.0,Consumer Non-Cyclicals Services,52.0,Consumer Non-Cyclicals Group,52.0,Consumer Non-Cyclicals Industry,52.0,Consumer Non-Cyclicals Activity,52.0,2019.0
SYN1750.X,SY0000001750,Synthetic Firm 1750,United Kingdom,United Kingdom,Industrials,56.0,Industrials Services,56.0,Industrials Group,56.0,Industrials Industry,56.0,Industrials Activity,56.0,1944.0
SYN1751.X,SY0000001751,Synthetic Firm 1751,United Kingdom,United Kingdom,Healthcare,58.0,Healthcare Services,58.0,Healthcare Group,58.0,Healthcare Industry,58.0,Healthcare Activity,58.0,2002.0
SYN1752.X,SY0000001752,Synthetic Firm 1752,Switzerland,Switzerland,Technology,53.0,Technology Services,53.0,Technology Group,53.0,Technology Industry,53.0,Technology Activity,53.0,1994.0
SYN1753.X,SY0000001753,Synthetic Firm 1753,United Kingdom,United Kingdom,Industrials,56.0,Industrials Services,56.0,Industrials Group,56.0,Industrials Industry,56.0,Industrials Activity,56.0,1971.0
SYN1754.X,SY0000001754,Synthetic Firm 1754,Germany,Germany,Consumer Non-Cyclicals,52.0,Consumer Non-Cyclicals Services,52.0,Consumer Non-Cyclicals Group,52.0,Consumer Non-Cyclicals Industry,52.0,Consumer Non-Cyclicals Activity,52.0,1964.0
SYN1755.X,SY0000001755,Synthetic Firm 1755,Germany,Germany,Financials,50.0,Financials Services,50.0,Financials Group,50.0,Financials Industry,50.0,Financials Activity,50.0,1995.0
SYN1756.X,SY0000001756,Synthetic Firm 1756,Iceland,Iceland,Consumer Cyclicals,51.0,Consumer Cyclicals Services,51.0,Consumer Cyclicals Group,51.0,Consumer Cyclicals Industry,51.0,Consumer Cyclicals Activity,51.0,1975.0
SYN1757.X,SY0000001757,Synthetic Firm 1757,United Kingdom,United Kingdom,Industrials,56.0,Industrials Services,56.0,Industrials Group,56.0,Industrials Industry,56.0,Industrials Activity,56.0,1961.0
SYN1758.X,SY0000001758,Synthetic Firm 1758,Denmark,Denmark,Utilities,57.0,Utilities Services,57.0,Utilities Group,57.0,Utilities Industry,57.0,Utilities Activity,57.0,1988.0
SYN1759.X,SY0000001759,Synthetic Firm 1759,United Kingdom,United Kingdom,Technology,53.0,Technology Services,53.0,Technology Group,53.0,Technology Industry,53.0,Technology Activity,53.0,2007.0
SYN1760.X,SY0000001760,Synthetic Firm 1760,Sweden,Sweden,Industrials,56.0,Industrials Services,56.0,Industrials Group,56.0,Industrials Industry,56.0,Industrials Activity,56.0,2002.0
SYN1761.X,SY0000001761,Synthetic Firm 1761,Belgium,Belgium,Consumer Cyclicals,51.0,Consumer Cyclicals Services,51.0,Consumer Cyclicals Group,51.0,Consumer Cyclicals Industry,51.0,Consumer Cyclicals Activity,51.0,1957.0
SYN1762.X,SY0000001762,Synthetic Firm 1762,Denmark,Denmark,Consumer Cyclicals,51.0,Consumer Cyclicals Services,51.0,Consumer Cyclicals Group,51.0,Consumer Cyclicals Industry,51.0,Consumer Cyclicals Activity,51.0,1936.0
SYN1763.X,SY0000001763,Synthetic Firm 1763,Sweden,Sweden,Consumer Cyclicals,51.0,Consumer Cyclicals Services,51.0,Consumer Cyclicals Group,51.0,Consumer Cyclicals Industry,51.0,Consumer Cyclicals Activity,51.0,1940.0
SYN1764.X,SY0000001764,Synthetic Firm 1764,Germany,Germany,Financials,50.0,Financials Services,50.0,Financials Group,50.0,Financials Industry,50.0,Financials Activity,50.0,2018.0
SYN1765.X,SY0000001765,Synthetic Firm 1765,United Kingdom,United Kingdom,Financials,50.0,Financials Services,50.0,Financials Group,50.0,Financials Industry,50.0,Financials Activity,50.0,2017.0
SYN1766.X,SY0000001766,Synthetic Firm 1766,Turkey,Turkey,Utilities,57.0,Utilities Services,57.0,Utilities Group,57.0,Utilities Industry,57.0,Utilities Activity,57.0,2019.0
SYN1767.X,SY0000001767,Synthetic Firm 1767,Russia,Russia,Energy,54.0,Energy Services,54.0,Energy Group,54.0,Energy Industry,54.0,Energy Activity,54.0,1946.0
SYN1768.X,SY0000001768,Synthetic Firm 1768,Denmark,Denmark,Technology,53.0,Technology Services,53.0,Technology Group,53.0,Technology Industry,53.0,Technology Activity,53.0,0.0
SYN1769.X,SY0000001769,Synthetic Firm 1769,United Kingdom,United Kingdom,Consumer Non-Cyclicals,52.0,Consumer Non-Cyclicals Services,52.0,Consumer Non-Cyclicals Group,52.0,Consumer Non-Cyclicals Industry,52.0,Consumer Non-Cyclicals Activity,52.0,1984.0
SYN1770.X,SY0000001770,Synthetic Firm 1770,France,France,Consumer Cyclicals,51.0,Consumer Cyclicals Services,51.0,Consumer Cyclicals Group,51.0,Consumer Cyclicals Industry,51.0,Consumer Cyclicals Activity,51.0,2012.0
SYN1771.X,SY0000001771,Synthetic Firm 1771,Turkey,Turkey,Financials,50.0,Financials Services,50.0,Financials Group,50.0,Financials Industry,50.0,Financials Activity,50.0,1988.0
SYN1772.X,SY0000001772,Synthetic Firm 1772,Netherlands,Netherlands,Industrials,56.0,Industrials Services,56.0,Industrials Group,56.0,Industrials Industry,56.0,Industrials Activity,56.0,1991.0
SYN1773.X,SY0000001773,Synthetic Firm 1773,Portugal,Portugal,Financials,50.0,Financials Services,50.0,Financials Group,50.0,Financials Industry,50.0,Financials Activity,50.0,1994.0
SYN1774.X,SY0000001774,Synthetic Firm 1774,Turkey,Turkey,Basic Materials,59.0,Basic Materials Services,59.0,Basic Materials Group,59.0,Basic Materials Industry,59.0,Basic Materials Activity,59.0,1971.0
SYN1775.X,SY0000001775,Synthetic Firm 1775,Germany,Germany,Healthcare,58.0,Healthcare Services,58.0,Healthcare Group,58.0,Healthcare Industry,58.0,Healthcare Activity,58.0,0.0
SYN1776.X,SY0000001776,Synthetic Firm 1776,Croatia,Croatia,Technology,53.0,Technology Services,53.0,Technology Group,53.0,Technology Industry,53.0,Technology Activity,53.0,1924.0
SYN1777.X,SY0000001777,Synthetic Firm 1777,Sweden,Sweden,Consumer Cyclicals,51.0,Consumer Cyclicals Services,51.0,Consumer Cyclicals Group,51.0,Consumer Cyclicals Industry,51.0,Consumer Cyclicals Activity,51.0,1975.0
SYN1778.X,SY0000001778,Synthetic Firm 1778,United Kingdom,United Kingdom,Industrials,56.0,Industrials Services,56.0,Industrials Group,56.0,Industrials Industry,56.0,Industrials Activity,56.0,2007.0
SYN1779.X,SY0000001779,Synthetic Firm 1779,United Kingdom,United Kingdom,Technology,53.0,Technology Services,53.0,Technology Group,53.0,Technology Industry,53.0,Technology Activity,53.0,1986.0
SYN1780.X,SY0000001780,Synthetic Firm 1780,United Kingdom,United Kingdom,Financials,50.0,Financials Services,50.0,Financials Group,50.0,Financials Industry,50.0,Financials Activity,50.0,1985.0
SYN1781.X,SY0000001781,Synthetic Firm 1781,Sweden,Sweden,Basic Materials,59.0,Basic Materials Services,59.0,Basic Materials Group,59.0,Basic Materials Industry,59.0,Basic Materials Activity,59.0,1968.0
SYN1782.X,SY0000001782,Synthetic Firm 1782,United Kingdom,United Kingdom,Financials,50.0,Financials Services,50.0,Financials Group,50.0,Financials Industry,50.0,Financials Activity,50.0,0.0
SYN1783.X,SY0000001783,Synthetic Firm 1783,Sweden,Sweden,Industrials,56.0,Industrials Services,56.0,Industrials Group,56.0,Industrials Industry,56.0,Industrials Activity,56.0,1952.0
SYN1784.X,SY0000001784,Synthetic Firm 1784,France,France,Industrials,56.0,Industrials Services,56.0,Industrials Group,56.0,Industrials Industry,56.0,Industrials Activity,56.0,1993.0
SYN1785.X,SY0000001785,Synthetic Firm 1785,Norway,Norway,Financials,50.0,Financials Services,50.0,Financials Group,50.0,Financials Industry,50.0,Financials Activity,50.0,1947.0
SYN1786.X,SY0000001786,Synthetic Firm 1786,Germany,Germany,Industrials,56.0,Industrials Services,56.0,Industrials Group,56.0,Industrials Industry,56.0,Industrials Activity,56.0,1985.0
SYN1787.X,SY0000001787,Synthetic Firm 1787,Germany,Germany,Technology,53.0,Technology Services,53.0,Technology Group,53.0,Technology Industry,53.0,Technology Activity,53.0,2001.0
SYN1788.X,SY0000001788,Synthetic Firm 1788,United Kingdom,United Kingdom,Healthcare,58.0,Healthcare Services,58.0,Healthcare Group,58.0,Healthcare Industry,58.0,Healthcare Activity,58.0,2007.0
SYN1789.X,SY0000001789,Synthetic Firm 1789,Sweden,Sweden,Financials,50.0,Financials Services,50.0,Financials Group,50.0,Financials Industry,50.0,Financials Activity,50.0,1976.0
SYN1790.X,SY0000001790,Synthetic Firm 1790,Germany,Germany,Consumer Non-Cyclicals,52.0,Consumer Non-Cyclicals Services,52.0,Consumer Non-Cyclicals Group,52.0,Consumer Non-Cyclicals Industry,52.0,Consumer Non-Cyclicals Activity,52.0,1939.0
SYN1791.X,SY0000001791,Synthetic Firm 1791,United Kingdom,United Kingdom,Basic Materials,59.0,Basic Materials Services,59.0,Basic Materials Group,59.0,Basic Materials Industry,59.0,Basic Materials Activity,59.0,2002.0
SYN1792.X,SY0000001792,Synthetic Firm 1792,Denmark,Denmark,Real Estate,55.0,Real Estate Services,55.0,Real Estate Group,55.0,Real Estate Industry,55.0,Real Estate Activity,55.0,1996.0
SYN1793.X,SY0000001793,Synthetic Firm 1793,Germany,Germany,Financials,50.0,Financials Services,50.0,Financials Group,50.0,Financials Industry,50.0,Financials Activity,50.0,1938.0
SYN1794.X,SY0000001794,Synthetic Firm 1794,Spain,Spain,Industrials,56.0,Industrials Services,56.0,Industrials Group,56.0,Industrials Industry,56.0,Industrials Activity,56.0,2022.0
SYN1795.X,SY0000001795,Synthetic Firm 1795,Germany,Germany,Industrials,56.0,Industrials Services,56.0,Industrials Group,56.0,Industrials Industry,56.0,Industrials Activity,56.0,1990.0
SYN1796.X,SY0000001796,Synthetic Firm 1796,Netherlands,Netherlands,Consumer Non-Cyclicals,52.0,Consumer Non-Cyclicals Services,52.0,Consumer Non-Cyclicals Group,52.0,Consumer Non-Cyclicals Industry,52.0,Consumer Non-Cyclicals Activity,52.0,2011.0
SYN1797.X,SY0000001797,Synthetic Firm 1797,Portugal,Portugal,Consumer Cyclicals,51.0,Consumer Cyclicals Services,51.0,Consumer Cyclicals Group,51.0,Consumer Cyclicals Industry,51.0,Consumer Cyclicals Activity,51.0,2013.0
SYN1798.X,SY0000001798,Synthetic Firm 1798,Ireland,Ireland,Technology,53.0,Technology Services,53.0,Technology Group,53.0,Technology Industry,53.0,Technology Activity,53.0,1993.0
SYN1799.X,SY0000001799,Synthetic Firm 1799,United Kingdom,United Kingdom,Utilities,57.0,Utilities Services,57.0,Utilities Group,57.0,Utilities Industry,57.0,Utilities Activity,57.0,1975.0
SYN1800.X,SY0000001800,Synthetic Firm 1800,Switzerland,Switzerland,Technology,53.0,Technology Services,53.0,Technology Group,53.0,Technology Industry,53.0,Technology Activity,53.0,2020.0
SYN1801.X,SY0000001801,Synthetic Firm 1801,Russia,Russia,Industrials,56.0,Industrials Services,56.0,Industrials Group,56.0,Industrials Industry,56.0,Industrials Activity,56.0,1983.0
SYN1802.X,SY0000001802,Synthetic Firm 1802,Turkey,Turkey,Real Estate,55.0,Real Estate Services,55.0,Real Estate Group,55.0,Real Estate Industry,55.0,Real Estate Activity,55.0,1980.0
SYN1803.X,SY0000001803,Synthetic Firm 1803,Norway,Norway,Financials,50.0,Financials Services,50.0,Financials Group,50.0,Financials Industry,50.0,Financials Activity,50.0,1951.0
SYN1804.X,SY0000001804,Synthetic Firm 1804,Austria,Austria,Consumer Cyclicals,51.0,Consumer Cyclicals Services,51.0,Consumer Cyclicals Group,51.0,Consumer Cyclicals Industry,51.0,Consumer Cyclicals Activity,51.0,1947.0
SYN1805.X,SY0000001805,Synthetic Firm 1805,Sweden,Sweden,Real Estate,55.0,Real Estate Services,55.0,Real Estate Group,55.0,Real Estate Industry,55.0,Real Estate Activity,55.0,1991.0
SYN1806.X,SY0000001806,Synthetic Firm 1806,Germany,Germany,Technology,53.0,Technology Services,53.0,Technology Group,53.0,Technology Industry,53.0,Technology Activity,53.0,1984.0
SYN1807.X,SY0000001807,Synthetic Firm 1807,Israel,Israel,Industrials,56.0,Industrials Services,56.0,Industrials Group,56.0,Industrials Industry,56.0,Industrials Activity,56.0,1954.0
SYN1808.X,SY0000001808,Synthetic Firm 1808,Hungary,Hungary,Consumer Cyclicals,51.0,Consumer Cyclicals Services,51.0,Consumer Cyclicals Group,51.0,Consumer Cyclicals Industry,51.0,Consumer Cyclicals Activity,51.0,1950.0
SYN1809.X,SY0000001809,Synthetic Firm 1809,Hungary,Hungary,Real Estate,55.0,Real Estate Services,55.0,Real Estate Group,55.0,Real Estate Industry,55.0,Real Estate Activity,55.0,1973.0
SYN1810.X,SY0000001810,Synthetic Firm 1810,Sweden,Sweden,Real Estate,55.0,Real Estate Services,55.0,Real Estate Group,55.0,Real Estate Industry,55.0,Real Estate Activity,55.0,1985.0
SYN1811.X,SY0000001811,Synthetic Firm 1811,United Kingdom,United Kingdom,Consumer Cyclicals,51.0,Consumer Cyclicals Services,51.0,Consumer Cyclicals Group,51.0,Consumer Cyclicals Industry,51.0,Consumer Cyclicals Activity,51.0,1919.0
SYN1812.X,SY0000001812,Synthetic Firm 1812,Israel,Israel,Healthcare,58.0,Healthcare Services,58.0,Healthcare Group,58.0,Healthcare Industry,58.0,Healthcare Activity,58.0,1939.0
SYN1813.X,SY0000001813,Synthetic Firm 1813,Switzerland,Switzerland,Industrials,56.0,Industrials Services,56.0,Industrials Group,56.0,Industrials Industry,56.0,Industrials Activity,56.0,1958.0
SYN1814.X,SY0000001814,Synthetic Firm 1814,Sweden,Sweden,Financials,50.0,Financials Services,50.0,Financials Group,50.0,Financials Industry,50.0,Financials Activity,50.0,2017.0
SYN1815.X,SY0000001815,Synthetic Firm 1815,Sweden,Sweden,Consumer Cyclicals,51.0,Consumer Cyclicals Services,51.0,Consumer Cyclicals Group,51.0,Consumer Cyclicals Industry,51.0,Consumer Cyclicals Activity,51.0,1981.0
SYN1816.X,SY0000001816,Synthetic Firm 1816,United Kingdom,United Kingdom,Technology,53.0,Technology Services,53.0,Technology Group,53.0,Technology Industry,53.0,Technology Activity,53.0,2011.0
SYN1817.X,SY0000001817,Synthetic Firm 1817,Luxembourg,Luxembourg,Industrials,56.0,Industrials Services,56.0,Industrials Group,56.0,Industrials Industry,56.0,Industrials Activity,56.0,2019.0
SYN1818.X,SY0000001818,Synthetic Firm 1818,United Kingdom,United Kingdom,Consumer Cyclicals,51.0,Consumer Cyclicals Services,51.0,Consumer Cyclicals Group,51.0,Consumer Cyclicals Industry,51.0,Consumer Cyclicals Activity,51.0,1968.0
SYN1819.X,SY0000001819,Synthetic Firm 1819,Czechia,Czechia,Utilities,57.0,Utilities Services,57.0,Utilities Group,57.0,Utilities Industry,57.0,Utilities Activity,57.0,2022.0
SYN1820.X,SY0000001820,Synthetic Firm 1820,Iceland,Iceland,Financials,50.0,Financials Services,50.0,Financials Group,50.0,Financials Industry,50.0,Financials Activity,50.0,1969.0
SYN1821.X,SY0000001821,Synthetic Firm 1821,France,France,Consumer Cyclicals,51.0,Consumer Cyclicals Services,51.0,Consumer Cyclicals Group,51.0,Consumer Cyclicals Industry,51.0,Consumer Cyclicals Activity,51.0,1926.0
SYN1822.X,SY0000001822,Synthetic Firm 1822,Iceland,Iceland,Technology,53.0,Technology Services,53.0,Technology Group,53.0,Technology Industry,53.0,Technology Activity,53.0,1899.0
SYN1823.X,SY0000001823,Synthetic Firm 1823,Poland,Poland,Financials,50.0,Financials Services,50.0,Financials Group,50.0,Financials Industry,50.0,Financials Activity,50.0,1948.0
SYN1824.X,SY0000001824,Synthetic Firm 1824,United Kingdom,United Kingdom,Basic Materials,59.0,Basic Materials Services,59.0,Basic Materials Group,59.0,Basic Materials Industry,59.0,Basic Materials Activity,59.0,1965.0
SYN1825.X,SY0000001825,Synthetic Firm 1825,France,France,Industrials,56.0,Industrials Services,56.0,Industrials Group,56.0,Industrials Industry,56.0,Industrials Activity,56.0,2017.0
SYN1826.X,SY0000001826,Synthetic Firm 1826,Iceland,Iceland,Technology,53.0,Technology Services,53.0,Technology Group,53.0,Technology Industry,53.0,Technology Activity,53.0,1987.0
SYN1827.X,SY0000001827,Synthetic Firm 1827,Switzerland,Switzerland,Healthcare,58.0,Healthcare Services,58.0,Healthcare Group,58.0,Healthcare Industry,58.0,Healthcare Activity,58.0,1964.0
SYN1828.X,SY0000001828,Synthetic Firm 1828,United Kingdom,United Kingdom,Real Estate,55.0,Real Estate Services,55.0,Real Estate Group,55.0,Real Estate Industry,55.0,Real Estate Activity,55.0,2020.0
SYN1829.X,SY0000001829,Synthetic Firm 1829,Germany,Germany,Real Estate,55.0,Real Estate Services,55.0,Real Estate Group,55.0,Real Estate Industry,55.0,Real Estate Activity,55.0,2009.0
SYN1830.X,SY0000001830,Synthetic Firm 1830,Poland,Poland,Healthcare,58.0,Healthcare Services,58.0,Healthcare Group,58.0,Healthcare Industry,58.0,Healthcare Activity,58.0,2004.0
SYN1831.X,SY0000001831,Synthetic Firm 1831,Austria,Austria,Consumer Cyclicals,51.0,Consumer Cyclicals Services,51.0,Consumer Cyclicals Group,51.0,Consumer Cyclicals Industry,51.0,Consumer Cyclicals Activity,51.0,1978.0
SYN1832.X,SY0000001832,Synthetic Firm 1832,Switzerland,Switzerland,Industrials,56.0,Industrials Services,56.0,Industrials Group,56.0,Industrials Industry,56.0,Industrials Activity,56.0,1985.0
SYN1833.X,SY0000001833,Synthetic Firm 1833,Poland,Poland,Financials,50.0,Financials Services,50.0,Financials Group,50.0,Financials Industry,50.0,Financials Activity,50.0,1984.0
SYN1834.X,SY0000001834,Synthetic Firm 1834,Switzerland,Switzerland,Financials,50.0,Financials Services,50.0,Financials Group,50.0,Financials Industry,50.0,Financials Activity,50.0,1992.0
SYN1835.X,SY0000001835,Synthetic Firm 1835,Germany,Germany,Industrials,56.0,Industrials Services,56.0,Industrials Group,56.0,Industrials Industry,56.0,Industrials Activity,56.0,1977.0
SYN1836.X,SY0000001836,Synthetic Firm 1836,United Kingdom,United Kingdom,Financials,50.0,Financials Services,50.0,Financials Group,50.0,Financials Industry,50.0,Financials Activity,50.0,1973.0
SYN1837.X,SY0000001837,Synthetic Firm 1837,France,France,Consumer Non-Cyclicals,52.0,Consumer Non-Cyclicals Services,52.0,Consumer Non-Cyclicals Group,52.0,Consumer Non-Cyclicals Industry,52.0,Consumer Non-Cyclicals Activity,52.0,1955.0
SYN1838.X,SY0000001838,Synthetic Firm 1838,Switzerland,Switzerland,Technology,53.0,Technology Services,53.0,Technology Group,53.0,Technology Industry,53.0,Technology Activity,53.0,2013.0
SYN1839.X,SY0000001839,Synthetic Firm 1839,Switzerland,Switzerland,Industrials,56.0,Industrials Services,56.0,Industrials Group,56.0,Industrials Industry,56.0,Industrials Activity,56.0,1940.0
SYN1840.X,SY0000001840,Synthetic Firm 1840,United Kingdom,United Kingdom,Financials,50.0,Financials Services,50.0,Financials Group,50.0,Financials Industry,50.0,Financials Activity,50.0,1996.0
SYN1841.X,SY0000001841,Synthetic Firm 1841,Denmark,Denmark,Industrials,56.0,Industrials Services,56.0,Industrials Group,56.0,Industrials Industry,56.0,Industrials Activity,56.0,2005.0
SYN1842.X,SY0000001842,Synthetic Firm 1842,Poland,Poland,Financials,50.0,Financials Services,50.0,Financials Group,50.0,Financials Industry,50.0,Financials Activity,50.0,2003.0
SYN1843.X,SY0000001843,Synthetic Firm 1843,Switzerland,Switzerland,Basic Materials,59.0,Basic Materials Services,59.0,Basic Materials Group,59.0,Basic Materials Industry,59.0,Basic Materials Activity,59.0,1998.0
SYN1844.X,SY0000001844,Synthetic Firm 1844,United Kingdom,United Kingdom,Basic Materials,59.0,Basic Materials Services,59.0,Basic Materials Group,59.0,Basic Materials Industry,59.0,Basic Materials Activity,59.0,2010.0
SYN1845.X,SY0000001845,Synthetic Firm 1845,United Kingdom,United Kingdom,Utilities,57.0,Utilities Services,57.0,Utilities Group,57.0,Utilities Industry,57.0,Utilities Activity,57.0,1958.0
SYN1846.X,SY0000001846,Synthetic Firm 1846,Israel,Israel,Utilities,57.0,Utilities Services,57.0,Utilities Group,57.0,Utilities Industry,57.0,Utilities Activity,57.0,0.0
SYN1847.X,SY0000001847,Synthetic Firm 1847,Netherlands,Netherlands,Financials,50.0,Financials Services,50.0,Financials Group,50.0,Financials Industry,50.0,Financials Activity,50.0,2007.0
SYN1848.X,SY0000001848,Synthetic Firm 1848,Malta,Malta,Real Estate,55.0,Real Estate Services,55.0,Real Estate Group,55.0,Real Estate Industry,55.0,Real Estate Activity,55.0,1972.0
SYN1849.X,SY0000001849,Synthetic Firm 1849,United Kingdom,United Kingdom,Technology,53.0,Technology Services,53.0,Technology Group,53.0,Technology Industry,53.0,Technology Activity,53.0,1985.0
SYN1850.X,SY0000001850,Synthetic Firm 1850,United Kingdom,United Kingdom,Consumer Cyclicals,51.0,Consumer Cyclicals Services,51.0,Consumer Cyclicals Group,51.0,Consumer Cyclicals Industry,51.0,Consumer Cyclicals Activity,51.0,2024.0
SYN1851.X,SY0000001851,Synthetic Firm 1851,Czechia,Czechia,Industrials,56.0,Industrials Services,56.0,Industrials Group,56.0,Industrials Industry,56.0,Industrials Activity,56.0,1932.0
SYN1852.X,SY0000001852,Synthetic Firm 1852,United Kingdom,United Kingdom,Financials,50.0,Financials Services,50.0,Financials Group,50.0,Financials Industry,50.0,Financials Activity,50.0,1983.0
SYN1853.X,SY0000001853,Synthetic Firm 1853,United Kingdom,United Kingdom,Industrials,56.0,Industrials Services,56.0,Industrials Group,56.0,Industrials Industry,56.0,Industrials Activity,56.0,1994.0
SYN1854.X,SY0000001854,Synthetic Firm 1854,Romania,Romania,Consumer Cyclicals,51.0,Consumer Cyclicals Services,51.0,Consumer Cyclicals Group,51.0,Consumer Cyclicals Industry,51.0,Consumer Cyclicals Activity,51.0,0.0
SYN1855.X,SY0000001855,Synthetic Firm 1855,Hungary,Hungary,Financials,50.0,Financials Services,50.0,Financials Group,50.0,Financials Industry,50.0,Financials Activity,50.0,2008.0
SYN1856.X,SY0000001856,Synthetic Firm 1856,Hungary,Hungary,Financials,50.0,Financials Services,50.0,Financials Group,50.0,Financials Industry,50.0,Financials Activity,50.0,1984.0
SYN1857.X,SY0000001857,Synthetic Firm 1857,Iceland,Iceland,Industrials,56.0,Industrials Services,56.0,Industrials Group,56.0,Industrials Industry,56.0,Industrials Activity,56.0,2012.0
SYN1858.X,SY0000001858,Synthetic Firm 1858,United Kingdom,United Kingdom,Energy,54.0,Energy Services,54.0,Energy Group,54.0,Energy Industry,54.0,Energy Activity,54.0,1947.0
SYN1859.X,SY0000001859,Synthetic Firm 1859,United Kingdom,United Kingdom,Financials,50.0,Financials Services,50.0,Financials Group,50.0,Financials Industry,50.0,Financials Activity,50.0,2022.0
SYN1860.X,SY0000001860,Synthetic Firm 1860,Denmark,Denmark,Industrials,56.0,Industrials Services,56.0,Industrials Group,56.0,Industrials Industry,56.0,Industrials Activity,56.0,1950.0
SYN1861.X,SY0000001861,Synthetic Firm 1861,Netherlands,Netherlands,Utilities,57.0,Utilities Services,57.0,Utilities Group,57.0,Utilities Industry,57.0,Utilities Activity,57.0,2004.0
SYN1862.X,SY0000001862,Synthetic Firm 1862,Poland,Poland,Energy,54.0,Energy Services,54.0,Energy Group,54.0,Energy Industry,54.0,Energy Activity,54.0,1999.0
SYN1863.X,SY0000001863,Synthetic Firm 1863,Sweden,Sweden,Consumer Non-Cyclicals,52.0,Consumer Non-Cyclicals Services,52.0,Consumer Non-Cyclicals Group,52.0,Consumer Non-Cyclicals Industry,52.0,Consumer Non-Cyclicals Activity,52.0,1969.0
SYN1864.X,SY0000001864,Synthetic Firm 1864,France,France,Consumer Cyclicals,51.0,Consumer Cyclicals Services,51.0,Consumer Cyclicals Group,51.0,Consumer Cyclicals Industry,51.0,Consumer Cyclicals Activity,51.0,1999.0
SYN1865.X,SY0000001865,Synthetic Firm 1865,Iceland,Iceland,Industrials,56.0,Industrials Services,56.0,Industrials Group,56.0,Industrials Industry,56.0,Industrials Activity,56.0,2010.0
SYN1866.X,SY0000001866,Synthetic Firm 1866,Israel,Israel,Industrials,56.0,Industrials Services,56.0,Industrials Group,56.0,Industrials Industry,56.0,Industrials Activity,56.0,1980.0
SYN1867.X,SY0000001867,Synthetic Firm 1867,United Kingdom,United Kingdom,Financials,50.0,Financials Services,50.0,Financials Group,50.0,Financials Industry,50.0,Financials Activity,50.0,1975.0
SYN1868.X,SY0000001868,Synthetic Firm 1868,Greece,Greece,Industrials,56.0,Industrials Services,56.0,Industrials Group,56.0,Industrials Industry,56.0,Industrials Activity,56.0,1885.0
SYN1869.X,SY0000001869,Synthetic Firm 1869,Romania,Romania,Consumer Non-Cyclicals,52.0,Consumer Non-Cyclicals Services,52.0,Consumer Non-Cyclicals Group,52.0,Consumer Non-Cyclicals Industry,52.0,Consumer Non-Cyclicals Activity,52.0,1925.0
SYN1870.X,SY0000001870,Synthetic Firm 1870,United Kingdom,United Kingdom,Real Estate,55.0,Real Estate Services,55.0,Real Estate Group,55.0,Real Estate Industry,55.0,Real Estate Activity,55.0,0.0
SYN1871.X,SY0000001871,Synthetic Firm 1871,Greece,Greece,Technology,53.0,Technology Services,53.0,Technology Group,53.0,Technology Industry,53.0,Technology Activity,53.0,1990.0
SYN1872.X,SY0000001872,Synthetic Firm 1872,Ireland,Ireland,Consumer Cyclicals,51.0,Consumer Cyclicals Services,51.0,Consumer Cyclicals Group,51.0,Consumer Cyclicals Industry,51.0,Consumer Cyclicals Activity,51.0,2021.0
SYN1873.X,SY0000001873,Synthetic Firm 1873,Switzerland,Switzerland,Utilities,57.0,Utilities Services,57.0,Utilities Group,57.0,Utilities Industry,57.0,Utilities Activity,57.0,2012.0
SYN1874.X,SY0000001874,Synthetic Firm 1874,Russia,Russia,Basic Materials,59.0,Basic Materials Services,59.0,Basic Materials Group,59.0,Basic Materials Industry,59.0,Basic Materials Activity,59.0,0.0
SYN1875.X,SY0000001875,Synthetic Firm 1875,Finland,Finland,Technology,53.0,Technology Services,53.0,Technology Group,53.0,Technology Industry,53.0,Technology Activity,53.0,1983.0
SYN1876.X,SY0000001876,Synthetic Firm 1876,Sweden,Sweden,Industrials,56.0,Industrials Services,56.0,Industrials Group,56.0,Industrials Industry,56.0,Industrials Activity,56.0,2023.0
SYN1877.X,SY0000001877,Synthetic Firm 1877,Norway,Norway,Consumer Cyclicals,51.0,Consumer Cyclicals Services,51.0,Consumer Cyclicals Group,51.0,Consumer Cyclicals Industry,51.0,Consumer Cyclicals Activity,51.0,1953.0
SYN1878.X,SY0000001878,Synthetic Firm 1878,United Kingdom,United Kingdom,Consumer Cyclicals,51.0,Consumer Cyclicals Services,51.0,Consumer Cyclicals Group,51.0,Consumer Cyclicals Industry,51.0,Consumer Cyclicals Activity,51.0,1998.0
SYN1879.X,SY0000001879,Synthetic Firm 1879,Ireland,Ireland,Industrials,56.0,Industrials Services,56.0,Industrials Group,56.0,Industrials Industry,56.0,Industrials Activity,56.0,2002.0
SYN1880.X,SY0000001880,Synthetic Firm 1880,United Kingdom,United Kingdom,Technology,53.0,Technology Services,53.0,Technology Group,53.0,Technology Industry,53.0,Technology Activity,53.0,2010.0
SYN1881.X,SY0000001881,Synthetic Firm 1881,Norway,Norway,Consumer Cyclicals,51.0,Consumer Cyclicals Services,51.0,Consumer Cyclicals Group,51.0,Consumer Cyclicals Industry,51.0,Consumer Cyclicals Activity,51.0,1977.0
SYN1882.X,SY0000001882,Synthetic Firm 1882,Sweden,Sweden,Technology,53.0,Technology Services,53.0,Technology Group,53.0,Technology Industry,53.0,Technology Activity,53.0,2000.0
SYN1883.X,SY0000001883,Synthetic Firm 1883,Hungary,Hungary,Financials,50.0,Financials Services,50.0,Financials Group,50.0,Financials Industry,50.0,Financials Activity,50.0,1939.0
SYN1884.X,SY0000001884,Synthetic Firm 1884,Finland,Finland,Consumer Cyclicals,51.0,Consumer Cyclicals Services,51.0,Consumer Cyclicals Group,51.0,Consumer Cyclicals Industry,51.0,Consumer Cyclicals Activity,51.0,2024.0
SYN1885.X,SY0000001885,Synthetic Firm 1885,United Kingdom,United Kingdom,Consumer Non-Cyclicals,52.0,Consumer Non-Cyclicals Services,52.0,Consumer Non-Cyclicals Group,52.0,Consumer Non-Cyclicals Industry,52.0,Consumer Non-Cyclicals Activity,52.0,1906.0
SYN1886.X,SY0000001886,Synthetic Firm 1886,Denmark,Denmark,Industrials,56.0,Industrials Services,56.0,Industrials Group,56.0,Industrials Industry,56.0,Industrials Activity,56.0,2007.0
SYN1887.X,SY0000001887,Synthetic Firm 1887,Czechia,Czechia,Financials,50.0,Financials Services,50.0,Financials Group,50.0,Financials Industry,50.0,Financials Activity,50.0,1994.0
SYN1888.X,SY0000001888,Synthetic Firm 1888,France,France,Financials,50.0,Financials Services,50.0,Financials Group,50.0,Financials Industry,50.0,Financials Activity,50.0,2014.0
SYN1889.X,SY0000001889,Synthetic Firm 1889,United Kingdom,United Kingdom,Utilities,57.0,Utilities Services,57.0,Utilities Group,57.0,Utilities Industry,57.0,Utilities Activity,57.0,2008.0
SYN1890.X,SY0000001890,Synthetic Firm 1890,Spain,Spain,Financials,50.0,Financials Services,50.0,Financials Group,50.0,Financials Industry,50.0,Financials Activity,50.0,1915.0
SYN1891.X,SY0000001891,Synthetic Firm 1891,Israel,Israel,Financials,50.0,Financials Services,50.0,Financials Group,50.0,Financials Industry,50.0,Financials Activity,50.0,1986.0
SYN1892.X,SY0000001892,Synthetic Firm 1892,Sweden,Sweden,Consumer Cyclicals,51.0,Consumer Cyclicals Services,51.0,Consumer Cyclicals Group,51.0,Consumer Cyclicals Industry,51.0,Consumer Cyclicals Activity,51.0,1955.0
SYN1893.X,SY0000001893,Synthetic Firm 1893,France,France,Industrials,56.0,Industrials Services,56.0,Industrials Group,56.0,Industrials Industry,56.0,Industrials Activity,56.0,1953.0
SYN1894.X,SY0000001894,Synthetic Firm 1894,Germany,Germany,Healthcare,58.0,Healthcare Services,58.0,Healthcare Group,58.0,Healthcare Industry,58.0,Healthcare Activity,58.0,1982.0
SYN1895.X,SY0000001895,Synthetic Firm 1895,United Kingdom,United Kingdom,Consumer Cyclicals,51.0,Consumer Cyclicals Services,51.0,Consumer Cyclicals Group,51.0,Consumer Cyclicals Industry,51.0,Consumer Cyclicals Activity,51.0,1946.0
SYN1896.X,SY0000001896,Synthetic Firm 1896,Hungary,Hungary,Healthcare,58.0,Healthcare Services,58.0,Healthcare Group,58.0,Healthcare Industry,58.0,Healthcare Activity,58.0,2000.0
SYN1897.X,SY0000001897,Synthetic Firm 1897,United Kingdom,United Kingdom,Healthcare,58.0,Healthcare Services,58.0,Healthcare Group,58.0,Healthcare Industry,58.0,Healthcare Activity,58.0,1946.0
SYN1898.X,SY0000001898,Synthetic Firm 1898,United Kingdom,United Kingdom,Technology,53.0,Technology Services,53.0,Technology Group,53.0,Technology Industry,53.0,Technology Activity,53.0,1981.0
SYN1899.X,SY0000001899,Synthetic Firm 1899,Norway,Norway,Healthcare,58.0,Healthcare Services,58.0,Healthcare Group,58.0,Healthcare Industry,58.0,Healthcare Activity,58.0,1941.0
SYN1900.X,SY0000001900,Synthetic Firm 1900,Norway,Norway,Basic Materials,59.0,Basic Materials Services,59.0,Basic Materials Group,59.0,Basic Materials Industry,59.0,Basic Materials Activity,59.0,2013.0
SYN1901.X,SY0000001901,Synthetic Firm 1901,United Kingdom,United Kingdom,Basic Materials,59.0,Basic Materials Services,59.0,Basic Materials Group,59.0,Basic Materials Industry,59.0,Basic Materials Activity,59.0,1984.0
SYN1902.X,SY0000001902,Synthetic Firm 1902,Russia,Russia,Financials,50.0,Financials Services,50.0,Financials Group,50.0,Financials Industry,50.0,Financials Activity,50.0,1985.0
SYN1903.X,SY0000001903,Synthetic Firm 1903,Switzerland,Switzerland,Financials,50.0,Financials Services,50.0,Financials Group,50.0,Financials Industry,50.0,Financials Activity,50.0,1980.0
SYN1904.X,SY0000001904,Synthetic Firm 1904,United Kingdom,United Kingdom,Real Estate,55.0,Real Estate Services,55.0,Real Estate Group,55.0,Real Estate Industry,55.0,Real Estate Activity,55.0,1997.0
SYN1905.X,SY0000001905,Synthetic Firm 1905,Germany,Germany,Technology,53.0,Technology Services,53.0,Technology Group,53.0,Technology Industry,53.0,Technology Activity,53.0,2018.0
SYN1906.X,SY0000001906,Synthetic Firm 1906,Austria,Austria,Technology,53.0,Technology Services,53.0,Technology Group,53.0,Technology Industry,53.0,Technology Activity,53.0,1965.0
SYN1907.X,SY0000001907,Synthetic Firm 1907,Switzerland,Switzerland,Basic Materials,59.0,Basic Materials Services,59.0,Basic Materials Group,59.0,Basic Materials Industry,59.0,Basic Materials Activity,59.0,2002.0
SYN1908.X,SY0000001908,Synthetic Firm 1908,France,France,Industrials,56.0,Industrials Services,56.0,Industrials Group,56.0,Industrials Industry,56.0,Industrials Activity,56.0,2014.0
SYN1909.X,SY0000001909,Synthetic Firm 1909,United Kingdom,United Kingdom,Real Estate,55.0,Real Estate Services,55.0,Real Estate Group,55.0,Real Estate Industry,55.0,Real Estate Activity,55.0,1995.0
SYN1910.X,SY0000001910,Synthetic Firm 1910,Switzerland,Switzerland,Consumer Cyclicals,51.0,Consumer Cyclicals Services,51.0,Consumer Cyclicals Group,51.0,Consumer Cyclicals Industry,51.0,Consumer Cyclicals Activity,51.0,2006.0
SYN1911.X,SY0000001911,Synthetic Firm 1911,Netherlands,Netherlands,Consumer Cyclicals,51.0,Consumer Cyclicals Services,51.0,Consumer Cyclicals Group,51.0,Consumer Cyclicals Industry,51.0,Consumer Cyclicals Activity,51.0,2001.0
SYN1912.X,SY0000001912,Synthetic Firm 1912,Luxembourg,Luxembourg,Financials,50.0,Financials Services,50.0,Financials Group,50.0,Financials Industry,50.0,Financials Activity,50.0,2010.0
SYN1913.X,SY0000001913,Synthetic Firm 1913,Germany,Germany,Financials,50.0,Financials Services,50.0,Financials Group,50.0,Financials Industry,50.0,Financials Activity,50.0,2019.0
SYN1914.X,SY0000001914,Synthetic Firm 1914,United Kingdom,United Kingdom,Healthcare,58.0,Healthcare Services,58.0,Healthcare Group,58.0,Healthcare Industry,58.0,Healthcare Activity,58.0,2022.0
SYN1915.X,SY0000001915,Synthetic Firm 1915,Germany,Germany,Industrials,56.0,Industrials Services,56.0,Industrials Group,56.0,Industrials Industry,56.0,Industrials Activity,56.0,1930.0
SYN1916.X,SY0000001916,Synthetic Firm 1916,Germany,Germany,Consumer Cyclicals,51.0,Consumer Cyclicals Services,51.0,Consumer Cyclicals Group,51.0,Consumer Cyclicals Industry,51.0,Consumer Cyclicals Activity,51.0,1987.0
SYN1917.X,SY0000001917,Synthetic Firm 1917,Italy,Italy,Basic Materials,59.0,Basic Materials Services,59.0,Basic Materials Group,59.0,Basic Materials Industry,59.0,Basic Materials Activity,59.0,2009.0
SYN1918.X,SY0000001918,Synthetic Firm 1918,Belgium,Belgium,Technology,53.0,Technology Services,53.0,Technology Group,53.0,Technology Industry,53.0,Technology Activity,53.0,1918.0
SYN1919.X,SY0000001919,Synthetic Firm 1919,Israel,Israel,Industrials,56.0,Industrials Services,56.0,Industrials Group,56.0,Industrials Industry,56.0,Industrials Activity,56.0,1947.0
SYN1920.X,SY0000001920,Synthetic Firm 1920,Switzerland,Switzerland,Consumer Cyclicals,51.0,Consumer Cyclicals Services,51.0,Consumer Cyclicals Group,51.0,Consumer Cyclicals Industry,51.0,Consumer Cyclicals Activity,51.0,1995.0
SYN1921.X,SY0000001921,Synthetic Firm 1921,Iceland,Iceland,Healthcare,58.0,Healthcare Services,58.0,Healthcare Group,58.0,Healthcare Industry,58.0,Healthcare Activity,58.0,1995.0
SYN1922.X,SY0000001922,Synthetic Firm 1922,Ireland,Ireland,Consumer Cyclicals,51.0,Consumer Cyclicals Services,51.0,Consumer Cyclicals Group,51.0,Consumer Cyclicals Industry,51.0,Consumer Cyclicals Activity,51.0,0.0
SYN1923.X,SY0000001923,Synthetic Firm 1923,Czechia,Czechia,Consumer Non-Cyclicals,52.0,Consumer Non-Cyclicals Services,52.0,Consumer Non-Cyclicals Group,52.0,Consumer Non-Cyclicals Industry,52.0,Consumer Non-Cyclicals Activity,52.0,1930.0
SYN1924.X,SY0000001924,Synthetic Firm 1924,Norway,Norway,Industrials,56.0,Industrials Services,56.0,Industrials Group,56.0,Industrials Industry,56.0,Industrials Activity,56.0,2013.0
SYN1925.X,SY0000001925,Synthetic Firm 1925,Russia,Russia,Industrials,56.0,Industrials Services,56.0,Industrials Group,56.0,Industrials Industry,56.0,Industrials Activity,56.0,1989.0
SYN1926.X,SY0000001926,Synthetic Firm 1926,Germany,Germany,Financials,50.0,Financials Services,50.0,Financials Group,50.0,Financials Industry,50.0,Financials Activity,50.0,2024.0
SYN1927.X,SY0000001927,Synthetic Firm 1927,Turkey,Turkey,Consumer Non-Cyclicals,52.0,Consumer Non-Cyclicals Services,52.0,Consumer Non-Cyclicals Group,52.0,Consumer Non-Cyclicals Industry,52.0,Consumer Non-Cyclicals Activity,52.0,1997.0
SYN1928.X,SY0000001928,Synthetic Firm 1928,Greece,Greece,Consumer Cyclicals,51.0,Consumer Cyclicals Services,51.0,Consumer Cyclicals Group,51.0,Consumer Cyclicals Industry,51.0,Consumer Cyclicals Activity,51.0,1995.0
SYN1929.X,SY0000001929,Synthetic Firm 1929,Germany,Germany,Consumer Cyclicals,51.0,Consumer Cyclicals Services,51.0,Consumer Cyclicals Group,51.0,Consumer Cyclicals Industry,51.0,Consumer Cyclicals Activity,51.0,1963.0
SYN1930.X,SY0000001930,Synthetic Firm 1930,Romania,Romania,Real Estate,55.0,Real Estate Services,55.0,Real Estate Group,55.0,Real Estate Industry,55.0,Real Estate Activity,55.0,1958.0
SYN1931.X,SY0000001931,Synthetic Firm 1931,United Kingdom,United Kingdom,Real Estate,55.0,Real Estate Services,55.0,Real Estate Group,55.0,Real Estate Industry,55.0,Real Estate Activity,55.0,1961.0
SYN1932.X,SY0000001932,Synthetic Firm 1932,Luxembourg,Luxembourg,Financials,50.0,Financials Services,50.0,Financials Group,50.0,Financials Industry,50.0,Financials Activity,50.0,1956.0
SYN1933.X,SY0000001933,Synthetic Firm 1933,Switzerland,Switzerland,Utilities,57.0,Utilities Services,57.0,Utilities Group,57.0,Utilities Industry,57.0,Utilities Activity,57.0,2002.0
SYN1934.X,SY0000001934,Synthetic Firm 1934,Belgium,Belgium,Consumer Non-Cyclicals,52.0,Consumer Non-Cyclicals Services,52.0,Consumer Non-Cyclicals Group,52.0,Consumer Non-Cyclicals Industry,52.0,Consumer Non-Cyclicals Activity,52.0,1997.0
SYN1935.X,SY0000001935,Synthetic Firm 1935,United Kingdom,United Kingdom,Financials,50.0,Financials Services,50.0,Financials Group,50.0,Financials Industry,50.0,Financials Activity,50.0,1954.0
SYN1936.X,SY0000001936,Synthetic Firm 1936,United Kingdom,United Kingdom,Basic Materials,59.0,Basic Materials Services,59.0,Basic Materials Group,59.0,Basic Materials Industry,59.0,Basic Materials Activity,59.0,1956.0
SYN1937.X,SY0000001937,Synthetic Firm 1937,Sweden,Sweden,Financials,50.0,Financials Services,50.0,Financials Group,50.0,Financials Industry,50.0,Financials Activity,50.0,1968.0
SYN1938.X,SY0000001938,Synthetic Firm 1938,Czechia,Czechia,Energy,54.0,Energy Services,54.0,Energy Group,54.0,Energy Industry,54.0,Energy Activity,54.0,0.0
SYN1939.X,SY0000001939,Synthetic Firm 1939,Sweden,Sweden,Financials,50.0,Financials Services,50.0,Financials Group,50.0,Financials Industry,50.0,Financials Activity,50.0,1954.0
SYN1940.X,SY0000001940,Synthetic Firm 1940,Israel,Israel,Energy,54.0,Energy Services,54.0,Energy Group,54.0,Energy Industry,54.0,Energy Activity,54.0,1973.0
SYN1941.X,SY0000001941,Synthetic Firm 1941,United Kingdom,United Kingdom,Industrials,56.0,Industrials Services,56.0,Industrials Group,56.0,Industrials Industry,56.0,Industrials Activity,56.0,2024.0
SYN1942.X,SY0000001942,Synthetic Firm 1942,Germany,Germany,Financials,50.0,Financials Services,50.0,Financials Group,50.0,Financials Industry,50.0,Financials Activity,50.0,1963.0
SYN1943.X,SY0000001943,Synthetic Firm 1943,Belgium,Belgium,Financials,50.0,Financials Services,50.0,Financials Group,50.0,Financials Industry,50.0,Financials Activity,50.0,2002.0
SYN1944.X,SY0000001944,Synthetic Firm 1944,Poland,Poland,Technology,53.0,Technology Services,53.0,Technology Group,53.0,Technology Industry,53.0,Technology Activity,53.0,2009.0
SYN1945.X,SY0000001945,Synthetic Firm 1945,Finland,Finland,Financials,50.0,Financials Services,50.0,Financials Group,50.0,Financials Industry,50.0,Financials Activity,50.0,1914.0
SYN1946.X,SY0000001946,Synthetic Firm 1946,Netherlands,Netherlands,Real Estate,55.0,Real Estate Services,55.0,Real Estate Group,55.0,Real Estate Industry,55.0,Real Estate Activity,55.0,2009.0
SYN1947.X,SY0000001947,Synthetic Firm 1947,Poland,Poland,Financials,50.0,Financials Services,50.0,Financials Group,50.0,Financials Industry,50.0,Financials Activity,50.0,1974.0
SYN1948.X,SY0000001948,Synthetic Firm 1948,United Kingdom,United Kingdom,Consumer Non-Cyclicals,52.0,Consumer Non-Cyclicals Services,52.0,Consumer Non-Cyclicals Group,52.0,Consumer Non-Cyclicals Industry,52.0,Consumer Non-Cyclicals Activity,52.0,1921.0
SYN1949.X,SY0000001949,Synthetic Firm 1949,Belgium,Belgium,Industrials,56.0,Industrials Services,56.0,Industrials Group,56.0,Industrials Industry,56.0,Industrials Activity,56.0,2004.0
SYN1950.X,SY0000001950,Synthetic Firm 1950,Russia,Russia,Real Estate,55.0,Real Estate Services,55.0,Real Estate Group,55.0,Real Estate Industry,55.0,Real Estate Activity,55.0,1967.0
SYN1951.X,SY0000001951,Synthetic Firm 1951,Luxembourg,Luxembourg,Consumer Non-Cyclicals,52.0,Consumer Non-Cyclicals Services,52.0,Consumer Non-Cyclicals Group,52.0,Consumer Non-Cyclicals Industry,52.0,Consumer Non-Cyclicals Activity,52.0,2008.0
SYN1952.X,SY0000001952,Synthetic Firm 1952,United Kingdom,United Kingdom,Consumer Cyclicals,51.0,Consumer Cyclicals Services,51.0,Consumer Cyclicals Group,51.0,Consumer Cyclicals Industry,51.0,Consumer Cyclicals Activity,51.0,2018.0
SYN1953.X,SY0000001953,Synthetic Firm 1953,United Kingdom,United Kingdom,Energy,54.0,Energy Services,54.0,Energy Group,54.0,Energy Industry,54.0,Energy Activity,54.0,1954.0
SYN1954.X,SY0000001954,Synthetic Firm 1954,Austria,Austria,Real Estate,55.0,Real Estate Services,55.0,Real Estate Group,55.0,Real Estate Industry,55.0,Real Estate Activity,55.0,2010.0
SYN1955.X,SY0000001955,Synthetic Firm 1955,Iceland,Iceland,Technology,53.0,Technology Services,53.0,Technology Group,53.0,Technology Industry,53.0,Technology Activity,53.0,2009.0
SYN1956.X,SY0000001956,Synthetic Firm 1956,United Kingdom,United Kingdom,Financials,50.0,Financials Services,50.0,Financials Group,50.0,Financials Industry,50.0,Financials Activity,50.0,1978.0
SYN1957.X,SY0000001957,Synthetic Firm 1957,Sweden,Sweden,Consumer Cyclicals,51.0,Consumer Cyclicals Services,51.0,Consumer Cyclicals Group,51.0,Consumer Cyclicals Industry,51.0,Consumer Cyclicals Activity,51.0,2019.0
SYN1958.X,SY0000001958,Synthetic Firm 1958,United Kingdom,United Kingdom,Consumer Cyclicals,51.0,Consumer Cyclicals Services,51.0,Consumer Cyclicals Group,51.0,Consumer Cyclicals Industry,51.0,Consumer Cyclicals Activity,51.0,2005.0
SYN1959.X,SY0000001959,Synthetic Firm 1959,Sweden,Sweden,Healthcare,58.0,Healthcare Services,58.0,Healthcare Group,58.0,Healthcare Industry,58.0,Healthcare Activity,58.0,2002.0
SYN1960.X,SY0000001960,Synthetic Firm 1960,Hungary,Hungary,Consumer Cyclicals,51.0,Consumer Cyclicals Services,51.0,Consumer Cyclicals Group,51.0,Consumer Cyclicals Industry,51.0,Consumer Cyclicals Activity,51.0,1955.0
SYN1961.X,SY0000001961,Synthetic Firm 1961,Switzerland,Switzerland,Consumer Cyclicals,51.0,Consumer Cyclicals Services,51.0,Consumer Cyclicals Group,51.0,Consumer Cyclicals Industry,51.0,Consumer Cyclicals Activity,51.0,2001.0
SYN1962.X,SY0000001962,Synthetic Firm 1962,Switzerland,Switzerland,Utilities,57.0,Utilities Services,57.0,Utilities Group,57.0,Utilities Industry,57.0,Utilities Activity,57.0,1990.0
SYN1963.X,SY0000001963,Synthetic Firm 1963,Germany,Germany,Utilities,57.0,Utilities Services,57.0,Utilities Group,57.0,Utilities Industry,57.0,Utilities Activity,57.0,2022.0
SYN1964.X,SY0000001964,Synthetic Firm 1964,United Kingdom,United Kingdom,Financials,50.0,Financials Services,50.0,Financials Group,50.0,Financials Industry,50.0,Financials Activity,50.0,2018.0
SYN1965.X,SY0000001965,Synthetic Firm 1965,United Kingdom,United Kingdom,Healthcare,58.0,Healthcare Services,58.0,Healthcare Group,58.0,Healthcare Industry,58.0,Healthcare Activity,58.0,1990.0
SYN1966.X,SY0000001966,Synthetic Firm 1966,Czechia,Czechia,Technology,53.0,Technology Services,53.0,Technology Group,53.0,Technology Industry,53.0,Technology Activity,53.0,1986.0
SYN1967.X,SY0000001967,Synthetic Firm 1967,United Kingdom,United Kingdom,Technology,53.0,Technology Services,53.0,Technology Group,53.0,Technology Industry,53.0,Technology Activity,53.0,1934.0
SYN1968.X,SY0000001968,Synthetic Firm 1968,United Kingdom,United Kingdom,Consumer Cyclicals,51.0,Consumer Cyclicals Services,51.0,Consumer Cyclicals Group,51.0,Consumer Cyclicals Industry,51.0,Consumer Cyclicals Activity,51.0,1966.0
SYN1969.X,SY0000001969,Synthetic Firm 1969,Switzerland,Switzerland,Real Estate,55.0,Real Estate Services,55.0,Real Estate Group,55.0,Real Estate Industry,55.0,Real Estate Activity,55.0,1988.0
SYN1970.X,SY0000001970,Synthetic Firm 1970,Switzerland,Switzerland,Healthcare,58.0,Healthcare Services,58.0,Healthcare Group,58.0,Healthcare Industry,58.0,Healthcare Activity,58.0,1962.0
SYN1971.X,SY0000001971,Synthetic Firm 1971,Czechia,Czechia,Industrials,56.0,Industrials Services,56.0,Industrials Group,56.0,Industrials Industry,56.0,Industrials Activity,56.0,2003.0
SYN1972.X,SY0000001972,Synthetic Firm 1972,Luxembourg,Luxembourg,Industrials,56.0,Industrials Services,56.0,Industrials Group,56.0,Industrials Industry,56.0,Industrials Activity,56.0,1981.0
SYN1973.X,SY0000001973,Synthetic Firm 1973,United Kingdom,United Kingdom,Industrials,56.0,Industrials Services,56.0,Industrials Group,56.0,Industrials Industry,56.0,Industrials Activity,56.0,0.0
SYN1974.X,SY0000001974,Synthetic Firm 1974,United Kingdom,United Kingdom,Industrials,56.0,Industrials Services,56.0,Industrials Group,56.0,Industrials Industry,56.0,Industrials Activity,56.0,1927.0
SYN1975.X,SY0000001975,Synthetic Firm 1975,Romania,Romania,Consumer Non-Cyclicals,52.0,Consumer Non-Cyclicals Services,52.0,Consumer Non-Cyclicals Group,52.0,Consumer Non-Cyclicals Industry,52.0,Consumer Non-Cyclicals Activity,52.0,1976.0
SYN1976.X,SY0000001976,Synthetic Firm 1976,United Kingdom,United Kingdom,Financials,50.0,Financials Services,50.0,Financials Group,50.0,Financials Industry,50.0,Financials Activity,50.0,1939.0
SYN1977.X,SY0000001977,Synthetic Firm 1977,Sweden,Sweden,Basic Materials,59.0,Basic Materials Services,59.0,Basic Materials Group,59.0,Basic Materials Industry,59.0,Basic Materials Activity,59.0,0.0
SYN1978.X,SY0000001978,Synthetic Firm 1978,United Kingdom,United Kingdom,Energy,54.0,Energy Services,54.0,Energy Group,54.0,Energy Industry,54.0,Energy Activity,54.0,2003.0
SYN1979.X,SY0000001979,Synthetic Firm 1979,Austria,Austria,Technology,53.0,Technology Services,53.0,Technology Group,53.0,Technology Industry,53.0,Technology Activity,53.0,0.0
SYN1980.X,SY0000001980,Synthetic Firm 1980,Switzerland,Switzerland,Real Estate,55.0,Real Estate Services,55.0,Real Estate Group,55.0,Real Estate Industry,55.0,Real Estate Activity,55.0,1912.0
SYN1981.X,SY0000001981,Synthetic Firm 1981,Sweden,Sweden,Industrials,56.0,Industrials Services,56.0,Industrials Group,56.0,Industrials Industry,56.0,Industrials Activity,56.0,1967.0
SYN1982.X,SY0000001982,Synthetic Firm 1982,France,France,Financials,50.0,Financials Services,50.0,Financials Group,50.0,Financials Industry,50.0,Financials Activity,50.0,1976.0
SYN1983.X,SY0000001983,Synthetic Firm 1983,Portugal,Portugal,Consumer Non-Cyclicals,52.0,Consumer Non-Cyclicals Services,52.0,Consumer Non-Cyclicals Group,52.0,Consumer Non-Cyclicals Industry,52.0,Consumer Non-Cyclicals Activity,52.0,1897.0
SYN1984.X,SY0000001984,Synthetic Firm 1984,Luxembourg,Luxembourg,Industrials,56.0,Industrials Services,56.0,Industrials Group,56.0,Industrials Industry,56.0,Industrials Activity,56.0,1947.0
SYN1985.X,SY0000001985,Synthetic Firm 1985,United Kingdom,United Kingdom,Energy,54.0,Energy Services,54.0,Energy Group,54.0,Energy Industry,54.0,Energy Activity,54.0,0.0
SYN1986.X,SY0000001986,Synthetic Firm 1986,Switzerland,Switzerland,Real Estate,55.0,Real Estate Services,55.0,Real Estate Group,55.0,Real Estate Industry,55.0,Real Estate Activity,55.0,2016.0
SYN1987.X,SY0000001987,Synthetic Firm 1987,Spain,Spain,Consumer Cyclicals,51.0,Consumer Cyclicals Services,51.0,Consumer Cyclicals Group,51.0,Consumer Cyclicals Industry,51.0,Consumer Cyclicals Activity,51.0,1975.0
SYN1988.X,SY0000001988,Synthetic Firm 1988,Switzerland,Switzerland,Real Estate,55.0,Real Estate Services,55.0,Real Estate Group,55.0,Real Estate Industry,55.0,Real Estate Activity,55.0,2013.0
SYN1989.X,SY0000001989,Synthetic Firm 1989,Belgium,Belgium,Technology,53.0,Technology Services,53.0,Technology Group,53.0,Technology Industry,53.0,Technology Activity,53.0,2003.0
SYN1990.X,SY0000001990,Synthetic Firm 1990,Germany,Germany,Healthcare,58.0,Healthcare Services,58.0,Healthcare Group,58.0,Healthcare Industry,58.0,Healthcare Activity,58.0,1981.0
SYN1991.X,SY0000001991,Synthetic Firm 1991,Switzerland,Switzerland,Technology,53.0,Technology Services,53.0,Technology Group,53.0,Technology Industry,53.0,Technology Activity,53.0,1981.0
SYN1992.X,SY0000001992,Synthetic Firm 1992,France,France,Financials,50.0,Financials Services,50.0,Financials Group,50.0,Financials Industry,50.0,Financials Activity,50.0,1992.0
SYN1993.X,SY0000001993,Synthetic Firm 1993,United Kingdom,United Kingdom,Consumer Non-Cyclicals,52.0,Consumer Non-Cyclicals Services,52.0,Consumer Non-Cyclicals Group,52.0,Consumer Non-Cyclicals Industry,52.0,Consumer Non-Cyclicals Activity,52.0,1938.0
SYN1994.X,SY0000001994,Synthetic Firm 1994,Iceland,Iceland,Industrials,56.0,Industrials Services,56.0,Industrials Group,56.0,Industrials Industry,56.0,Industrials Activity,56.0,1966.0
SYN1995.X,SY0000001995,Synthetic Firm 1995,United Kingdom,United Kingdom,Consumer Non-Cyclicals,52.0,Consumer Non-Cyclicals Services,52.0,Consumer Non-Cyclicals Group,52.0,Consumer Non-Cyclicals Industry,52.0,Consumer Non-Cyclicals Activity,52.0,1958.0
SYN1996.X,SY0000001996,Synthetic Firm 1996,Portugal,Portugal,Industrials,56.0,Industrials Services,56.0,Industrials Group,56.0,Industrials Industry,56.0,Industrials Activity,56.0,1954.0
SYN1997.X,SY0000001997,Synthetic Firm 1997,Russia,Russia,Financials,50.0,Financials Services,50.0,Financials Group,50.0,Financials Industry,50.0,Financials Activity,50.0,1954.0
SYN1998.X,SY0000001998,Synthetic Firm 1998,Iceland,Iceland,Consumer Non-Cyclicals,52.0,Consumer Non-Cyclicals Services,52.0,Consumer Non-Cyclicals Group,52.0,Consumer Non-Cyclicals Industry,52.0,Consumer Non-Cyclicals Activity,52.0,1941.0
SYN1999.X,SY0000001999,Synthetic Firm 1999,Germany,Germany,Utilities,57.0,Utilities Services,57.0,Utilities Group,57.0,Utilities Industry,57.0,Utilities Activity,57.0,2005.0
SYN2000.X,SY0000002000,Synthetic Firm 2000,Denmark,Denmark,Basic Materials,59.0,Basic Materials Services,59.0,Basic Materials Group,59.0,Basic Materials Industry,59.0,Basic Materials Activity,59.0,2020.0
SYN2001.X,SY0000002001,Synthetic Firm 2001,United Kingdom,United Kingdom,Consumer Cyclicals,51.0,Consumer Cyclicals Services,51.0,Consumer Cyclicals Group,51.0,Consumer Cyclicals Industry,51.0,Consumer Cyclicals Activity,51.0,2025.0
SYN2002.X,SY0000002002,Synthetic Firm 2002,Poland,Poland,Industrials,56.0,Industrials Services,56.0,Industrials Group,56.0,Industrials Industry,56.0,Industrials Activity,56.0,0.0
SYN2003.X,SY0000002003,Synthetic Firm 2003,Lithuania,Lithuania,Financials,50.0,Financials Services,50.0,Financials Group,50.0,Financials Industry,50.0,Financials Activity,50.0,2007.0
SYN2004.X,SY0000002004,Synthetic Firm 2004,United Kingdom,United Kingdom,Consumer Non-Cyclicals,52.0,Consumer Non-Cyclicals Services,52.0,Consumer Non-Cyclicals Group,52.0,Consumer Non-Cyclicals Industry,52.0,Consumer Non-Cyclicals Activity,52.0,2009.0
SYN2005.X,SY0000002005,Synthetic Firm 2005,Sweden,Sweden,Financials,50.0,Financials Services,50.0,Financials Group,50.0,Financials Industry,50.0,Financials Activity,50.0,1964.0
SYN2006.X,SY0000002006,Synthetic Firm 2006,United Kingdom,United Kingdom,Financials,50.0,Financials Services,50.0,Financials Group,50.0,Financials Industry,50.0,Financials Activity,50.0,2002.0
SYN2007.X,SY0000002007,Synthetic Firm 2007,Norway,Norway,Financials,50.0,Financials Services,50.0,Financials Group,50.0,Financials Industry,50.0,Financials Activity,50.0,1992.0
SYN2008.X,SY0000002008,Synthetic Firm 2008,Greece,Greece,Consumer Non-Cyclicals,52.0,Consumer Non-Cyclicals Services,52.0,Consumer Non-Cyclicals Group,52.0,Consumer Non-Cyclicals Industry,52.0,Consumer Non-Cyclicals Activity,52.0,2002.0
SYN2009.X,SY0000002009,Synthetic Firm 2009,Iceland,Iceland,Financials,50.0,Financials Services,50.0,Financials Group,50.0,Financials Industry,50.0,Financials Activity,50.0,2016.0
SYN2010.X,SY0000002010,Synthetic Firm 2010,United Kingdom,United Kingdom,Consumer Cyclicals,51.0,Consumer Cyclicals Services,51.0,Consumer Cyclicals Group,51.0,Consumer Cyclicals Industry,51.0,Consumer Cyclicals Activity,51.0,1936.0
SYN2011.X,SY0000002011,Synthetic Firm 2011,Germany,Germany,Industrials,56.0,Industrials Services,56.0,Industrials Group,56.0,Industrials Industry,56.0,Industrials Activity,56.0,2004.0
SYN2012.X,SY0000002012,Synthetic Firm 2012,Norway,Norway,Technology,53.0,Technology Services,53.0,Technology Group,53.0,Technology Industry,53.0,Technology Activity,53.0,1966.0
SYN2013.X,SY0000002013,Synthetic Firm 2013,Switzerland,Switzerland,Technology,53.0,Technology Services,53.0,Technology Group,53.0,Technology Industry,53.0,Technology Activity,53.0,1984.0
SYN2014.X,SY0000002014,Synthetic Firm 2014,Denmark,Denmark,Consumer Cyclicals,51.0,Consumer Cyclicals Services,51.0,Consumer Cyclicals Group,51.0,Consumer Cyclicals Industry,51.0,Consumer Cyclicals Activity,51.0,2014.0
SYN2015.X,SY0000002015,Synthetic Firm 2015,Switzerland,Switzerland,Financials,50.0,Financials Services,50.0,Financials Group,50.0,Financials Industry,50.0,Financials Activity,50.0,1992.0
SYN2016.X,SY0000002016,Synthetic Firm 2016,Sweden,Sweden,Financials,50.0,Financials Services,50.0,Financials Group,50.0,Financials Industry,50.0,Financials Activity,50.0,0.0
SYN2017.X,SY0000002017,Synthetic Firm 2017,Greece,Greece,Real Estate,55.0,Real Estate Services,55.0,Real Estate Group,55.0,Real Estate Industry,55.0,Real Estate Activity,55.0,2016.0
SYN2018.X,SY0000002018,Synthetic Firm 2018,United Kingdom,United Kingdom,Industrials,56.0,Industrials Services,56.0,Industrials Group,56.0,Industrials Industry,56.0,Industrials Activity,56.0,2010.0
SYN2019.X,SY0000002019,Synthetic Firm 2019,United Kingdom,United Kingdom,Technology,53.0,Technology Services,53.0,Technology Group,53.0,Technology Industry,53.0,Technology Activity,53.0,2019.0
SYN2020.X,SY0000002020,Synthetic Firm 2020,Poland,Poland,Technology,53.0,Technology Services,53.0,Technology Group,53.0,Technology Industry,53.0,Technology Activity,53.0,2011.0
SYN2021.X,SY0000002021,Synthetic Firm 2021,United Kingdom,United Kingdom,Healthcare,58.0,Healthcare Services,58.0,Healthcare Group,58.0,Healthcare Industry,58.0,Healthcare Activity,58.0,1953.0
SYN2022.X,SY0000002022,Synthetic Firm 2022,Czechia,Czechia,Financials,50.0,Financials Services,50.0,Financials Group,50.0,Financials Industry,50.0,Financials Activity,50.0,2005.0
SYN2023.X,SY0000002023,Synthetic Firm 2023,Sweden,Sweden,Energy,54.0,Energy Services,54.0,Energy Group,54.0,Energy Industry,54.0,Energy Activity,54.0,1957.0
SYN2024.X,SY0000002024,Synthetic Firm 2024,United Kingdom,United Kingdom,Industrials,56.0,Industrials Services,56.0,Industrials Group,56.0,Industrials Industry,56.0,Industrials Activity,56.0,1976.0
SYN2025.X,SY0000002025,Synthetic Firm 2025,Turkey,Turkey,Consumer Cyclicals,51.0,Consumer Cyclicals Services,51.0,Consumer Cyclicals Group,51.0,Consumer Cyclicals Industry,51.0,Consumer Cyclicals Activity,51.0,1977.0
SYN2026.X,SY0000002026,Synthetic Firm 2026,Turkey,Turkey,Technology,53.0,Technology Services,53.0,Technology Group,53.0,Technology Industry,53.0,Technology Activity,53.0,2008.0
SYN2027.X,SY0000002027,Synthetic Firm 2027,United Kingdom,United Kingdom,Industrials,56.0,Industrials Services,56.0,Industrials Group,56.0,Industrials Industry,56.0,Industrials Activity,56.0,1976.0
SYN2028.X,SY0000002028,Synthetic Firm 2028,Israel,Israel,Technology,53.0,Technology Services,53.0,Technology Group,53.0,Technology Industry,53.0,Technology Activity,53.0,2023.0
SYN2029.X,SY0000002029,Synthetic Firm 2029,Spain,Spain,Utilities,57.0,Utilities Services,57.0,Utilities Group,57.0,Utilities Industry,57.0,Utilities Activity,57.0,1978.0
SYN2030.X,SY0000002030,Synthetic Firm 2030,Israel,Israel,Technology,53.0,Technology Services,53.0,Technology Group,53.0,Technology Industry,53.0,Technology Activity,53.0,1969.0
SYN2031.X,SY0000002031,Synthetic Firm 2031,Hungary,Hungary,Financials,50.0,Financials Services,50.0,Financials Group,50.0,Financials Industry,50.0,Financials Activity,50.0,1994.0
SYN2032.X,SY0000002032,Synthetic Firm 2032,Switzerland,Switzerland,Technology,53.0,Technology Services,53.0,Technology Group,53.0,Technology Industry,53.0,Technology Activity,53.0,1980.0
SYN2033.X,SY0000002033,Synthetic Firm 2033,United Kingdom,United Kingdom,Technology,53.0,Technology Services,53.0,Technology Group,53.0,Technology Industry,53.0,Technology Activity,53.0,1989.0
SYN2034.X,SY0000002034,Synthetic Firm 2034,United Kingdom,United Kingdom,Consumer Cyclicals,51.0,Consumer Cyclicals Services,51.0,Consumer Cyclicals Group,51.0,Consumer Cyclicals Industry,51.0,Consumer Cyclicals Activity,51.0,1985.0
SYN2035.X,SY0000002035,Synthetic Firm 2035,Luxembourg,Luxembourg,Healthcare,58.0,Healthcare Services,58.0,Healthcare Group,58.0,Healthcare Industry,58.0,Healthcare Activity,58.0,1968.0
SYN2036.X,SY0000002036,Synthetic Firm 2036,United Kingdom,United Kingdom,Consumer Cyclicals,51.0,Consumer Cyclicals Services,51.0,Consumer Cyclicals Group,51.0,Consumer Cyclicals Industry,51.0,Consumer Cyclicals Activity,51.0,1955.0
SYN2037.X,SY0000002037,Synthetic Firm 2037,United Kingdom,United Kingdom,Utilities,57.0,Utilities Services,57.0,Utilities Group,57.0,Utilities Industry,57.0,Utilities Activity,57.0,2018.0
SYN2038.X,SY0000002038,Synthetic Firm 2038,Netherlands,Netherlands,Basic Materials,59.0,Basic Materials Services,59.0,Basic Materials Group,59.0,Basic Materials Industry,59.0,Basic Materials Activity,59.0,1977.0
SYN2039.X,SY0000002039,Synthetic Firm 2039,Romania,Romania,Healthcare,58.0,Healthcare Services,58.0,Healthcare Group,58.0,Healthcare Industry,58.0,Healthcare Activity,58.0,1979.0
SYN2040.X,SY0000002040,Synthetic Firm 2040,Switzerland,Switzerland,Industrials,56.0,Industrials Services,56.0,Industrials Group,56.0,Industrials Industry,56.0,Industrials Activity,56.0,2008.0
SYN2041.X,SY0000002041,Synthetic Firm 2041,United Kingdom,United Kingdom,Consumer Cyclicals,51.0,Consumer Cyclicals Services,51.0,Consumer Cyclicals Group,51.0,Consumer Cyclicals Industry,51.0,Consumer Cyclicals Activity,51.0,1946.0
SYN2042.X,SY0000002042,Synthetic Firm 2042,France,France,Utilities,57.0,Utilities Services,57.0,Utilities Group,57.0,Utilities Industry,57.0,Utilities Activity,57.0,2016.0
SYN2043.X,SY0000002043,Synthetic Firm 2043,Denmark,Denmark,Industrials,56.0,Industrials Services,56.0,Industrials Group,56.0,Industrials Industry,56.0,Industrials Activity,56.0,1953.0
SYN2044.X,SY0000002044,Synthetic Firm 2044,United Kingdom,United Kingdom,Consumer Cyclicals,51.0,Consumer Cyclicals Services,51.0,Consumer Cyclicals Group,51.0,Consumer Cyclicals Industry,51.0,Consumer Cyclicals Activity,51.0,1989.0
SYN2045.X,SY0000002045,Synthetic Firm 2045,Turkey,Turkey,Consumer Non-Cyclicals,52.0,Consumer Non-Cyclicals Services,52.0,Consumer Non-Cyclicals Group,52.0,Consumer Non-Cyclicals Industry,52.0,Consumer Non-Cyclicals Activity,52.0,0.0
SYN2046.X,SY0000002046,Synthetic Firm 2046,Czechia,Czechia,Basic Materials,59.0,Basic Materials Services,59.0,Basic Materials Group,59.0,Basic Materials Industry,59.0,Basic Materials Activity,59.0,1996.0
SYN2047.X,SY0000002047,Synthetic Firm 2047,Poland,Poland,Industrials,56.0,Industrials Services,56.0,Industrials Group,56.0,Industrials Industry,56.0,Industrials Activity,56.0,1987.0
SYN2048.X,SY0000002048,Synthetic Firm 2048,Germany,Germany,Consumer Non-Cyclicals,52.0,Consumer Non-Cyclicals Services,52.0,Consumer Non-Cyclicals Group,52.0,Consumer Non-Cyclicals Industry,52.0,Consumer Non-Cyclicals Activity,52.0,1974.0
SYN2049.X,SY0000002049,Synthetic Firm 2049,Sweden,Sweden,Consumer Cyclicals,51.0,Consumer Cyclicals Services,51.0,Consumer Cyclicals Group,51.0,Consumer Cyclicals Industry,51.0,Consumer Cyclicals Activity,51.0,1982.0
SYN2050.X,SY0000002050,Synthetic Firm 2050,United Kingdom,United Kingdom,Industrials,56.0,Industrials Services,56.0,Industrials Group,56.0,Industrials Industry,56.0,Industrials Activity,56.0,1979.0
SYN2051.X,SY0000002051,Synthetic Firm 2051,Switzerland,Switzerland,Energy,54.0,Energy Services,54.0,Energy Group,54.0,Energy Industry,54.0,Energy Activity,54.0,1935.0
SYN2052.X,SY0000002052,Synthetic Firm 2052,Spain,Spain,Energy,54.0,Energy Services,54.0,Energy Group,54.0,Energy Industry,54.0,Energy Activity,54.0,2014.0
SYN2053.X,SY0000002053,Synthetic Firm 2053,United Kingdom,United Kingdom,Consumer Cyclicals,51.0,Consumer Cyclicals Services,51.0,Consumer Cyclicals Group,51.0,Consumer Cyclicals Industry,51.0,Consumer Cyclicals Activity,51.0,2015.0
SYN2054.X,SY0000002054,Synthetic Firm 2054,France,France,Consumer Cyclicals,51.0,Consumer Cyclicals Services,51.0,Consumer Cyclicals Group,51.0,Consumer Cyclicals Industry,51.0,Consumer Cyclicals Activity,51.0,1972.0
SYN2055.X,SY0000002055,Synthetic Firm 2055,Sweden,Sweden,Financials,50.0,Financials Services,50.0,Financials Group,50.0,Financials Industry,50.0,Financials Activity,50.0,1981.0
SYN2056.X,SY0000002056,Synthetic Firm 2056,Sweden,Sweden,Utilities,57.0,Utilities Services,57.0,Utilities Group,57.0,Utilities Industry,57.0,Utilities Activity,57.0,1998.0
SYN2057.X,SY0000002057,Synthetic Firm 2057,Romania,Romania,Financials,50.0,Financials Services,50.0,Financials Group,50.0,Financials Industry,50.0,Financials Activity,50.0,2019.0
SYN2058.X,SY0000002058,Synthetic Firm 2058,Greece,Greece,Consumer Cyclicals,51.0,Consumer Cyclicals Services,51.0,Consumer Cyclicals Group,51.0,Consumer Cyclicals Industry,51.0,Consumer Cyclicals Activity,51.0,1989.0
SYN2059.X,SY0000002059,Synthetic Firm 2059,Romania,Romania,Consumer Cyclicals,51.0,Consumer Cyclicals Services,51.0,Consumer Cyclicals Group,51.0,Consumer Cyclicals Industry,51.0,Consumer Cyclicals Activity,51.0,0.0
SYN2060.X,SY0000002060,Synthetic Firm 2060,United Kingdom,United Kingdom,Financials,50.0,Financials Services,50.0,Financials Group,50.0,Financials Industry,50.0,Financials Activity,50.0,2021.0
SYN2061.X,SY0000002061,Synthetic Firm 2061,Germany,Germany,Financials,50.0,Financials Services,50.0,Financials Group,50.0,Financials Industry,50.0,Financials Activity,50.0,2001.0
SYN2062.X,SY0000002062,Synthetic Firm 2062,United Kingdom,United Kingdom,Energy,54.0,Energy Services,54.0,Energy Group,54.0,Energy Industry,54.0,Energy Activity,54.0,1979.0
SYN2063.X,SY0000002063,Synthetic Firm 2063,Hungary,Hungary,Industrials,56.0,Industrials Services,56.0,Industrials Group,56.0,Industrials Industry,56.0,Industrials Activity,56.0,1999.0
SYN2064.X,SY0000002064,Synthetic Firm 2064,United Kingdom,United Kingdom,Consumer Non-Cyclicals,52.0,Consumer Non-Cyclicals Services,52.0,Consumer Non-Cyclicals Group,52.0,Consumer Non-Cyclicals Industry,52.0,Consumer Non-Cyclicals Activity,52.0,1957.0
SYN2065.X,SY0000002065,Synthetic Firm 2065,Croatia,Croatia,Real Estate,55.0,Real Estate Services,55.0,Real Estate Group,55.0,Real Estate Industry,55.0,Real Estate Activity,55.0,1947.0
SYN2066.X,SY0000002066,Synthetic Firm 2066,France,France,Industrials,56.0,Industrials Services,56.0,Industrials Group,56.0,Industrials Industry,56.0,Industrials Activity,56.0,1977.0
SYN2067.X,SY0000002067,Synthetic Firm 2067,Sweden,Sweden,Financials,50.0,Financials Services,50.0,Financials Group,50.0,Financials Industry,50.0,Financials Activity,50.0,1978.0
SYN2068.X,SY0000002068,Synthetic Firm 2068,Sweden,Sweden,Technology,53.0,Technology Services,53.0,Technology Group,53.0,Technology Industry,53.0,Technology Activity,53.0,1953.0
SYN2069.X,SY0000002069,Synthetic Firm 2069,United Kingdom,United Kingdom,Financials,50.0,Financials Services,50.0,Financials Group,50.0,Financials Industry,50.0,Financials Activity,50.0,1956.0
SYN2070.X,SY0000002070,Synthetic Firm 2070,Switzerland,Switzerland,Basic Materials,59.0,Basic Materials Services,59.0,Basic Materials Group,59.0,Basic Materials Industry,59.0,Basic Materials Activity,59.0,1954.0
SYN2071.X,SY0000002071,Synthetic Firm 2071,Turkey,Turkey,Basic Materials,59.0,Basic Materials Services,59.0,Basic Materials Group,59.0,Basic Materials Industry,59.0,Basic Materials Activity,59.0,2015.0
SYN2072.X,SY0000002072,Synthetic Firm 2072,Ireland,Ireland,Utilities,57.0,Utilities Services,57.0,Utilities Group,57.0,Utilities Industry,57.0,Utilities Activity,57.0,2000.0
SYN2073.X,SY0000002073,Synthetic Firm 2073,Germany,Germany,Technology,53.0,Technology Services,53.0,Technology Group,53.0,Technology Industry,53.0,Technology Activity,53.0,1947.0
SYN2074.X,SY0000002074,Synthetic Firm 2074,United Kingdom,United Kingdom,Financials,50.0,Financials Services,50.0,Financials Group,50.0,Financials Industry,50.0,Financials Activity,50.0,2015.0
SYN2075.X,SY0000002075,Synthetic Firm 2075,United Kingdom,United Kingdom,Consumer Cyclicals,51.0,Consumer Cyclicals Services,51.0,Consumer Cyclicals Group,51.0,Consumer Cyclicals Industry,51.0,Consumer Cyclicals Activity,51.0,1893.0
SYN2076.X,SY0000002076,Synthetic Firm 2076,Germany,Germany,Industrials,56.0,Industrials Services,56.0,Industrials Group,56.0,Industrials Industry,56.0,Industrials Activity,56.0,1989.0
SYN2077.X,SY0000002077,Synthetic Firm 2077,Turkey,Turkey,Consumer Cyclicals,51.0,Consumer Cyclicals Services,51.0,Consumer Cyclicals Group,51.0,Consumer Cyclicals Industry,51.0,Consumer Cyclicals Activity,51.0,1999.0
SYN2078.X,SY0000002078,Synthetic Firm 2078,Monaco,Monaco,Financials,50.0,Financials Services,50.0,Financials Group,50.0,Financials Industry,50.0,Financials Activity,50.0,1928.0
SYN2079.X,SY0000002079,Synthetic Firm 2079,Luxembourg,Luxembourg,Technology,53.0,Technology Services,53.0,Technology Group,53.0,Technology Industry,53.0,Technology Activity,53.0,2016.0
SYN2080.X,SY0000002080,Synthetic Firm 2080,Iceland,Iceland,Technology,53.0,Technology Services,53.0,Technology Group,53.0,Technology Industry,53.0,Technology Activity,53.0,1998.0
SYN2081.X,SY0000002081,Synthetic Firm 2081,United Kingdom,United Kingdom,Financials,50.0,Financials Services,50.0,Financials Group,50.0,Financials Industry,50.0,Financials Activity,50.0,1980.0
SYN2082.X,SY0000002082,Synthetic Firm 2082,Switzerland,Switzerland,Technology,53.0,Technology Services,53.0,Technology Group,53.0,Technology Industry,53.0,Technology Activity,53.0,1957.0
SYN2083.X,SY0000002083,Synthetic Firm 2083,Germany,Germany,Technology,53.0,Technology Services,53.0,Technology Group,53.0,Technology Industry,53.0,Technology Activity,53.0,1955.0
SYN2084.X,SY0000002084,Synthetic Firm 2084,United Kingdom,United Kingdom,Financials,50.0,Financials Services,50.0,Financials Group,50.0,Financials Industry,50.0,Financials Activity,50.0,1962.0
SYN2085.X,SY0000002085,Synthetic Firm 2085,United Kingdom,United Kingdom,Consumer Cyclicals,51.0,Consumer Cyclicals Services,51.0,Consumer Cyclicals Group,51.0,Consumer Cyclicals Industry,51.0,Consumer Cyclicals Activity,51.0,2017.0
SYN2086.X,SY0000002086,Synthetic Firm 2086,Luxembourg,Luxembourg,Financials,50.0,Financials Services,50.0,Financials Group,50.0,Financials Industry,50.0,Financials Activity,50.0,1992.0
SYN2087.X,SY0000002087,Synthetic Firm 2087,Israel,Israel,Industrials,56.0,Industrials Services,56.0,Industrials Group,56.0,Industrials Industry,56.0,Industrials Activity,56.0,1972.0
SYN2088.X,SY0000002088,Synthetic Firm 2088,Denmark,Denmark,Financials,50.0,Financials Services,50.0,Financials Group,50.0,Financials Industry,50.0,Financials Activity,50.0,2020.0
SYN2089.X,SY0000002089,Synthetic Firm 2089,Belgium,Belgium,Basic Materials,59.0,Basic Materials Services,59.0,Basic Materials Group,59.0,Basic Materials Industry,59.0,Basic Materials Activity,59.0,1945.0
SYN2090.X,SY0000002090,Synthetic Firm 2090,Luxembourg,Luxembourg,Academic & Educational Services,60.0,Academic & Educational Services Services,60.0,Academic & Educational Services Group,60.0,Academic & Educational Services Industry,60.0,Academic & Educational Services Activity,60.0,2002.0
SYN2091.X,SY0000002091,Synthetic Firm 2091,France,France,Consumer Cyclicals,51.0,Consumer Cyclicals Services,51.0,Consumer Cyclicals Group,51.0,Consumer Cyclicals Industry,51.0,Consumer Cyclicals Activity,51.0,2005.0
SYN2092.X,SY0000002092,Synthetic Firm 2092,United Kingdom,United Kingdom,Financials,50.0,Financials Services,50.0,Financials Group,50.0,Financials Industry,50.0,Financials Activity,50.0,2014.0
SYN2093.X,SY0000002093,Synthetic Firm 2093,United Kingdom,United Kingdom,Financials,50.0,Financials Services,50.0,Financials Group,50.0,Financials Industry,50.0,Financials Activity,50.0,2021.0
SYN2094.X,SY0000002094,Synthetic Firm 2094,United Kingdom,United Kingdom,Healthcare,58.0,Healthcare Services,58.0,Healthcare Group,58.0,Healthcare Industry,58.0,Healthcare Activity,58.0,1982.0
SYN2095.X,SY0000002095,Synthetic Firm 2095,Italy,Italy,Financials,50.0,Financials Services,50.0,Financials Group,50.0,Financials Industry,50.0,Financials Activity,50.0,2019.0
SYN2096.X,SY0000002096,Synthetic Firm 2096,Switzerland,Switzerland,Consumer Cyclicals,51.0,Consumer Cyclicals Services,51.0,Consumer Cyclicals Group,51.0,Consumer Cyclicals Industry,51.0,Consumer Cyclicals Activity,51.0,2022.0
SYN2097.X,SY0000002097,Synthetic Firm 2097,Finland,Finland,Industrials,56.0,Industrials Services,56.0,Industrials Group,56.0,Industrials Industry,56.0,Industrials Activity,56.0,2014.0
SYN2098.X,SY0000002098,Synthetic Firm 2098,Greece,Greece,Industrials,56.0,Industrials Services,56.0,Industrials Group,56.0,Industrials Industry,56.0,Industrials Activity,56.0,1975.0
SYN2099.X,SY0000002099,Synthetic Firm 2099,United Kingdom,United Kingdom,Financials,50.0,Financials Services,50.0,Financials Group,50.0,Financials Industry,50.0,Financials Activity,50.0,2023.0
SYN2100.X,SY0000002100,Synthetic Firm 2100,Czechia,Czechia,Consumer Cyclicals,51.0,Consumer Cyclicals Services,51.0,Consumer Cyclicals Group,51.0,Consumer Cyclicals Industry,51.0,Consumer Cyclicals Activity,51.0,1980.0
SYN2101.X,SY0000002101,Synthetic Firm 2101,Sweden,Sweden,Healthcare,58.0,Healthcare Services,58.0,Healthcare Group,58.0,Healthcare Industry,58.0,Healthcare Activity,58.0,1994.0
SYN2102.X,SY0000002102,Synthetic Firm 2102,Sweden,Sweden,Healthcare,58.0,Healthcare Services,58.0,Healthcare Group,58.0,Healthcare Industry,58.0,Healthcare Activity,58.0,2004.0
SYN2103.X,SY0000002103,Synthetic Firm 2103,Switzerland,Switzerland,Consumer Non-Cyclicals,52.0,Consumer Non-Cyclicals Services,52.0,Consumer Non-Cyclicals Group,52.0,Consumer Non-Cyclicals Industry,52.0,Consumer Non-Cyclicals Activity,52.0,1929.0
SYN2104.X,SY0000002104,Synthetic Firm 2104,United Kingdom,United Kingdom,Healthcare,58.0,Healthcare Services,58.0,Healthcare Group,58.0,Healthcare Industry,58.0,Healthcare Activity,58.0,2009.0
SYN2105.X,SY0000002105,Synthetic Firm 2105,Germany,Germany,Financials,50.0,Financials Services,50.0,Financials Group,50.0,Financials Industry,50.0,Financials Activity,50.0,2017.0
SYN2106.X,SY0000002106,Synthetic Firm 2106,Switzerland,Switzerland,Consumer Cyclicals,51.0,Consumer Cyclicals Services,51.0,Consumer Cyclicals Group,51.0,Consumer Cyclicals Industry,51.0,Consumer Cyclicals Activity,51.0,1973.0
SYN2107.X,SY0000002107,Synthetic Firm 2107,Hungary,Hungary,Real Estate,55.0,Real Estate Services,55.0,Real Estate Group,55.0,Real Estate Industry,55.0,Real Estate Activity,55.0,1982.0
SYN2108.X,SY0000002108,Synthetic Firm 2108,Croatia,Croatia,Technology,53.0,Technology Services,53.0,Technology Group,53.0,Technology Industry,53.0,Technology Activity,53.0,1991.0
SYN2109.X,SY0000002109,Synthetic Firm 2109,Switzerland,Switzerland,Energy,54.0,Energy Services,54.0,Energy Group,54.0,Energy Industry,54.0,Energy Activity,54.0,1941.0
SYN2110.X,SY0000002110,Synthetic Firm 2110,Iceland,Iceland,Financials,50.0,Financials Services,50.0,Financials Group,50.0,Financials Industry,50.0,Financials Activity,50.0,0.0
SYN2111.X,SY0000002111,Synthetic Firm 2111,Poland,Poland,Utilities,57.0,Utilities Services,57.0,Utilities Group,57.0,Utilities Industry,57.0,Utilities Activity,57.0,1981.0
SYN2112.X,SY0000002112,Synthetic Firm 2112,Czechia,Czechia,Healthcare,58.0,Healthcare Services,58.0,Healthcare Group,58.0,Healthcare Industry,58.0,Healthcare Activity,58.0,1961.0
SYN2113.X,SY0000002113,Synthetic Firm 2113,Russia,Russia,Real Estate,55.0,Real Estate Services,55.0,Real Estate Group,55.0,Real Estate Industry,55.0,Real Estate Activity,55.0,2003.0
SYN2114.X,SY0000002114,Synthetic Firm 2114,Switzerland,Switzerland,Basic Materials,59.0,Basic Materials Services,59.0,Basic Materials Group,59.0,Basic Materials Industry,59.0,Basic Materials Activity,59.0,1973.0
SYN2115.X,SY0000002115,Synthetic Firm 2115,United Kingdom,United Kingdom,Basic Materials,59.0,Basic Materials Services,59.0,Basic Materials Group,59.0,Basic Materials Industry,59.0,Basic Materials Activity,59.0,1921.0
SYN2116.X,SY0000002116,Synthetic Firm 2116,United Kingdom,United Kingdom,Healthcare,58.0,Healthcare Services,58.0,Healthcare Group,58.0,Healthcare Industry,58.0,Healthcare Activity,58.0,1946.0
SYN2117.X,SY0000002117,Synthetic Firm 2117,Spain,Spain,Technology,53.0,Technology Services,53.0,Technology Group,53.0,Technology Industry,53.0,Technology Activity,53.0,1906.0
SYN2118.X,SY0000002118,Synthetic Firm 2118,Switzerland,Switzerland,Consumer Non-Cyclicals,52.0,Consumer Non-Cyclicals Services,52.0,Consumer Non-Cyclicals Group,52.0,Consumer Non-Cyclicals Industry,52.0,Consumer Non-Cyclicals Activity,52.0,2021.0
SYN2119.X,SY0000002119,Synthetic Firm 2119,Spain,Spain,Consumer Cyclicals,51.0,Consumer Cyclicals Services,51.0,Consumer Cyclicals Group,51.0,Consumer Cyclicals Industry,51.0,Consumer Cyclicals Activity,51.0,2020.0
SYN2120.X,SY0000002120,Synthetic Firm 2120,Netherlands,Netherlands,Consumer Cyclicals,51.0,Consumer Cyclicals Services,51.0,Consumer Cyclicals Group,51.0,Consumer Cyclicals Industry,51.0,Consumer Cyclicals Activity,51.0,0.0
SYN2121.X,SY0000002121,Synthetic Firm 2121,Czechia,Czechia,Consumer Non-Cyclicals,52.0,Consumer Non-Cyclicals Services,52.0,Consumer Non-Cyclicals Group,52.0,Consumer Non-Cyclicals Industry,52.0,Consumer Non-Cyclicals Activity,52.0,1973.0
SYN2122.X,SY0000002122,Synthetic Firm 2122,United Kingdom,United Kingdom,Industrials,56.0,Industrials Services,56.0,Industrials Group,56.0,Industrials Industry,56.0,Industrials Activity,56.0,1998.0
SYN2123.X,SY0000002123,Synthetic Firm 2123,Denmark,Denmark,Consumer Cyclicals,51.0,Consumer Cyclicals Services,51.0,Consumer Cyclicals Group,51.0,Consumer Cyclicals Industry,51.0,Consumer Cyclicals Activity,51.0,1981.0
SYN2124.X,SY0000002124,Synthetic Firm 2124,United Kingdom,United Kingdom,Industrials,56.0,Industrials Services,56.0,Industrials Group,56.0,Industrials Industry,56.0,Industrials Activity,56.0,1982.0
SYN2125.X,SY0000002125,Synthetic Firm 2125,Portugal,Portugal,Healthcare,58.0,Healthcare Services,58.0,Healthcare Group,58.0,Healthcare Industry,58.0,Healthcare Activity,58.0,1966.0
SYN2126.X,SY0000002126,Synthetic Firm 2126,United Kingdom,United Kingdom,Real Estate,55.0,Real Estate Services,55.0,Real Estate Group,55.0,Real Estate Industry,55.0,Real Estate Activity,55.0,0.0
SYN2127.X,SY0000002127,Synthetic Firm 2127,Sweden,Sweden,Technology,53.0,Technology Services,53.0,Technology Group,53.0,Technology Industry,53.0,Technology Activity,53.0,2011.0
SYN2128.X,SY0000002128,Synthetic Firm 2128,Germany,Germany,Consumer Cyclicals,51.0,Consumer Cyclicals Services,51.0,Consumer Cyclicals Group,51.0,Consumer Cyclicals Industry,51.0,Consumer Cyclicals Activity,51.0,1937.0
SYN2129.X,SY0000002129,Synthetic Firm 2129,Switzerland,Switzerland,Consumer Cyclicals,51.0,Consumer Cyclicals Services,51.0,Consumer Cyclicals Group,51.0,Consumer Cyclicals Industry,51.0,Consumer Cyclicals Activity,51.0,1969.0
SYN2130.X,SY0000002130,Synthetic Firm 2130,Luxembourg,Luxembourg,Financials,50.0,Financials Services,50.0,Financials Group,50.0,Financials Industry,50.0,Financials Activity,50.0,1986.0
SYN2131.X,SY0000002131,Synthetic Firm 2131,United Kingdom,United Kingdom,Basic Materials,59.0,Basic Materials Services,59.0,Basic Materials Group,59.0,Basic Materials Industry,59.0,Basic Materials Activity,59.0,1969.0
SYN2132.X,SY0000002132,Synthetic Firm 2132,Sweden,Sweden,Technology,53.0,Technology Services,53.0,Technology Group,53.0,Technology Industry,53.0,Technology Activity,53.0,1999.0
SYN2133.X,SY0000002133,Synthetic Firm 2133,Portugal,Portugal,Consumer Cyclicals,51.0,Consumer Cyclicals Services,51.0,Consumer Cyclicals Group,51.0,Consumer Cyclicals Industry,51.0,Consumer Cyclicals Activity,51.0,1991.0
SYN2134.X,SY0000002134,Synthetic Firm 2134,Finland,Finland,Industrials,56.0,Industrials Services,56.0,Industrials Group,56.0,Industrials Industry,56.0,Industrials Activity,56.0,1968.0
SYN2135.X,SY0000002135,Synthetic Firm 2135,France,France,Consumer Cyclicals,51.0,Consumer Cyclicals Services,51.0,Consumer Cyclicals Group,51.0,Consumer Cyclicals Industry,51.0,Consumer Cyclicals Activity,51.0,1928.0
SYN2136.X,SY0000002136,Synthetic Firm 2136,Finland,Finland,Basic Materials,59.0,Basic Materials Services,59.0,Basic Materials Group,59.0,Basic Materials Industry,59.0,Basic Materials Activity,59.0,1960.0
SYN2137.X,SY0000002137,Synthetic Firm 2137,Italy,Italy,Healthcare,58.0,Healthcare Services,58.0,Healthcare Group,58.0,Healthcare Industry,58.0,Healthcare Activity,58.0,2003.0
SYN2138.X,SY0000002138,Synthetic Firm 2138,United Kingdom,United Kingdom,Technology,53.0,Technology Services,53.0,Technology Group,53.0,Technology Industry,53.0,Technology Activity,53.0,1962.0
SYN2139.X,SY0000002139,Synthetic Firm 2139,United Kingdom,United Kingdom,Technology,53.0,Technology Services,53.0,Technology Group,53.0,Technology Industry,53.0,Technology Activity,53.0,1969.0
SYN2140.X,SY0000002140,Synthetic Firm 2140,Sweden,Sweden,Consumer Cyclicals,51.0,Consumer Cyclicals Services,51.0,Consumer Cyclicals Group,51.0,Consumer Cyclicals Industry,51.0,Consumer Cyclicals Activity,51.0,1981.0
SYN2141.X,SY0000002141,Synthetic Firm 2141,United Kingdom,United Kingdom,Consumer Cyclicals,51.0,Consumer Cyclicals Services,51.0,Consumer Cyclicals Group,51.0,Consumer Cyclicals Industry,51.0,Consumer Cyclicals Activity,51.0,2001.0
SYN2142.X,SY0000002142,Synthetic Firm 2142,Belgium,Belgium,Consumer Non-Cyclicals,52.0,Consumer Non-Cyclicals Services,52.0,Consumer Non-Cyclicals Group,52.0,Consumer Non-Cyclicals Industry,52.0,Consumer Non-Cyclicals Activity,52.0,2007.0
SYN2143.X,SY0000002143,Synthetic Firm 2143,Austria,Austria,Financials,50.0,Financials Services,50.0,Financials Group,50.0,Financials Industry,50.0,Financials Activity,50.0,1990.0
SYN2144.X,SY0000002144,Synthetic Firm 2144,Ireland,Ireland,Financials,50.0,Financials Services,50.0,Financials Group,50.0,Financials Industry,50.0,Financials Activity,50.0,0.0
SYN2145.X,SY0000002145,Synthetic Firm 2145,United Kingdom,United Kingdom,Technology,53.0,Technology Services,53.0,Technology Group,53.0,Technology Industry,53.0,Technology Activity,53.0,2018.0
SYN2146.X,SY0000002146,Synthetic Firm 2146,Switzerland,Switzerland,Consumer Cyclicals,51.0,Consumer Cyclicals Services,51.0,Consumer Cyclicals Group,51.0,Consumer Cyclicals Industry,51.0,Consumer Cyclicals Activity,51.0,1985.0
SYN2147.X,SY0000002147,Synthetic Firm 2147,Turkey,Turkey,Academic & Educational Services,60.0,Academic & Educational Services Services,60.0,Academic & Educational Services Group,60.0,Academic & Educational Services Industry,60.0,Academic & Educational Services Activity,60.0,1955.0
SYN2148.X,SY0000002148,Synthetic Firm 2148,Spain,Spain,Financials,50.0,Financials Services,50.0,Financials Group,50.0,Financials Industry,50.0,Financials Activity,50.0,1966.0
SYN2149.X,SY0000002149,Synthetic Firm 2149,United Kingdom,United Kingdom,Technology,53.0,Technology Services,53.0,Technology Group,53.0,Technology Industry,53.0,Technology Activity,53.0,2024.0
SYN2150.X,SY0000002150,Synthetic Firm 2150,Portugal,Portugal,Energy,54.0,Energy Services,54.0,Energy Group,54.0,Energy Industry,54.0,Energy Activity,54.0,1975.0
SYN2151.X,SY0000002151,Synthetic Firm 2151,Belgium,Belgium,Basic Materials,59.0,Basic Materials Services,59.0,Basic Materials Group,59.0,Basic Materials Industry,59.0,Basic Materials Activity,59.0,2003.0
SYN2152.X,SY0000002152,Synthetic Firm 2152,France,France,Basic Materials,59.0,Basic Materials Services,59.0,Basic Materials Group,59.0,Basic Materials Industry,59.0,Basic Materials Activity,59.0,1989.0
SYN2153.X,SY0000002153,Synthetic Firm 2153,France,France,Industrials,56.0,Industrials Services,56.0,Industrials Group,56.0,Industrials Industry,56.0,Industrials Activity,56.0,1982.0
SYN2154.X,SY0000002154,Synthetic Firm 2154,Sweden,Sweden,Financials,50.0,Financials Services,50.0,Financials Group,50.0,Financials Industry,50.0,Financials Activity,50.0,2018.0
SYN2155.X,SY0000002155,Synthetic Firm 2155,United Kingdom,United Kingdom,Industrials,56.0,Industrials Services,56.0,Industrials Group,56.0,Industrials Industry,56.0,Industrials Activity,56.0,1962.0
SYN2156.X,SY0000002156,Synthetic Firm 2156,Switzerland,Switzerland,Energy,54.0,Energy Services,54.0,Energy Group,54.0,Energy Industry,54.0,Energy Activity,54.0,2000.0
SYN2157.X,SY0000002157,Synthetic Firm 2157,Sweden,Sweden,Consumer Cyclicals,51.0,Consumer Cyclicals Services,51.0,Consumer Cyclicals Group,51.0,Consumer Cyclicals Industry,51.0,Consumer Cyclicals Activity,51.0,2006.0
SYN2158.X,SY0000002158,Synthetic Firm 2158,United Kingdom,United Kingdom,Technology,53.0,Technology Services,53.0,Technology Group,53.0,Technology Industry,53.0,Technology Activity,53.0,2005.0
SYN2159.X,SY0000002159,Synthetic Firm 2159,United Kingdom,United Kingdom,Technology,53.0,Technology Services,53.0,Technology Group,53.0,Technology Industry,53.0,Technology Activity,53.0,2020.0
SYN2160.X,SY0000002160,Synthetic Firm 2160,United Kingdom,United Kingdom,Industrials,56.0,Industrials Services,56.0,Industrials Group,56.0,Industrials Industry,56.0,Industrials Activity,56.0,2021.0
SYN2161.X,SY0000002161,Synthetic Firm 2161,Portugal,Portugal,Financials,50.0,Financials Services,50.0,Financials Group,50.0,Financials Industry,50.0,Financials Activity,50.0,2022.0
SYN2162.X,SY0000002162,Synthetic Firm 2162,Germany,Germany,Technology,53.0,Technology Services,53.0,Technology Group,53.0,Technology Industry,53.0,Technology Activity,53.0,2011.0
SYN2163.X,SY0000002163,Synthetic Firm 2163,Sweden,Sweden,Real Estate,55.0,Real Estate Services,55.0,Real Estate Group,55.0,Real Estate Industry,55.0,Real Estate Activity,55.0,1975.0
SYN2164.X,SY0000002164,Synthetic Firm 2164,Portugal,Portugal,Industrials,56.0,Industrials Services,56.0,Industrials Group,56.0,Industrials Industry,56.0,Industrials Activity,56.0,0.0
SYN2165.X,SY0000002165,Synthetic Firm 2165,France,France,Real Estate,55.0,Real Estate Services,55.0,Real Estate Group,55.0,Real Estate Industry,55.0,Real Estate Activity,55.0,1962.0
SYN2166.X,SY0000002166,Synthetic Firm 2166,Finland,Finland,Financials,50.0,Financials Services,50.0,Financials Group,50.0,Financials Industry,50.0,Financials Activity,50.0,2002.0
SYN2167.X,SY0000002167,Synthetic Firm 2167,Romania,Romania,Energy,54.0,Energy Services,54.0,Energy Group,54.0,Energy Industry,54.0,Energy Activity,54.0,1996.0
SYN2168.X,SY0000002168,Synthetic Firm 2168,France,France,Industrials,56.0,Industrials Services,56.0,Industrials Group,56.0,Industrials Industry,56.0,Industrials Activity,56.0,1975.0
SYN2169.X,SY0000002169,Synthetic Firm 2169,United Kingdom,United Kingdom,Consumer Non-Cyclicals,52.0,Consumer Non-Cyclicals Services,52.0,Consumer Non-Cyclicals Group,52.0,Consumer Non-Cyclicals Industry,52.0,Consumer Non-Cyclicals Activity,52.0,1964.0
SYN2170.X,SY0000002170,Synthetic Firm 2170,Luxembourg,Luxembourg,Basic Materials,59.0,Basic Materials Services,59.0,Basic Materials Group,59.0,Basic Materials Industry,59.0,Basic Materials Activity,59.0,1972.0
SYN2171.X,SY0000002171,Synthetic Firm 2171,Germany,Germany,Financials,50.0,Financials Services,50.0,Financials Group,50.0,Financials Industry,50.0,Financials Activity,50.0,2005.0
SYN2172.X,SY0000002172,Synthetic Firm 2172,France,France,Utilities,57.0,Utilities Services,57.0,Utilities Group,57.0,Utilities Industry,57.0,Utilities Activity,57.0,1994.0
SYN2173.X,SY0000002173,Synthetic Firm 2173,Belgium,Belgium,Financials,50.0,Financials Services,50.0,Financials Group,50.0,Financials Industry,50.0,Financials Activity,50.0,1952.0
SYN2174.X,SY0000002174,Synthetic Firm 2174,United Kingdom,United Kingdom,Consumer Cyclicals,51.0,Consumer Cyclicals Services,51.0,Consumer Cyclicals Group,51.0,Consumer Cyclicals Industry,51.0,Consumer Cyclicals Activity,51.0,2022.0
SYN2175.X,SY0000002175,Synthetic Firm 2175,France,France,Basic Materials,59.0,Basic Materials Services,59.0,Basic Materials Group,59.0,Basic Materials Industry,59.0,Basic Materials Activity,59.0,0.0
SYN2176.X,SY0000002176,Synthetic Firm 2176,United Kingdom,United Kingdom,Industrials,56.0,Industrials Services,56.0,Industrials Group,56.0,Industrials Industry,56.0,Industrials Activity,56.0,1967.0
SYN2177.X,SY0000002177,Synthetic Firm 2177,United Kingdom,United Kingdom,Financials,50.0,Financials Services,50.0,Financials Group,50.0,Financials Industry,50.0,Financials Activity,50.0,1934.0
SYN2178.X,SY0000002178,Synthetic Firm 2178,Belgium,Belgium,Industrials,56.0,Industrials Services,56.0,Industrials Group,56.0,Industrials Industry,56.0,Industrials Activity,56.0,2008.0
SYN2179.X,SY0000002179,Synthetic Firm 2179,Russia,Russia,Technology,53.0,Technology Services,53.0,Technology Group,53.0,Technology Industry,53.0,Technology Activity,53.0,1976.0
SYN2180.X,SY0000002180,Synthetic Firm 2180,Norway,Norway,Energy,54.0,Energy Services,54.0,Energy Group,54.0,Energy Industry,54.0,Energy Activity,54.0,2004.0
SYN2181.X,SY0000002181,Synthetic Firm 2181,Sweden,Sweden,Financials,50.0,Financials Services,50.0,Financials Group,50.0,Financials Industry,50.0,Financials Activity,50.0,2018.0
SYN2182.X,SY0000002182,Synthetic Firm 2182,Sweden,Sweden,Financials,50.0,Financials Services,50.0,Financials Group,50.0,Financials Industry,50.0,Financials Activity,50.0,2005.0
SYN2183.X,SY0000002183,Synthetic Firm 2183,United Kingdom,United Kingdom,Industrials,56.0,Industrials Services,56.0,Industrials Group,56.0,Industrials Industry,56.0,Industrials Activity,56.0,2007.0
SYN2184.X,SY0000002184,Synthetic Firm 2184,United Kingdom,United Kingdom,Industrials,56.0,Industrials Services,56.0,Industrials Group,56.0,Industrials Industry,56.0,Industrials Activity,56.0,2019.0
SYN2185.X,SY0000002185,Synthetic Firm 2185,Netherlands,Netherlands,Consumer Cyclicals,51.0,Consumer Cyclicals Services,51.0,Consumer Cyclicals Group,51.0,Consumer Cyclicals Industry,51.0,Consumer Cyclicals Activity,51.0,1972.0
SYN2186.X,SY0000002186,Synthetic Firm 2186,France,France,Energy,54.0,Energy Services,54.0,Energy Group,54.0,Energy Industry,54.0,Energy Activity,54.0,1973.0
SYN2187.X,SY0000002187,Synthetic Firm 2187,Switzerland,Switzerland,Technology,53.0,Technology Services,53.0,Technology Group,53.0,Technology Industry,53.0,Technology Activity,53.0,2020.0
SYN2188.X,SY0000002188,Synthetic Firm 2188,Turkey,Turkey,Basic Materials,59.0,Basic Materials Services,59.0,Basic Materials Group,59.0,Basic Materials Industry,59.0,Basic Materials Activity,59.0,2012.0
SYN2189.X,SY0000002189,Synthetic Firm 2189,United Kingdom,United Kingdom,Consumer Non-Cyclicals,52.0,Consumer Non-Cyclicals Services,52.0,Consumer Non-Cyclicals Group,52.0,Consumer Non-Cyclicals Industry,52.0,Consumer Non-Cyclicals Activity,52.0,1964.0
SYN2190.X,SY0000002190,Synthetic Firm 2190,Germany,Germany,Industrials,56.0,Industrials Services,56.0,Industrials Group,56.0,Industrials Industry,56.0,Industrials Activity,56.0,2001.0
SYN2191.X,SY0000002191,Synthetic Firm 2191,Norway,Norway,Real Estate,55.0,Real Estate Services,55.0,Real Estate Group,55.0,Real Estate Industry,55.0,Real Estate Activity,55.0,1956.0
SYN2192.X,SY0000002192,Synthetic Firm 2192,Germany,Germany,Consumer Cyclicals,51.0,Consumer Cyclicals Services,51.0,Consumer Cyclicals Group,51.0,Consumer Cyclicals Industry,51.0,Consumer Cyclicals Activity,51.0,1944.0
SYN2193.X,SY0000002193,Synthetic Firm 2193,United Kingdom,United Kingdom,Energy,54.0,Energy Services,54.0,Energy Group,54.0,Energy Industry,54.0,Energy Activity,54.0,1994.0
SYN2194.X,SY0000002194,Synthetic Firm 2194,United Kingdom,United Kingdom,Basic Materials,59.0,Basic Materials Services,59.0,Basic Materials Group,59.0,Basic Materials Industry,59.0,Basic Materials Activity,59.0,1947.0
SYN2195.X,SY0000002195,Synthetic Firm 2195,Sweden,Sweden,Industrials,56.0,Industrials Services,56.0,Industrials Group,56.0,Industrials Industry,56.0,Industrials Activity,56.0,0.0
SYN2196.X,SY0000002196,Synthetic Firm 2196,United Kingdom,United Kingdom,Real Estate,55.0,Real Estate Services,55.0,Real Estate Group,55.0,Real Estate Industry,55.0,Real Estate Activity,55.0,1968.0
SYN2197.X,SY0000002197,Synthetic Firm 2197,Switzerland,Switzerland,Industrials,56.0,Industrials Services,56.0,Industrials Group,56.0,Industrials Industry,56.0,Industrials Activity,56.0,0.0
SYN2198.X,SY0000002198,Synthetic Firm 2198,Luxembourg,Luxembourg,Financials,50.0,Financials Services,50.0,Financials Group,50.0,Financials Industry,50.0,Financials Activity,50.0,2001.0
SYN2199.X,SY0000002199,Synthetic Firm 2199,United Kingdom,United Kingdom,Technology,53.0,Technology Services,53.0,Technology Group,53.0,Technology Industry,53.0,Technology Activity,53.0,1969.0
SYN2200.X,SY0000002200,Synthetic Firm 2200,United Kingdom,United Kingdom,Financials,50.0,Financials Services,50.0,Financials Group,50.0,Financials Industry,50.0,Financials Activity,50.0,0.0
SYN2201.X,SY0000002201,Synthetic Firm 2201,France,France,Consumer Cyclicals,51.0,Consumer Cyclicals Services,51.0,Consumer Cyclicals Group,51.0,Consumer Cyclicals Industry,51.0,Consumer Cyclicals Activity,51.0,2010.0
SYN2202.X,SY0000002202,Synthetic Firm 2202,Germany,Germany,Industrials,56.0,Industrials Services,56.0,Industrials Group,56.0,Industrials Industry,56.0,Industrials Activity,56.0,1970.0
SYN2203.X,SY0000002203,Synthetic Firm 2203,United Kingdom,United Kingdom,Consumer Cyclicals,51.0,Consumer Cyclicals Services,51.0,Consumer Cyclicals Group,51.0,Consumer Cyclicals Industry,51.0,Consumer Cyclicals Activity,51.0,2021.0
SYN2204.X,SY0000002204,Synthetic Firm 2204,Romania,Romania,Industrials,56.0,Industrials Services,56.0,Industrials Group,56.0,Industrials Industry,56.0,Industrials Activity,56.0,1978.0
SYN2205.X,SY0000002205,Synthetic Firm 2205,United Kingdom,United Kingdom,Consumer Cyclicals,51.0,Consumer Cyclicals Services,51.0,Consumer Cyclicals Group,51.0,Consumer Cyclicals Industry,51.0,Consumer Cyclicals Activity,51.0,2020.0
SYN2206.X,SY0000002206,Synthetic Firm 2206,Spain,Spain,Real Estate,55.0,Real Estate Services,55.0,Real Estate Group,55.0,Real Estate Industry,55.0,Real Estate Activity,55.0,1991.0
SYN2207.X,SY0000002207,Synthetic Firm 2207,United Kingdom,United Kingdom,Healthcare,58.0,Healthcare Services,58.0,Healthcare Group,58.0,Healthcare Industry,58.0,Healthcare Activity,58.0,2023.0
SYN2208.X,SY0000002208,Synthetic Firm 2208,France,France,Healthcare,58.0,Healthcare Services,58.0,Healthcare Group,58.0,Healthcare Industry,58.0,Healthcare Activity,58.0,2010.0
SYN2209.X,SY0000002209,Synthetic Firm 2209,France,France,Industrials,56.0,Industrials Services,56.0,Industrials Group,56.0,Industrials Industry,56.0,Industrials Activity,56.0,2023.0
SYN2210.X,SY0000002210,Synthetic Firm 2210,United Kingdom,United Kingdom,Real Estate,55.0,Real Estate Services,55.0,Real Estate Group,55.0,Real Estate Industry,55.0,Real Estate Activity,55.0,2013.0
SYN2211.X,SY0000002211,Synthetic Firm 2211,United Kingdom,United Kingdom,Industrials,56.0,Industrials Services,56.0,Industrials Group,56.0,Industrials Industry,56.0,Industrials Activity,56.0,2024.0
SYN2212.X,SY0000002212,Synthetic Firm 2212,United Kingdom,United Kingdom,Industrials,56.0,Industrials Services,56.0,Industrials Group,56.0,Industrials Industry,56.0,Industrials Activity,56.0,2018.0
SYN2213.X,SY0000002213,Synthetic Firm 2213,Turkey,Turkey,Financials,50.0,Financials Services,50.0,Financials Group,50.0,Financials Industry,50.0,Financials Activity,50.0,2015.0
SYN2214.X,SY0000002214,Synthetic Firm 2214,United Kingdom,United Kingdom,Technology,53.0,Technology Services,53.0,Technology Group,53.0,Technology Industry,53.0,Technology Activity,53.0,2008.0
SYN2215.X,SY0000002215,Synthetic Firm 2215,United Kingdom,United Kingdom,Basic Materials,59.0,Basic Materials Services,59.0,Basic Materials Group,59.0,Basic Materials Industry,59.0,Basic Materials Activity,59.0,2013.0
SYN2216.X,SY0000002216,Synthetic Firm 2216,United Kingdom,United Kingdom,Consumer Non-Cyclicals,52.0,Consumer Non-Cyclicals Services,52.0,Consumer Non-Cyclicals Group,52.0,Consumer Non-Cyclicals Industry,52.0,Consumer Non-Cyclicals Activity,52.0,2020.0
SYN2217.X,SY0000002217,Synthetic Firm 2217,United Kingdom,United Kingdom,Consumer Cyclicals,51.0,Consumer Cyclicals Services,51.0,Consumer Cyclicals Group,51.0,Consumer Cyclicals Industry,51.0,Consumer Cyclicals Activity,51.0,2005.0
SYN2218.X,SY0000002218,Synthetic Firm 2218,Russia,Russia,Industrials,56.0,Industrials Services,56.0,Industrials Group,56.0,Industrials Industry,56.0,Industrials Activity,56.0,1986.0
SYN2219.X,SY0000002219,Synthetic Firm 2219,Iceland,Iceland,Utilities,57.0,Utilities Services,57.0,Utilities Group,57.0,Utilities Industry,57.0,Utilities Activity,57.0,1995.0
SYN2220.X,SY0000002220,Synthetic Firm 2220,France,France,Industrials,56.0,Industrials Services,56.0,Industrials Group,56.0,Industrials Industry,56.0,Industrials Activity,56.0,1962.0
SYN2221.X,SY0000002221,Synthetic Firm 2221,United Kingdom,United Kingdom,Financials,50.0,Financials Services,50.0,Financials Group,50.0,Financials Industry,50.0,Financials Activity,50.0,2025.0
SYN2222.X,SY0000002222,Synthetic Firm 2222,Finland,Finland,Industrials,56.0,Industrials Services,56.0,Industrials Group,56.0,Industrials Industry,56.0,Industrials Activity,56.0,2015.0
SYN2223.X,SY0000002223,Synthetic Firm 2223,Russia,Russia,Energy,54.0,Energy Services,54.0,Energy Group,54.0,Energy Industry,54.0,Energy Activity,54.0,2006.0
SYN2224.X,SY0000002224,Synthetic Firm 2224,Iceland,Iceland,Consumer Cyclicals,51.0,Consumer Cyclicals Services,51.0,Consumer Cyclicals Group,51.0,Consumer Cyclicals Industry,51.0,Consumer Cyclicals Activity,51.0,1995.0
SYN2225.X,SY0000002225,Synthetic Firm 2225,Belgium,Belgium,Consumer Non-Cyclicals,52.0,Consumer Non-Cyclicals Services,52.0,Consumer Non-Cyclicals Group,52.0,Consumer Non-Cyclicals Industry,52.0,Consumer Non-Cyclicals Activity,52.0,1977.0
SYN2226.X,SY0000002226,Synthetic Firm 2226,Russia,Russia,Consumer Cyclicals,51.0,Consumer Cyclicals Services,51.0,Consumer Cyclicals Group,51.0,Consumer Cyclicals Industry,51.0,Consumer Cyclicals Activity,51.0,1968.0
SYN2227.X,SY0000002227,Synthetic Firm 2227,France,France,Industrials,56.0,Industrials Services,56.0,Industrials Group,56.0,Industrials Industry,56.0,Industrials Activity,56.0,1982.0
SYN2228.X,SY0000002228,Synthetic Firm 2228,Hungary,Hungary,Healthcare,58.0,Healthcare Services,58.0,Healthcare Group,58.0,Healthcare Industry,58.0,Healthcare Activity,58.0,1973.0
SYN2229.X,SY0000002229,Synthetic Firm 2229,United Kingdom,United Kingdom,Consumer Cyclicals,51.0,Consumer Cyclicals Services,51.0,Consumer Cyclicals Group,51.0,Consumer Cyclicals Industry,51.0,Consumer Cyclicals Activity,51.0,1983.0
SYN2230.X,SY0000002230,Synthetic Firm 2230,France,France,Technology,53.0,Technology Services,53.0,Technology Group,53.0,Technology Industry,53.0,Technology Activity,53.0,1997.0
SYN2231.X,SY0000002231,Synthetic Firm 2231,United Kingdom,United Kingdom,Consumer Cyclicals,51.0,Consumer Cyclicals Services,51.0,Consumer Cyclicals Group,51.0,Consumer Cyclicals Industry,51.0,Consumer Cyclicals Activity,51.0,0.0
SYN2232.X,SY0000002232,Synthetic Firm 2232,United Kingdom,United Kingdom,Basic Materials,59.0,Basic Materials Services,59.0,Basic Materials Group,59.0,Basic Materials Industry,59.0,Basic Materials Activity,59.0,1994.0
SYN2233.X,SY0000002233,Synthetic Firm 2233,Russia,Russia,Consumer Cyclicals,51.0,Consumer Cyclicals Services,51.0,Consumer Cyclicals Group,51.0,Consumer Cyclicals Industry,51.0,Consumer Cyclicals Activity,51.0,2022.0
SYN2234.X,SY0000002234,Synthetic Firm 2234,United Kingdom,United Kingdom,Healthcare,58.0,Healthcare Services,58.0,Healthcare Group,58.0,Healthcare Industry,58.0,Healthcare Activity,58.0,1993.0
SYN2235.X,SY0000002235,Synthetic Firm 2235,Sweden,Sweden,Basic Materials,59.0,Basic Materials Services,59.0,Basic Materials Group,59.0,Basic Materials Industry,59.0,Basic Materials Activity,59.0,1953.0
SYN2236.X,SY0000002236,Synthetic Firm 2236,Sweden,Sweden,Consumer Cyclicals,51.0,Consumer Cyclicals Services,51.0,Consumer Cyclicals Group,51.0,Consumer Cyclicals Industry,51.0,Consumer Cyclicals Activity,51.0,2014.0
SYN2237.X,SY0000002237,Synthetic Firm 2237,United Kingdom,United Kingdom,Consumer Non-Cyclicals,52.0,Consumer Non-Cyclicals Services,52.0,Consumer Non-Cyclicals Group,52.0,Consumer Non-Cyclicals Industry,52.0,Consumer Non-Cyclicals Activity,52.0,1956.0
SYN2238.X,SY0000002238,Synthetic Firm 2238,United Kingdom,United Kingdom,Industrials,56.0,Industrials Services,56.0,Industrials Group,56.0,Industrials Industry,56.0,Industrials Activity,56.0,1951.0
SYN2239.X,SY0000002239,Synthetic Firm 2239,Belgium,Belgium,Technology,53.0,Technology Services,53.0,Technology Group,53.0,Technology Industry,53.0,Technology Activity,53.0,1938.0
SYN2240.X,SY0000002240,Synthetic Firm 2240,United Kingdom,United Kingdom,Real Estate,55.0,Real Estate Services,55.0,Real Estate Group,55.0,Real Estate Industry,55.0,Real Estate Activity,55.0,2012.0
SYN2241.X,SY0000002241,Synthetic Firm 2241,Sweden,Sweden,Industrials,56.0,Industrials Services,56.0,Industrials Group,56.0,Industrials Industry,56.0,Industrials Activity,56.0,2023.0
SYN2242.X,SY0000002242,Synthetic Firm 2242,Russia,Russia,Consumer Non-Cyclicals,52.0,Consumer Non-Cyclicals Services,52.0,Consumer Non-Cyclicals Group,52.0,Consumer Non-Cyclicals Industry,52.0,Consumer Non-Cyclicals Activity,52.0,1965.0
SYN2243.X,SY0000002243,Synthetic Firm 2243,Estonia,Estonia,Financials,50.0,Financials Services,50.0,Financials Group,50.0,Financials Industry,50.0,Financials Activity,50.0,2013.0
SYN2244.X,SY0000002244,Synthetic Firm 2244,Sweden,Sweden,Healthcare,58.0,Healthcare Services,58.0,Healthcare Group,58.0,Healthcare Industry,58.0,Healthcare Activity,58.0,1966.0
SYN2245.X,SY0000002245,Synthetic Firm 2245,Turkey,Turkey,Real Estate,55.0,Real Estate Services,55.0,Real Estate Group,55.0,Real Estate Industry,55.0,Real Estate Activity,55.0,2005.0
SYN2246.X,SY0000002246,Synthetic Firm 2246,United Kingdom,United Kingdom,Financials,50.0,Financials Services,50.0,Financials Group,50.0,Financials Industry,50.0,Financials Activity,50.0,1982.0
SYN2247.X,SY0000002247,Synthetic Firm 2247,Germany,Germany,Financials,50.0,Financials Services,50.0,Financials Group,50.0,Financials Industry,50.0,Financials Activity,50.0,1979.0
SYN2248.X,SY0000002248,Synthetic Firm 2248,France,France,Utilities,57.0,Utilities Services,57.0,Utilities Group,57.0,Utilities Industry,57.0,Utilities Activity,57.0,0.0
SYN2249.X,SY0000002249,Synthetic Firm 2249,France,France,Real Estate,55.0,Real Estate Services,55.0,Real Estate Group,55.0,Real Estate Industry,55.0,Real Estate Activity,55.0,1976.0
SYN2250.X,SY0000002250,Synthetic Firm 2250,Germany,Germany,Healthcare,58.0,Healthcare Services,58.0,Healthcare Group,58.0,Healthcare Industry,58.0,Healthcare Activity,58.0,2000.0
SYN2251.X,SY0000002251,Synthetic Firm 2251,Czechia,Czechia,Real Estate,55.0,Real Estate Services,55.0,Real Estate Group,55.0,Real Estate Industry,55.0,Real Estate Activity,55.0,2005.0
SYN2252.X,SY0000002252,Synthetic Firm 2252,Iceland,Iceland,Technology,53.0,Technology Services,53.0,Technology Group,53.0,Technology Industry,53.0,Technology Activity,53.0,1981.0
SYN2253.X,SY0000002253,Synthetic Firm 2253,Switzerland,Switzerland,Consumer Non-Cyclicals,52.0,Consumer Non-Cyclicals Services,52.0,Consumer Non-Cyclicals Group,52.0,Consumer Non-Cyclicals Industry,52.0,Consumer Non-Cyclicals Activity,52.0,1954.0
SYN2254.X,SY0000002254,Synthetic Firm 2254,United Kingdom,United Kingdom,Healthcare,58.0,Healthcare Services,58.0,Healthcare Group,58.0,Healthcare Industry,58.0,Healthcare Activity,58.0,1969.0
SYN2255.X,SY0000002255,Synthetic Firm 2255,United Kingdom,United Kingdom,Financials,50.0,Financials Services,50.0,Financials Group,50.0,Financials Industry,50.0,Financials Activity,50.0,1983.0
SYN2256.X,SY0000002256,Synthetic Firm 2256,Sweden,Sweden,Consumer Cyclicals,51.0,Consumer Cyclicals Services,51.0,Consumer Cyclicals Group,51.0,Consumer Cyclicals Industry,51.0,Consumer Cyclicals Activity,51.0,2012.0
SYN2257.X,SY0000002257,Synthetic Firm 2257,United Kingdom,United Kingdom,Financials,50.0,Financials Services,50.0,Financials Group,50.0,Financials Industry,50.0,Financials Activity,50.0,2016.0
SYN2258.X,SY0000002258,Synthetic Firm 2258,United Kingdom,United Kingdom,Industrials,56.0,Industrials Services,56.0,Industrials Group,56.0,Industrials Industry,56.0,Industrials Activity,56.0,1979.0
SYN2259.X,SY0000002259,Synthetic Firm 2259,Germany,Germany,Technology,53.0,Technology Services,53.0,Technology Group,53.0,Technology Industry,53.0,Technology Activity,53.0,0.0
SYN2260.X,SY0000002260,Synthetic Firm 2260,Italy,Italy,Financials,50.0,Financials Services,50.0,Financials Group,50.0,Financials Industry,50.0,Financials Activity,50.0,1986.0
SYN2261.X,SY0000002261,Synthetic Firm 2261,Germany,Germany,Consumer Cyclicals,51.0,Consumer Cyclicals Services,51.0,Consumer Cyclicals Group,51.0,Consumer Cyclicals Industry,51.0,Consumer Cyclicals Activity,51.0,2013.0
SYN2262.X,SY0000002262,Synthetic Firm 2262,United Kingdom,United Kingdom,Financials,50.0,Financials Services,50.0,Financials Group,50.0,Financials Industry,50.0,Financials Activity,50.0,2016.0
SYN2263.X,SY0000002263,Synthetic Firm 2263,Switzerland,Switzerland,Financials,50.0,Financials Services,50.0,Financials Group,50.0,Financials Industry,50.0,Financials Activity,50.0,1982.0
SYN2264.X,SY0000002264,Synthetic Firm 2264,Russia,Russia,Industrials,56.0,Industrials Services,56.0,Industrials Group,56.0,Industrials Industry,56.0,Industrials Activity,56.0,2006.0
SYN2265.X,SY0000002265,Synthetic Firm 2265,Italy,Italy,Financials,50.0,Financials Services,50.0,Financials Group,50.0,Financials Industry,50.0,Financials Activity,50.0,2006.0
SYN2266.X,SY0000002266,Synthetic Firm 2266,Switzerland,Switzerland,Consumer Non-Cyclicals,52.0,Consumer Non-Cyclicals Services,52.0,Consumer Non-Cyclicals Group,52.0,Consumer Non-Cyclicals Industry,52.0,Consumer Non-Cyclicals Activity,52.0,1981.0
SYN2267.X,SY0000002267,Synthetic Firm 2267,Luxembourg,Luxembourg,Industrials,56.0,Industrials Services,56.0,Industrials Group,56.0,Industrials Industry,56.0,Industrials Activity,56.0,1988.0
SYN2268.X,SY0000002268,Synthetic Firm 2268,Belgium,Belgium,Consumer Non-Cyclicals,52.0,Consumer Non-Cyclicals Services,52.0,Consumer Non-Cyclicals Group,52.0,Consumer Non-Cyclicals Industry,52.0,Consumer Non-Cyclicals Activity,52.0,2014.0
SYN2269.X,SY0000002269,Synthetic Firm 2269,Poland,Poland,Industrials,56.0,Industrials Services,56.0,Industrials Group,56.0,Industrials Industry,56.0,Industrials Activity,56.0,1979.0
SYN2270.X,SY0000002270,Synthetic Firm 2270,Australia,Australia,Real Estate,55.0,Real Estate Services,55.0,Real Estate Group,55.0,Real Estate Industry,55.0,Real Estate Activity,55.0,1979.0
SYN2271.X,SY0000002271,Synthetic Firm 2271,United Kingdom,United Kingdom,Financials,50.0,Financials Services,50.0,Financials Group,50.0,Financials Industry,50.0,Financials Activity,50.0,2014.0
SYN2272.X,SY0000002272,Synthetic Firm 2272,Finland,Finland,Basic Materials,59.0,Basic Materials Services,59.0,Basic Materials Group,59.0,Basic Materials Industry,59.0,Basic Materials Activity,59.0,1982.0
SYN2273.X,SY0000002273,Synthetic Firm 2273,United Kingdom,United Kingdom,Real Estate,55.0,Real Estate Services,55.0,Real Estate Group,55.0,Real Estate Industry,55.0,Real Estate Activity,55.0,1983.0
SYN2274.X,SY0000002274,Synthetic Firm 2274,Sweden,Sweden,Consumer Cyclicals,51.0,Consumer Cyclicals Services,51.0,Consumer Cyclicals Group,51.0,Consumer Cyclicals Industry,51.0,Consumer Cyclicals Activity,51.0,1977.0
SYN2275.X,SY0000002275,Synthetic Firm 2275,United Kingdom,United Kingdom,Industrials,56.0,Industrials Services,56.0,Industrials Group,56.0,Industrials Industry,56.0,Industrials Activity,56.0,1964.0
SYN2276.X,SY0000002276,Synthetic Firm 2276,United Kingdom,United Kingdom,Technology,53.0,Technology Services,53.0,Technology Group,53.0,Technology Industry,53.0,Technology Activity,53.0,1933.0
SYN2277.X,SY0000002277,Synthetic Firm 2277,United Kingdom,United Kingdom,Financials,50.0,Financials Services,50.0,Financials Group,50.0,Financials Industry,50.0,Financials Activity,50.0,2014.0
SYN2278.X,SY0000002278,Synthetic Firm 2278,Netherlands,Netherlands,Energy,54.0,Energy Services,54.0,Energy Group,54.0,Energy Industry,54.0,Energy Activity,54.0,1965.0
SYN2279.X,SY0000002279,Synthetic Firm 2279,Israel,Israel,Technology,53.0,Technology Services,53.0,Technology Group,53.0,Technology Industry,53.0,Technology Activity,53.0,2016.0
SYN2280.X,SY0000002280,Synthetic Firm 2280,France,France,Industrials,56.0,Industrials Services,56.0,Industrials Group,56.0,Industrials Industry,56.0,Industrials Activity,56.0,2003.0
SYN2281.X,SY0000002281,Synthetic Firm 2281,Sweden,Sweden,Industrials,56.0,Industrials Services,56.0,Industrials Group,56.0,Industrials Industry,56.0,Industrials Activity,56.0,1983.0
SYN2282.X,SY0000002282,Synthetic Firm 2282,Turkey,Turkey,Consumer Cyclicals,51.0,Consumer Cyclicals Services,51.0,Consumer Cyclicals Group,51.0,Consumer Cyclicals Industry,51.0,Consumer Cyclicals Activity,51.0,2008.0
SYN2283.X,SY0000002283,Synthetic Firm 2283,United Kingdom,United Kingdom,Consumer Cyclicals,51.0,Consumer Cyclicals Services,51.0,Consumer Cyclicals Group,51.0,Consumer Cyclicals Industry,51.0,Consumer Cyclicals Activity,51.0,1985.0
SYN2284.X,SY0000002284,Synthetic Firm 2284,United Kingdom,United Kingdom,Financials,50.0,Financials Services,50.0,Financials Group,50.0,Financials Industry,50.0,Financials Activity,50.0,2019.0
SYN2285.X,SY0000002285,Synthetic Firm 2285,Germany,Germany,Industrials,56.0,Industrials Services,56.0,Industrials Group,56.0,Industrials Industry,56.0,Industrials Activity,56.0,1982.0
SYN2286.X,SY0000002286,Synthetic Firm 2286,Iceland,Iceland,Industrials,56.0,Industrials Services,56.0,Industrials Group,56.0,Industrials Industry,56.0,Industrials Activity,56.0,2023.0
SYN2287.X,SY0000002287,Synthetic Firm 2287,Switzerland,Switzerland,Energy,54.0,Energy Services,54.0,Energy Group,54.0,Energy Industry,54.0,Energy Activity,54.0,2011.0
SYN2288.X,SY0000002288,Synthetic Firm 2288,Germany,Germany,Industrials,56.0,Industrials Services,56.0,Industrials Group,56.0,Industrials Industry,56.0,Industrials Activity,56.0,1966.0
SYN2289.X,SY0000002289,Synthetic Firm 2289,Iceland,Iceland,Healthcare,58.0,Healthcare Services,58.0,Healthcare Group,58.0,Healthcare Industry,58.0,Healthcare Activity,58.0,1948.0
SYN2290.X,SY0000002290,Synthetic Firm 2290,Greece,Greece,Consumer Cyclicals,51.0,Consumer Cyclicals Services,51.0,Consumer Cyclicals Group,51.0,Consumer Cyclicals Industry,51.0,Consumer Cyclicals Activity,51.0,2016.0
SYN2291.X,SY0000002291,Synthetic Firm 2291,Serbia,Serbia,Consumer Cyclicals,51.0,Consumer Cyclicals Services,51.0,Consumer Cyclicals Group,51.0,Consumer Cyclicals Industry,51.0,Consumer Cyclicals Activity,51.0,1999.0
SYN2292.X,SY0000002292,Synthetic Firm 2292,Spain,Spain,Real Estate,55.0,Real Estate Services,55.0,Real Estate Group,55.0,Real Estate Industry,55.0,Real Estate Activity,55.0,1993.0
SYN2293.X,SY0000002293,Synthetic Firm 2293,Germany,Germany,Basic Materials,59.0,Basic Materials Services,59.0,Basic Materials Group,59.0,Basic Materials Industry,59.0,Basic Materials Activity,59.0,2013.0
SYN2294.X,SY0000002294,Synthetic Firm 2294,Switzerland,Switzerland,Financials,50.0,Financials Services,50.0,Financials Group,50.0,Financials Industry,50.0,Financials Activity,50.0,1955.0
SYN2295.X,SY0000002295,Synthetic Firm 2295,Czechia,Czechia,Basic Materials,59.0,Basic Materials Services,59.0,Basic Materials Group,59.0,Basic Materials Industry,59.0,Basic Materials Activity,59.0,1935.0
SYN2296.X,SY0000002296,Synthetic Firm 2296,Iceland,Iceland,Energy,54.0,Energy Services,54.0,Energy Group,54.0,Energy Industry,54.0,Energy Activity,54.0,2015.0
SYN2297.X,SY0000002297,Synthetic Firm 2297,Germany,Germany,Consumer Cyclicals,51.0,Consumer Cyclicals Services,51.0,Consumer Cyclicals Group,51.0,Consumer Cyclicals Industry,51.0,Consumer Cyclicals Activity,51.0,2017.0
SYN2298.X,SY0000002298,Synthetic Firm 2298,Romania,Romania,Industrials,56.0,Industrials Services,56.0,Industrials Group,56.0,Industrials Industry,56.0,Industrials Activity,56.0,2018.0
SYN2299.X,SY0000002299,Synthetic Firm 2299,Sweden,Sweden,Healthcare,58.0,Healthcare Services,58.0,Healthcare Group,58.0,Healthcare Industry,58.0,Healthcare Activity,58.0,1959.0
SYN2300.X,SY0000002300,Synthetic Firm 2300,Finland,Finland,Real Estate,55.0,Real Estate Services,55.0,Real Estate Group,55.0,Real Estate Industry,55.0,Real Estate Activity,55.0,2016.0
SYN2301.X,SY0000002301,Synthetic Firm 2301,United Kingdom,United Kingdom,Real Estate,55.0,Real Estate Services,55.0,Real Estate Group,55.0,Real Estate Industry,55.0,Real Estate Activity,55.0,1988.0
SYN2302.X,SY0000002302,Synthetic Firm 2302,France,France,Basic Materials,59.0,Basic Materials Services,59.0,Basic Materials Group,59.0,Basic Materials Industry,59.0,Basic Materials Activity,59.0,1957.0
SYN2303.X,SY0000002303,Synthetic Firm 2303,Spain,Spain,Technology,53.0,Technology Services,53.0,Technology Group,53.0,Technology Industry,53.0,Technology Activity,53.0,2017.0
SYN2304.X,SY0000002304,Synthetic Firm 2304,Germany,Germany,Utilities,57.0,Utilities Services,57.0,Utilities Group,57.0,Utilities Industry,57.0,Utilities Activity,57.0,1991.0
SYN2305.X,SY0000002305,Synthetic Firm 2305,Austria,Austria,Industrials,56.0,Industrials Services,56.0,Industrials Group,56.0,Industrials Industry,56.0,Industrials Activity,56.0,2014.0
SYN2306.X,SY0000002306,Synthetic Firm 2306,France,France,Consumer Non-Cyclicals,52.0,Consumer Non-Cyclicals Services,52.0,Consumer Non-Cyclicals Group,52.0,Consumer Non-Cyclicals Industry,52.0,Consumer Non-Cyclicals Activity,52.0,2020.0
SYN2307.X,SY0000002307,Synthetic Firm 2307,United Kingdom,United Kingdom,Industrials,56.0,Industrials Services,56.0,Industrials Group,56.0,Industrials Industry,56.0,Industrials Activity,56.0,2007.0
SYN2308.X,SY0000002308,Synthetic Firm 2308,Germany,Germany,Industrials,56.0,Industrials Services,56.0,Industrials Group,56.0,Industrials Industry,56.0,Industrials Activity,56.0,2008.0
SYN2309.X,SY0000002309,Synthetic Firm 2309,Netherlands,Netherlands,Financials,50.0,Financials Services,50.0,Financials Group,50.0,Financials Industry,50.0,Financials Activity,50.0,2024.0
SYN2310.X,SY0000002310,Synthetic Firm 2310,Spain,Spain,Healthcare,58.0,Healthcare Services,58.0,Healthcare Group,58.0,Healthcare Industry,58.0,Healthcare Activity,58.0,1976.0
SYN2311.X,SY0000002311,Synthetic Firm 2311,United Kingdom,United Kingdom,Utilities,57.0,Utilities Services,57.0,Utilities Group,57.0,Utilities Industry,57.0,Utilities Activity,57.0,2015.0
SYN2312.X,SY0000002312,Synthetic Firm 2312,France,France,Industrials,56.0,Industrials Services,56.0,Industrials Group,56.0,Industrials Industry,56.0,Industrials Activity,56.0,1967.0
SYN2313.X,SY0000002313,Synthetic Firm 2313,United Kingdom,United Kingdom,Industrials,56.0,Industrials Services,56.0,Industrials Group,56.0,Industrials Industry,56.0,Industrials Activity,56.0,0.0
SYN2314.X,SY0000002314,Synthetic Firm 2314,United Kingdom,United Kingdom,Technology,53.0,Technology Services,53.0,Technology Group,53.0,Technology Industry,53.0,Technology Activity,53.0,1962.0
SYN2315.X,SY0000002315,Synthetic Firm 2315,Israel,Israel,Financials,50.0,Financials Services,50.0,Financials Group,50.0,Financials Industry,50.0,Financials Activity,50.0,1970.0
SYN2316.X,SY0000002316,Synthetic Firm 2316,Turkey,Turkey,Financials,50.0,Financials Services,50.0,Financials Group,50.0,Financials Industry,50.0,Financials Activity,50.0,1987.0
SYN2317.X,SY0000002317,Synthetic Firm 2317,Slovenia,Slovenia,Technology,53.0,Technology Services,53.0,Technology Group,53.0,Technology Industry,53.0,Technology Activity,53.0,2011.0
SYN2318.X,SY0000002318,Synthetic Firm 2318,Poland,Poland,Industrials,56.0,Industrials Services,56.0,Industrials Group,56.0,Industrials Industry,56.0,Industrials Activity,56.0,1980.0
SYN2319.X,SY0000002319,Synthetic Firm 2319,Romania,Romania,Industrials,56.0,Industrials Services,56.0,Industrials Group,56.0,Industrials Industry,56.0,Industrials Activity,56.0,2019.0
SYN2320.X,SY0000002320,Synthetic Firm 2320,Latvia,Latvia,Technology,53.0,Technology Services,53.0,Technology Group,53.0,Technology Industry,53.0,Technology Activity,53.0,2022.0
SYN2321.X,SY0000002321,Synthetic Firm 2321,United Kingdom,United Kingdom,Consumer Cyclicals,51.0,Consumer Cyclicals Services,51.0,Consumer Cyclicals Group,51.0,Consumer Cyclicals Industry,51.0,Consumer Cyclicals Activity,51.0,1953.0
SYN2322.X,SY0000002322,Synthetic Firm 2322,United Kingdom,United Kingdom,Technology,53.0,Technology Services,53.0,Technology Group,53.0,Technology Industry,53.0,Technology Activity,53.0,2004.0
SYN2323.X,SY0000002323,Synthetic Firm 2323,United Kingdom,United Kingdom,Real Estate,55.0,Real Estate Services,55.0,Real Estate Group,55.0,Real Estate Industry,55.0,Real Estate Activity,55.0,1951.0
SYN2324.X,SY0000002324,Synthetic Firm 2324,United Kingdom,United Kingdom,Energy,54.0,Energy Services,54.0,Energy Group,54.0,Energy Industry,54.0,Energy Activity,54.0,0.0
SYN2325.X,SY0000002325,Synthetic Firm 2325,United Kingdom,United Kingdom,Basic Materials,59.0,Basic Materials Services,59.0,Basic Materials Group,59.0,Basic Materials Industry,59.0,Basic Materials Activity,59.0,1994.0
SYN2326.X,SY0000002326,Synthetic Firm 2326,United Kingdom,United Kingdom,Consumer Non-Cyclicals,52.0,Consumer Non-Cyclicals Services,52.0,Consumer Non-Cyclicals Group,52.0,Consumer Non-Cyclicals Industry,52.0,Consumer Non-Cyclicals Activity,52.0,1978.0
SYN2327.X,SY0000002327,Synthetic Firm 2327,United Kingdom,United Kingdom,Financials,50.0,Financials Services,50.0,Financials Group,50.0,Financials Industry,50.0,Financials Activity,50.0,1901.0
SYN2328.X,SY0000002328,Synthetic Firm 2328,Hungary,Hungary,Healthcare,58.0,Healthcare Services,58.0,Healthcare Group,58.0,Healthcare Industry,58.0,Healthcare Activity,58.0,1954.0
SYN2329.X,SY0000002329,Synthetic Firm 2329,Sweden,Sweden,Technology,53.0,Technology Services,53.0,Technology Group,53.0,Technology Industry,53.0,Technology Activity,53.0,2013.0
SYN2330.X,SY0000002330,Synthetic Firm 2330,Poland,Poland,Consumer Cyclicals,51.0,Consumer Cyclicals Services,51.0,Consumer Cyclicals Group,51.0,Consumer Cyclicals Industry,51.0,Consumer Cyclicals Activity,51.0,1946.0
SYN2331.X,SY0000002331,Synthetic Firm 2331,United Kingdom,United Kingdom,Financials,50.0,Financials Services,50.0,Financials Group,50.0,Financials Industry,50.0,Financials Activity,50.0,2013.0
SYN2332.X,SY0000002332,Synthetic Firm 2332,France,France,Consumer Cyclicals,51.0,Consumer Cyclicals Services,51.0,Consumer Cyclicals Group,51.0,Consumer Cyclicals Industry,51.0,Consumer Cyclicals Activity,51.0,1982.0
SYN2333.X,SY0000002333,Synthetic Firm 2333,Turkey,Turkey,Industrials,56.0,Industrials Services,56.0,Industrials Group,56.0,Industrials Industry,56.0,Industrials Activity,56.0,1927.0
SYN2334.X,SY0000002334,Synthetic Firm 2334,Sweden,Sweden,Technology,53.0,Technology Services,53.0,Technology Group,53.0,Technology Industry,53.0,Technology Activity,53.0,2002.0
SYN2335.X,SY0000002335,Synthetic Firm 2335,Switzerland,Switzerland,Real Estate,55.0,Real Estate Services,55.0,Real Estate Group,55.0,Real Estate Industry,55.0,Real Estate Activity,55.0,2007.0
SYN2336.X,SY0000002336,Synthetic Firm 2336,United Kingdom,United Kingdom,Industrials,56.0,Industrials Services,56.0,Industrials Group,56.0,Industrials Industry,56.0,Industrials Activity,56.0,1996.0
SYN2337.X,SY0000002337,Synthetic Firm 2337,Sweden,Sweden,Healthcare,58.0,Healthcare Services,58.0,Healthcare Group,58.0,Healthcare Industry,58.0,Healthcare Activity,58.0,1953.0
SYN2338.X,SY0000002338,Synthetic Firm 2338,Sweden,Sweden,Financials,50.0,Financials Services,50.0,Financials Group,50.0,Financials Industry,50.0,Financials Activity,50.0,1941.0
SYN2339.X,SY0000002339,Synthetic Firm 2339,Switzerland,Switzerland,Consumer Cyclicals,51.0,Consumer Cyclicals Services,51.0,Consumer Cyclicals Group,51.0,Consumer Cyclicals Industry,51.0,Consumer Cyclicals Activity,51.0,1973.0
SYN2340.X,SY0000002340,Synthetic Firm 2340,Sweden,Sweden,Basic Materials,59.0,Basic Materials Services,59.0,Basic Materials Group,59.0,Basic Materials Industry,59.0,Basic Materials Activity,59.0,1987.0
SYN2341.X,SY0000002341,Synthetic Firm 2341,Netherlands,Netherlands,Real Estate,55.0,Real Estate Services,55.0,Real Estate Group,55.0,Real Estate Industry,55.0,Real Estate Activity,55.0,2006.0
SYN2342.X,SY0000002342,Synthetic Firm 2342,Israel,Israel,Industrials,56.0,Industrials Services,56.0,Industrials Group,56.0,Industrials Industry,56.0,Industrials Activity,56.0,2006.0
SYN2343.X,SY0000002343,Synthetic Firm 2343,Poland,Poland,Consumer Non-Cyclicals,52.0,Consumer Non-Cyclicals Services,52.0,Consumer Non-Cyclicals Group,52.0,Consumer Non-Cyclicals Industry,52.0,Consumer Non-Cyclicals Activity,52.0,1976.0
SYN2344.X,SY0000002344,Synthetic Firm 2344,Germany,Germany,Technology,53.0,Technology Services,53.0,Technology Group,53.0,Technology Industry,53.0,Technology Activity,53.0,1977.0
SYN2345.X,SY0000002345,Synthetic Firm 2345,Romania,Romania,Basic Materials,59.0,Basic Materials Services,59.0,Basic Materials Group,59.0,Basic Materials Industry,59.0,Basic Materials Activity,59.0,1996.0
SYN2346.X,SY0000002346,Synthetic Firm 2346,Austria,Austria,Financials,50.0,Financials Services,50.0,Financials Group,50.0,Financials Industry,50.0,Financials Activity,50.0,1950.0
SYN2347.X,SY0000002347,Synthetic Firm 2347,United Kingdom,United Kingdom,Financials,50.0,Financials Services,50.0,Financials Group,50.0,Financials Industry,50.0,Financials Activity,50.0,1982.0
SYN2348.X,SY0000002348,Synthetic Firm 2348,Portugal,Portugal,Energy,54.0,Energy Services,54.0,Energy Group,54.0,Energy Industry,54.0,Energy Activity,54.0,0.0
SYN2349.X,SY0000002349,Synthetic Firm 2349,United Kingdom,United Kingdom,Consumer Cyclicals,51.0,Consumer Cyclicals Services,51.0,Consumer Cyclicals Group,51.0,Consumer Cyclicals Industry,51.0,Consumer Cyclicals Activity,51.0,2005.0
SYN2350.X,SY0000002350,Synthetic Firm 2350,Latvia,Latvia,Healthcare,58.0,Healthcare Services,58.0,Healthcare Group,58.0,Healthcare Industry,58.0,Healthcare Activity,58.0,1964.0
SYN2351.X,SY0000002351,Synthetic Firm 2351,France,France,Industrials,56.0,Industrials Services,56.0,Industrials Group,56.0,Industrials Industry,56.0,Industrials Activity,56.0,2006.0
SYN2352.X,SY0000002352,Synthetic Firm 2352,Norway,Norway,Real Estate,55.0,Real Estate Services,55.0,Real Estate Group,55.0,Real Estate Industry,55.0,Real Estate Activity,55.0,1935.0
SYN2353.X,SY0000002353,Synthetic Firm 2353,Belgium,Belgium,Real Estate,55.0,Real Estate Services,55.0,Real Estate Group,55.0,Real Estate Industry,55.0,Real Estate Activity,55.0,1936.0
SYN2354.X,SY0000002354,Synthetic Firm 2354,France,France,Basic Materials,59.0,Basic Materials Services,59.0,Basic Materials Group,59.0,Basic Materials Industry,59.0,Basic Materials Activity,59.0,2000.0
SYN2355.X,SY0000002355,Synthetic Firm 2355,Switzerland,Switzerland,Consumer Cyclicals,51.0,Consumer Cyclicals Services,51.0,Consumer Cyclicals Group,51.0,Consumer Cyclicals Industry,51.0,Consumer Cyclicals Activity,51.0,2021.0
SYN2356.X,SY0000002356,Synthetic Firm 2356,Italy,Italy,Technology,53.0,Technology Services,53.0,Technology Group,53.0,Technology Industry,53.0,Technology Activity,53.0,1990.0
SYN2357.X,SY0000002357,Synthetic Firm 2357,Germany,Germany,Industrials,56.0,Industrials Services,56.0,Industrials Group,56.0,Industrials Industry,56.0,Industrials Activity,56.0,2014.0
SYN2358.X,SY0000002358,Synthetic Firm 2358,Finland,Finland,Consumer Cyclicals,51.0,Consumer Cyclicals Services,51.0,Consumer Cyclicals Group,51.0,Consumer Cyclicals Industry,51.0,Consumer Cyclicals Activity,51.0,2020.0
SYN2359.X,SY0000002359,Synthetic Firm 2359,Switzerland,Switzerland,Industrials,56.0,Industrials Services,56.0,Industrials Group,56.0,Industrials Industry,56.0,Industrials Activity,56.0,2007.0
SYN2360.X,SY0000002360,Synthetic Firm 2360,United Kingdom,United Kingdom,Basic Materials,59.0,Basic Materials Services,59.0,Basic Materials Group,59.0,Basic Materials Industry,59.0,Basic Materials Activity,59.0,2012.0
SYN2361.X,SY0000002361,Synthetic Firm 2361,Greece,Greece,Energy,54.0,Energy Services,54.0,Energy Group,54.0,Energy Industry,54.0,Energy Activity,54.0,2000.0
SYN2362.X,SY0000002362,Synthetic Firm 2362,United Kingdom,United Kingdom,Basic Materials,59.0,Basic Materials Services,59.0,Basic Materials Group,59.0,Basic Materials Industry,59.0,Basic Materials Activity,59.0,2001.0
SYN2363.X,SY0000002363,Synthetic Firm 2363,Netherlands,Netherlands,Consumer Non-Cyclicals,52.0,Consumer Non-Cyclicals Services,52.0,Consumer Non-Cyclicals Group,52.0,Consumer Non-Cyclicals Industry,52.0,Consumer Non-Cyclicals Activity,52.0,2015.0
SYN2364.X,SY0000002364,Synthetic Firm 2364,Sweden,Sweden,Basic Materials,59.0,Basic Materials Services,59.0,Basic Materials Group,59.0,Basic Materials Industry,59.0,Basic Materials Activity,59.0,1956.0
SYN2365.X,SY0000002365,Synthetic Firm 2365,United Kingdom,United Kingdom,Financials,50.0,Financials Services,50.0,Financials Group,50.0,Financials Industry,50.0,Financials Activity,50.0,2007.0
SYN2366.X,SY0000002366,Synthetic Firm 2366,Germany,Germany,Technology,53.0,Technology Services,53.0,Technology Group,53.0,Technology Industry,53.0,Technology Activity,53.0,1946.0
SYN2367.X,SY0000002367,Synthetic Firm 2367,Finland,Finland,Financials,50.0,Financials Services,50.0,Financials Group,50.0,Financials Industry,50.0,Financials Activity,50.0,2009.0
SYN2368.X,SY0000002368,Synthetic Firm 2368,Poland,Poland,Industrials,56.0,Industrials Services,56.0,Industrials Group,56.0,Industrials Industry,56.0,Industrials Activity,56.0,2020.0
SYN2369.X,SY0000002369,Synthetic Firm 2369,United Kingdom,United Kingdom,Industrials,56.0,Industrials Services,56.0,Industrials Group,56.0,Industrials Industry,56.0,Industrials Activity,56.0,2022.0
SYN2370.X,SY0000002370,Synthetic Firm 2370,Norway,Norway,Technology,53.0,Technology Services,53.0,Technology Group,53.0,Technology Industry,53.0,Technology Activity,53.0,2003.0
SYN2371.X,SY0000002371,Synthetic Firm 2371,United Kingdom,United Kingdom,Industrials,56.0,Industrials Services,56.0,Industrials Group,56.0,Industrials Industry,56.0,Industrials Activity,56.0,1995.0
SYN2372.X,SY0000002372,Synthetic Firm 2372,United Kingdom,United Kingdom,Consumer Non-Cyclicals,52.0,Consumer Non-Cyclicals Services,52.0,Consumer Non-Cyclicals Group,52.0,Consumer Non-Cyclicals Industry,52.0,Consumer Non-Cyclicals Activity,52.0,2006.0
SYN2373.X,SY0000002373,Synthetic Firm 2373,Malta,Malta,Technology,53.0,Technology Services,53.0,Technology Group,53.0,Technology Industry,53.0,Technology Activity,53.0,2024.0
SYN2374.X,SY0000002374,Synthetic Firm 2374,Sweden,Sweden,Financials,50.0,Financials Services,50.0,Financials Group,50.0,Financials Industry,50.0,Financials Activity,50.0,2011.0
SYN2375.X,SY0000002375,Synthetic Firm 2375,Czechia,Czechia,Basic Materials,59.0,Basic Materials Services,59.0,Basic Materials Group,59.0,Basic Materials Industry,59.0,Basic Materials Activity,59.0,2000.0
SYN2376.X,SY0000002376,Synthetic Firm 2376,Switzerland,Switzerland,Consumer Cyclicals,51.0,Consumer Cyclicals Services,51.0,Consumer Cyclicals Group,51.0,Consumer Cyclicals Industry,51.0,Consumer Cyclicals Activity,51.0,1973.0
SYN2377.X,SY0000002377,Synthetic Firm 2377,France,France,Industrials,56.0,Industrials Services,56.0,Industrials Group,56.0,Industrials Industry,56.0,Industrials Activity,56.0,2016.0
SYN2378.X,SY0000002378,Synthetic Firm 2378,Sweden,Sweden,Technology,53.0,Technology Services,53.0,Technology Group,53.0,Technology Industry,53.0,Technology Activity,53.0,2008.0
SYN2379.X,SY0000002379,Synthetic Firm 2379,Denmark,Denmark,Industrials,56.0,Industrials Services,56.0,Industrials Group,56.0,Industrials Industry,56.0,Industrials Activity,56.0,1990.0
SYN2380.X,SY0000002380,Synthetic Firm 2380,Sweden,Sweden,Financials,50.0,Financials Services,50.0,Financials Group,50.0,Financials Industry,50.0,Financials Activity,50.0,0.0
SYN2381.X,SY0000002381,Synthetic Firm 2381,France,France,Healthcare,58.0,Healthcare Services,58.0,Healthcare Group,58.0,Healthcare Industry,58.0,Healthcare Activity,58.0,1963.0
SYN2382.X,SY0000002382,Synthetic Firm 2382,Denmark,Denmark,Consumer Non-Cyclicals,52.0,Consumer Non-Cyclicals Services,52.0,Consumer Non-Cyclicals Group,52.0,Consumer Non-Cyclicals Industry,52.0,Consumer Non-Cyclicals Activity,52.0,1965.0
SYN2383.X,SY0000002383,Synthetic Firm 2383,Netherlands,Netherlands,Consumer Cyclicals,51.0,Consumer Cyclicals Services,51.0,Consumer Cyclicals Group,51.0,Consumer Cyclicals Industry,51.0,Consumer Cyclicals Activity,51.0,1988.0
SYN2384.X,SY0000002384,Synthetic Firm 2384,United Kingdom,United Kingdom,Real Estate,55.0,Real Estate Services,55.0,Real Estate Group,55.0,Real Estate Industry,55.0,Real Estate Activity,55.0,2011.0
SYN2385.X,SY0000002385,Synthetic Firm 2385,Czechia,Czechia,Energy,54.0,Energy Services,54.0,Energy Group,54.0,Energy Industry,54.0,Energy Activity,54.0,1952.0
SYN2386.X,SY0000002386,Synthetic Firm 2386,Italy,Italy,Financials,50.0,Financials Services,50.0,Financials Group,50.0,Financials Industry,50.0,Financials Activity,50.0,1988.0
SYN2387.X,SY0000002387,Synthetic Firm 2387,United Kingdom,United Kingdom,Consumer Cyclicals,51.0,Consumer Cyclicals Services,51.0,Consumer Cyclicals Group,51.0,Consumer Cyclicals Industry,51.0,Consumer Cyclicals Activity,51.0,1990.0
SYN2388.X,SY0000002388,Synthetic Firm 2388,Norway,Norway,Consumer Cyclicals,51.0,Consumer Cyclicals Services,51.0,Consumer Cyclicals Group,51.0,Consumer Cyclicals Industry,51.0,Consumer Cyclicals Activity,51.0,1993.0
SYN2389.X,SY0000002389,Synthetic Firm 2389,United Kingdom,United Kingdom,Technology,53.0,Technology Services,53.0,Technology Group,53.0,Technology Industry,53.0,Technology Activity,53.0,1967.0
SYN2390.X,SY0000002390,Synthetic Firm 2390,United Kingdom,United Kingdom,Financials,50.0,Financials Services,50.0,Financials Group,50.0,Financials Industry,50.0,Financials Activity,50.0,2002.0
SYN2391.X,SY0000002391,Synthetic Firm 2391,Germany,Germany,Financials,50.0,Financials Services,50.0,Financials Group,50.0,Financials Industry,50.0,Financials Activity,50.0,2003.0
SYN2392.X,SY0000002392,Synthetic Firm 2392,Czechia,Czechia,Financials,50.0,Financials Services,50.0,Financials Group,50.0,Financials Industry,50.0,Financials Activity,50.0,1974.0
SYN2393.X,SY0000002393,Synthetic Firm 2393,Iceland,Iceland,Healthcare,58.0,Healthcare Services,58.0,Healthcare Group,58.0,Healthcare Industry,58.0,Healthcare Activity,58.0,1987.0
SYN2394.X,SY0000002394,Synthetic Firm 2394,Serbia,Serbia,Consumer Cyclicals,51.0,Consumer Cyclicals Services,51.0,Consumer Cyclicals Group,51.0,Consumer Cyclicals Industry,51.0,Consumer Cyclicals Activity,51.0,1983.0
SYN2395.X,SY0000002395,Synthetic Firm 2395,Hungary,Hungary,Healthcare,58.0,Healthcare Services,58.0,Healthcare Group,58.0,Healthcare Industry,58.0,Healthcare Activity,58.0,2020.0
SYN2396.X,SY0000002396,Synthetic Firm 2396,Greece,Greece,Industrials,56.0,Industrials Services,56.0,Industrials Group,56.0,Industrials Industry,56.0,Industrials Activity,56.0,2004.0
SYN2397.X,SY0000002397,Synthetic Firm 2397,Turkey,Turkey,Financials,50.0,Financials Services,50.0,Financials Group,50.0,Financials Industry,50.0,Financials Activity,50.0,2020.0
SYN2398.X,SY0000002398,Synthetic Firm 2398,Netherlands,Netherlands,Financials,50.0,Financials Services,50.0,Financials Group,50.0,Financials Industry,50.0,Financials Activity,50.0,1968.0
SYN2399.X,SY0000002399,Synthetic Firm 2399,Russia,Russia,Real Estate,55.0,Real Estate Services,55.0,Real Estate Group,55.0,Real Estate Industry,55.0,Real Estate Activity,55.0,1983.0
SYN2400.X,SY0000002400,Synthetic Firm 2400,Israel,Israel,Technology,53.0,Technology Services,53.0,Technology Group,53.0,Technology Industry,53.0,Technology Activity,53.0,1973.0
SYN2401.X,SY0000002401,Synthetic Firm 2401,Portugal,Portugal,Healthcare,58.0,Healthcare Services,58.0,Healthcare Group,58.0,Healthcare Industry,58.0,Healthcare Activity,58.0,1969.0
SYN2402.X,SY0000002402,Synthetic Firm 2402,Switzerland,Switzerland,Healthcare,58.0,Healthcare Services,58.0,Healthcare Group,58.0,Healthcare Industry,58.0,Healthcare Activity,58.0,2020.0
SYN2403.X,SY0000002403,Synthetic Firm 2403,Ireland,Ireland,Industrials,56.0,Industrials Services,56.0,Industrials Group,56.0,Industrials Industry,56.0,Industrials Activity,56.0,1978.0
SYN2404.X,SY0000002404,Synthetic Firm 2404,Sweden,Sweden,Technology,53.0,Technology Services,53.0,Technology Group,53.0,Technology Industry,53.0,Technology Activity,53.0,1985.0
SYN2405.X,SY0000002405,Synthetic Firm 2405,Germany,Germany,Industrials,56.0,Industrials Services,56.0,Industrials Group,56.0,Industrials Industry,56.0,Industrials Activity,56.0,2018.0
SYN2406.X,SY0000002406,Synthetic Firm 2406,Germany,Germany,Healthcare,58.0,Healthcare Services,58.0,Healthcare Group,58.0,Healthcare Industry,58.0,Healthcare Activity,58.0,1964.0
SYN2407.X,SY0000002407,Synthetic Firm 2407,Netherlands,Netherlands,Consumer Non-Cyclicals,52.0,Consumer Non-Cyclicals Services,52.0,Consumer Non-Cyclicals Group,52.0,Consumer Non-Cyclicals Industry,52.0,Consumer Non-Cyclicals Activity,52.0,2020.0
SYN2408.X,SY0000002408,Synthetic Firm 2408,Germany,Germany,Consumer Cyclicals,51.0,Consumer Cyclicals Services,51.0,Consumer Cyclicals Group,51.0,Consumer Cyclicals Industry,51.0,Consumer Cyclicals Activity,51.0,2024.0
SYN2409.X,SY0000002409,Synthetic Firm 2409,Netherlands,Netherlands,Real Estate,55.0,Real Estate Services,55.0,Real Estate Group,55.0,Real Estate Industry,55.0,Real Estate Activity,55.0,1959.0
SYN2410.X,SY0000002410,Synthetic Firm 2410,Austria,Austria,Real Estate,55.0,Real Estate Services,55.0,Real Estate Group,55.0,Real Estate Industry,55.0,Real Estate Activity,55.0,1977.0
SYN2411.X,SY0000002411,Synthetic Firm 2411,United Kingdom,United Kingdom,Healthcare,58.0,Healthcare Services,58.0,Healthcare Group,58.0,Healthcare Industry,58.0,Healthcare Activity,58.0,2000.0
SYN2412.X,SY0000002412,Synthetic Firm 2412,Sweden,Sweden,Basic Materials,59.0,Basic Materials Services,59.0,Basic Materials Group,59.0,Basic Materials Industry,59.0,Basic Materials Activity,59.0,1967.0
SYN2413.X,SY0000002413,Synthetic Firm 2413,Switzerland,Switzerland,Financials,50.0,Financials Services,50.0,Financials Group,50.0,Financials Industry,50.0,Financials Activity,50.0,1975.0
SYN2414.X,SY0000002414,Synthetic Firm 2414,Germany,Germany,Industrials,56.0,Industrials Services,56.0,Industrials Group,56.0,Industrials Industry,56.0,Industrials Activity,56.0,1946.0
SYN2415.X,SY0000002415,Synthetic Firm 2415,United Kingdom,United Kingdom,Real Estate,55.0,Real Estate Services,55.0,Real Estate Group,55.0,Real Estate Industry,55.0,Real Estate Activity,55.0,1959.0
SYN2416.X,SY0000002416,Synthetic Firm 2416,United Kingdom,United Kingdom,Financials,50.0,Financials Services,50.0,Financials Group,50.0,Financials Industry,50.0,Financials Activity,50.0,1956.0
SYN2417.X,SY0000002417,Synthetic Firm 2417,Romania,Romania,Industrials,56.0,Industrials Services,56.0,Industrials Group,56.0,Industrials Industry,56.0,Industrials Activity,56.0,1987.0
SYN2418.X,SY0000002418,Synthetic Firm 2418,Germany,Germany,Industrials,56.0,Industrials Services,56.0,Industrials Group,56.0,Industrials Industry,56.0,Industrials Activity,56.0,2017.0
SYN2419.X,SY0000002419,Synthetic Firm 2419,Finland,Finland,Consumer Cyclicals,51.0,Consumer Cyclicals Services,51.0,Consumer Cyclicals Group,51.0,Consumer Cyclicals Industry,51.0,Consumer Cyclicals Activity,51.0,1959.0
SYN2420.X,SY0000002420,Synthetic Firm 2420,Germany,Germany,Industrials,56.0,Industrials Services,56.0,Industrials Group,56.0,Industrials Industry,56.0,Industrials Activity,56.0,2019.0
SYN2421.X,SY0000002421,Synthetic Firm 2421,United Kingdom,United Kingdom,Financials,50.0,Financials Services,50.0,Financials Group,50.0,Financials Industry,50.0,Financials Activity,50.0,1985.0
SYN2422.X,SY0000002422,Synthetic Firm 2422,Switzerland,Switzerland,Real Estate,55.0,Real Estate Services,55.0,Real Estate Group,55.0,Real Estate Industry,55.0,Real Estate Activity,55.0,1993.0
SYN2423.X,SY0000002423,Synthetic Firm 2423,Germany,Germany,Industrials,56.0,Industrials Services,56.0,Industrials Group,56.0,Industrials Industry,56.0,Industrials Activity,56.0,2025.0
SYN2424.X,SY0000002424,Synthetic Firm 2424,Hungary,Hungary,Technology,53.0,Technology Services,53.0,Technology Group,53.0,Technology Industry,53.0,Technology Activity,53.0,1960.0
SYN2425.X,SY0000002425,Synthetic Firm 2425,Switzerland,Switzerland,Real Estate,55.0,Real Estate Services,55.0,Real Estate Group,55.0,Real Estate Industry,55.0,Real Estate Activity,55.0,1963.0
SYN2426.X,SY0000002426,Synthetic Firm 2426,United Kingdom,United Kingdom,Real Estate,55.0,Real Estate Services,55.0,Real Estate Group,55.0,Real Estate Industry,55.0,Real Estate Activity,55.0,2008.0
SYN2427.X,SY0000002427,Synthetic Firm 2427,Luxembourg,Luxembourg,Technology,53.0,Technology Services,53.0,Technology Group,53.0,Technology Industry,53.0,Technology Activity,53.0,2006.0
SYN2428.X,SY0000002428,Synthetic Firm 2428,Norway,Norway,Technology,53.0,Technology Services,53.0,Technology Group,53.0,Technology Industry,53.0,Technology Activity,53.0,0.0
SYN2429.X,SY0000002429,Synthetic Firm 2429,Iceland,Iceland,Real Estate,55.0,Real Estate Services,55.0,Real Estate Group,55.0,Real Estate Industry,55.0,Real Estate Activity,55.0,1984.0
SYN2430.X,SY0000002430,Synthetic Firm 2430,Finland,Finland,Healthcare,58.0,Healthcare Services,58.0,Healthcare Group,58.0,Healthcare Industry,58.0,Healthcare Activity,58.0,1997.0
SYN2431.X,SY0000002431,Synthetic Firm 2431,Switzerland,Switzerland,Technology,53.0,Technology Services,53.0,Technology Group,53.0,Technology Industry,53.0,Technology Activity,53.0,2001.0
SYN2432.X,SY0000002432,Synthetic Firm 2432,Sweden,Sweden,Basic Materials,59.0,Basic Materials Services,59.0,Basic Materials Group,59.0,Basic Materials Industry,59.0,Basic Materials Activity,59.0,1989.0
SYN2433.X,SY0000002433,Synthetic Firm 2433,Spain,Spain,Consumer Cyclicals,51.0,Consumer Cyclicals Services,51.0,Consumer Cyclicals Group,51.0,Consumer Cyclicals Industry,51.0,Consumer Cyclicals Activity,51.0,1939.0
SYN2434.X,SY0000002434,Synthetic Firm 2434,Germany,Germany,Financials,50.0,Financials Services,50.0,Financials Group,50.0,Financials Industry,50.0,Financials Activity,50.0,1976.0
SYN2435.X,SY0000002435,Synthetic Firm 2435,Sweden,Sweden,Healthcare,58.0,Healthcare Services,58.0,Healthcare Group,58.0,Healthcare Industry,58.0,Healthcare Activity,58.0,2002.0
SYN2436.X,SY0000002436,Synthetic Firm 2436,Switzerland,Switzerland,Basic Materials,59.0,Basic Materials Services,59.0,Basic Materials Group,59.0,Basic Materials Industry,59.0,Basic Materials Activity,59.0,2011.0
SYN2437.X,SY0000002437,Synthetic Firm 2437,Germany,Germany,Technology,53.0,Technology Services,53.0,Technology Group,53.0,Technology Industry,53.0,Technology Activity,53.0,2023.0
SYN2438.X,SY0000002438,Synthetic Firm 2438,United Kingdom,United Kingdom,Financials,50.0,Financials Services,50.0,Financials Group,50.0,Financials Industry,50.0,Financials Activity,50.0,2015.0
SYN2439.X,SY0000002439,Synthetic Firm 2439,Germany,Germany,Consumer Cyclicals,51.0,Consumer Cyclicals Services,51.0,Consumer Cyclicals Group,51.0,Consumer Cyclicals Industry,51.0,Consumer Cyclicals Activity,51.0,1992.0
SYN2440.X,SY0000002440,Synthetic Firm 2440,Italy,Italy,Healthcare,58.0,Healthcare Services,58.0,Healthcare Group,58.0,Healthcare Industry,58.0,Healthcare Activity,58.0,1975.0
SYN2441.X,SY0000002441,Synthetic Firm 2441,France,France,Consumer Cyclicals,51.0,Consumer Cyclicals Services,51.0,Consumer Cyclicals Group,51.0,Consumer Cyclicals Industry,51.0,Consumer Cyclicals Activity,51.0,2008.0
SYN2442.X,SY0000002442,Synthetic Firm 2442,Austria,Austria,Technology,53.0,Technology Services,53.0,Technology Group,53.0,Technology Industry,53.0,Technology Activity,53.0,1975.0
SYN2443.X,SY0000002443,Synthetic Firm 2443,Switzerland,Switzerland,Consumer Cyclicals,51.0,Consumer Cyclicals Services,51.0,Consumer Cyclicals Group,51.0,Consumer Cyclicals Industry,51.0,Consumer Cyclicals Activity,51.0,1975.0
SYN2444.X,SY0000002444,Synthetic Firm 2444,United Kingdom,United Kingdom,Technology,53.0,Technology Services,53.0,Technology Group,53.0,Technology Industry,53.0,Technology Activity,53.0,2009.0
SYN2445.X,SY0000002445,Synthetic Firm 2445,Israel,Israel,Consumer Cyclicals,51.0,Consumer Cyclicals Services,51.0,Consumer Cyclicals Group,51.0,Consumer Cyclicals Industry,51.0,Consumer Cyclicals Activity,51.0,1990.0
SYN2446.X,SY0000002446,Synthetic Firm 2446,Switzerland,Switzerland,Consumer Cyclicals,51.0,Consumer Cyclicals Services,51.0,Consumer Cyclicals Group,51.0,Consumer Cyclicals Industry,51.0,Consumer Cyclicals Activity,51.0,2001.0
SYN2447.X,SY0000002447,Synthetic Firm 2447,Sweden,Sweden,Energy,54.0,Energy Services,54.0,Energy Group,54.0,Energy Industry,54.0,Energy Activity,54.0,2017.0
SYN2448.X,SY0000002448,Synthetic Firm 2448,Netherlands,Netherlands,Technology,53.0,Technology Services,53.0,Technology Group,53.0,Technology Industry,53.0,Technology Activity,53.0,2026.0
SYN2449.X,SY0000002449,Synthetic Firm 2449,United Kingdom,United Kingdom,Technology,53.0,Technology Services,53.0,Technology Group,53.0,Technology Industry,53.0,Technology Activity,53.0,1991.0
SYN2450.X,SY0000002450,Synthetic Firm 2450,Belgium,Belgium,Industrials,56.0,Industrials Services,56.0,Industrials Group,56.0,Industrials Industry,56.0,Industrials Activity,56.0,1987.0
SYN2451.X,SY0000002451,Synthetic Firm 2451,United Kingdom,United Kingdom,Financials,50.0,Financials Services,50.0,Financials Group,50.0,Financials Industry,50.0,Financials Activity,50.0,2002.0
SYN2452.X,SY0000002452,Synthetic Firm 2452,Sweden,Sweden,Industrials,56.0,Industrials Services,56.0,Industrials Group,56.0,Industrials Industry,56.0,Industrials Activity,56.0,2022.0
SYN2453.X,SY0000002453,Synthetic Firm 2453,Australia,Australia,Basic Materials,59.0,Basic Materials Services,59.0,Basic Materials Group,59.0,Basic Materials Industry,59.0,Basic Materials Activity,59.0,2003.0
SYN2454.X,SY0000002454,Synthetic Firm 2454,Germany,Germany,Real Estate,55.0,Real Estate Services,55.0,Real Estate Group,55.0,Real Estate Industry,55.0,Real Estate Activity,55.0,1967.0
SYN2455.X,SY0000002455,Synthetic Firm 2455,Sweden,Sweden,Technology,53.0,Technology Services,53.0,Technology Group,53.0,Technology Industry,53.0,Technology Activity,53.0,2011.0
SYN2456.X,SY0000002456,Synthetic Firm 2456,Portugal,Portugal,Industrials,56.0,Industrials Services,56.0,Industrials Group,56.0,Industrials Industry,56.0,Industrials Activity,56.0,2009.0
SYN2457.X,SY0000002457,Synthetic Firm 2457,Netherlands,Netherlands,Industrials,56.0,Industrials Services,56.0,Industrials Group,56.0,Industrials Industry,56.0,Industrials Activity,56.0,2004.0
SYN2458.X,SY0000002458,Synthetic Firm 2458,Germany,Germany,Industrials,56.0,Industrials Services,56.0,Industrials Group,56.0,Industrials Industry,56.0,Industrials Activity,56.0,1989.0
SYN2459.X,SY0000002459,Synthetic Firm 2459,Belgium,Belgium,Consumer Cyclicals,51.0,Consumer Cyclicals Services,51.0,Consumer Cyclicals Group,51.0,Consumer Cyclicals Industry,51.0,Consumer Cyclicals Activity,51.0,2021.0
SYN2460.X,SY0000002460,Synthetic Firm 2460,Germany,Germany,Healthcare,58.0,Healthcare Services,58.0,Healthcare Group,58.0,Healthcare Industry,58.0,Healthcare Activity,58.0,2006.0
SYN2461.X,SY0000002461,Synthetic Firm 2461,United Kingdom,United Kingdom,Industrials,56.0,Industrials Services,56.0,Industrials Group,56.0,Industrials Industry,56.0,Industrials Activity,56.0,1999.0
SYN2462.X,SY0000002462,Synthetic Firm 2462,United Kingdom,United Kingdom,Consumer Non-Cyclicals,52.0,Consumer Non-Cyclicals Services,52.0,Consumer Non-Cyclicals Group,52.0,Consumer Non-Cyclicals Industry,52.0,Consumer Non-Cyclicals Activity,52.0,1939.0
SYN2463.X,SY0000002463,Synthetic Firm 2463,Portugal,Portugal,Financials,50.0,Financials Services,50.0,Financials Group,50.0,Financials Industry,50.0,Financials Activity,50.0,1952.0
SYN2464.X,SY0000002464,Synthetic Firm 2464,Luxembourg,Luxembourg,Technology,53.0,Technology Services,53.0,Technology Group,53.0,Technology Industry,53.0,Technology Activity,53.0,0.0
SYN2465.X,SY0000002465,Synthetic Firm 2465,United Kingdom,United Kingdom,Real Estate,55.0,Real Estate Services,55.0,Real Estate Group,55.0,Real Estate Industry,55.0,Real Estate Activity,55.0,1946.0
SYN2466.X,SY0000002466,Synthetic Firm 2466,Finland,Finland,Financials,50.0,Financials Services,50.0,Financials Group,50.0,Financials Industry,50.0,Financials Activity,50.0,1979.0
SYN2467.X,SY0000002467,Synthetic Firm 2467,Germany,Germany,Financials,50.0,Financials Services,50.0,Financials Group,50.0,Financials Industry,50.0,Financials Activity,50.0,1983.0
SYN2468.X,SY0000002468,Synthetic Firm 2468,United Kingdom,United Kingdom,Healthcare,58.0,Healthcare Services,58.0,Healthcare Group,58.0,Healthcare Industry,58.0,Healthcare Activity,58.0,1996.0
SYN2469.X,SY0000002469,Synthetic Firm 2469,Norway,Norway,Industrials,56.0,Industrials Services,56.0,Industrials Group,56.0,Industrials Industry,56.0,Industrials Activity,56.0,1963.0
SYN2470.X,SY0000002470,Synthetic Firm 2470,Italy,Italy,Consumer Cyclicals,51.0,Consumer Cyclicals Services,51.0,Consumer Cyclicals Group,51.0,Consumer Cyclicals Industry,51.0,Consumer Cyclicals Activity,51.0,2014.0
SYN2471.X,SY0000002471,Synthetic Firm 2471,United Kingdom,United Kingdom,Financials,50.0,Financials Services,50.0,Financials Group,50.0,Financials Industry,50.0,Financials Activity,50.0,2011.0
SYN2472.X,SY0000002472,Synthetic Firm 2472,United Kingdom,United Kingdom,Financials,50.0,Financials Services,50.0,Financials Group,50.0,Financials Industry,50.0,Financials Activity,50.0,0.0
SYN2473.X,SY0000002473,Synthetic Firm 2473,South Africa,South Africa,Financials,50.0,Financials Services,50.0,Financials Group,50.0,Financials Industry,50.0,Financials Activity,50.0,2020.0
SYN2474.X,SY0000002474,Synthetic Firm 2474,Luxembourg,Luxembourg,Consumer Cyclicals,51.0,Consumer Cyclicals Services,51.0,Consumer Cyclicals Group,51.0,Consumer Cyclicals Industry,51.0,Consumer Cyclicals Activity,51.0,1940.0
SYN2475.X,SY0000002475,Synthetic Firm 2475,Sweden,Sweden,Consumer Cyclicals,51.0,Consumer Cyclicals Services,51.0,Consumer Cyclicals Group,51.0,Consumer Cyclicals Industry,51.0,Consumer Cyclicals Activity,51.0,2023.0
SYN2476.X,SY0000002476,Synthetic Firm 2476,Switzerland,Switzerland,Industrials,56.0,Industrials Services,56.0,Industrials Group,56.0,Industrials Industry,56.0,Industrials Activity,56.0,2008.0
SYN2477.X,SY0000002477,Synthetic Firm 2477,Switzerland,Switzerland,Basic Materials,59.0,Basic Materials Services,59.0,Basic Materials Group,59.0,Basic Materials Industry,59.0,Basic Materials Activity,59.0,1951.0
SYN2478.X,SY0000002478,Synthetic Firm 2478,United Kingdom,United Kingdom,Financials,50.0,Financials Services,50.0,Financials Group,50.0,Financials Industry,50.0,Financials Activity,50.0,1975.0
SYN2479.X,SY0000002479,Synthetic Firm 2479,Netherlands,Netherlands,Financials,50.0,Financials Services,50.0,Financials Group,50.0,Financials Industry,50.0,Financials Activity,50.0,1999.0
SYN2480.X,SY0000002480,Synthetic Firm 2480,Germany,Germany,Financials,50.0,Financials Services,50.0,Financials Group,50.0,Financials Industry,50.0,Financials Activity,50.0,1959.0
SYN2481.X,SY0000002481,Synthetic Firm 2481,Russia,Russia,Consumer Cyclicals,51.0,Consumer Cyclicals Services,51.0,Consumer Cyclicals Group,51.0,Consumer Cyclicals Industry,51.0,Consumer Cyclicals Activity,51.0,1958.0
SYN2482.X,SY0000002482,Synthetic Firm 2482,Belgium,Belgium,Financials,50.0,Financials Services,50.0,Financials Group,50.0,Financials Industry,50.0,Financials Activity,50.0,1980.0
SYN2483.X,SY0000002483,Synthetic Firm 2483,Sweden,Sweden,Industrials,56.0,Industrials Services,56.0,Industrials Group,56.0,Industrials Industry,56.0,Industrials Activity,56.0,1993.0
SYN2484.X,SY0000002484,Synthetic Firm 2484,Germany,Germany,Consumer Non-Cyclicals,52.0,Consumer Non-Cyclicals Services,52.0,Consumer Non-Cyclicals Group,52.0,Consumer Non-Cyclicals Industry,52.0,Consumer Non-Cyclicals Activity,52.0,1980.0
SYN2485.X,SY0000002485,Synthetic Firm 2485,France,France,Energy,54.0,Energy Services,54.0,Energy Group,54.0,Energy Industry,54.0,Energy Activity,54.0,1991.0
SYN2486.X,SY0000002486,Synthetic Firm 2486,Sweden,Sweden,Financials,50.0,Financials Services,50.0,Financials Group,50.0,Financials Industry,50.0,Financials Activity,50.0,2023.0
SYN2487.X,SY0000002487,Synthetic Firm 2487,Poland,Poland,Financials,50.0,Financials Services,50.0,Financials Group,50.0,Financials Industry,50.0,Financials Activity,50.0,2012.0
SYN2488.X,SY0000002488,Synthetic Firm 2488,Romania,Romania,Financials,50.0,Financials Services,50.0,Financials Group,50.0,Financials Industry,50.0,Financials Activity,50.0,1975.0
SYN2489.X,SY0000002489,Synthetic Firm 2489,Germany,Germany,Industrials,56.0,Industrials Services,56.0,Industrials Group,56.0,Industrials Industry,56.0,Industrials Activity,56.0,1995.0
SYN2490.X,SY0000002490,Synthetic Firm 2490,United Kingdom,United Kingdom,Financials,50.0,Financials Services,50.0,Financials Group,50.0,Financials Industry,50.0,Financials Activity,50.0,2013.0
SYN2491.X,SY0000002491,Synthetic Firm 2491,Sweden,Sweden,Industrials,56.0,Industrials Services,56.0,Industrials Group,56.0,Industrials Industry,56.0,Industrials Activity,56.0,1980.0
SYN2492.X,SY0000002492,Synthetic Firm 2492,Italy,Italy,Financials,50.0,Financials Services,50.0,Financials Group,50.0,Financials Industry,50.0,Financials Activity,50.0,1980.0
SYN2493.X,SY0000002493,Synthetic Firm 2493,United Kingdom,United Kingdom,Healthcare,58.0,Healthcare Services,58.0,Healthcare Group,58.0,Healthcare Industry,58.0,Healthcare Activity,58.0,1986.0
SYN2494.X,SY0000002494,Synthetic Firm 2494,United Kingdom,United Kingdom,Healthcare,58.0,Healthcare Services,58.0,Healthcare Group,58.0,Healthcare Industry,58.0,Healthcare Activity,58.0,1992.0
SYN2495.X,SY0000002495,Synthetic Firm 2495,United Kingdom,United Kingdom,Financials,50.0,Financials Services,50.0,Financials Group,50.0,Financials Industry,50.0,Financials Activity,50.0,2006.0
SYN2496.X,SY0000002496,Synthetic Firm 2496,United Kingdom,United Kingdom,Technology,53.0,Technology Services,53.0,Technology Group,53.0,Technology Industry,53.0,Technology Activity,53.0,2024.0
SYN2497.X,SY0000002497,Synthetic Firm 2497,Switzerland,Switzerland,Financials,50.0,Financials Services,50.0,Financials Group,50.0,Financials Industry,50.0,Financials Activity,50.0,2002.0
SYN2498.X,SY0000002498,Synthetic Firm 2498,Denmark,Denmark,Consumer Non-Cyclicals,52.0,Consumer Non-Cyclicals Services,52.0,Consumer Non-Cyclicals Group,52.0,Consumer Non-Cyclicals Industry,52.0,Consumer Non-Cyclicals Activity,52.0,2000.0
SYN2499.X,SY0000002499,Synthetic Firm 2499,Norway,Norway,Consumer Cyclicals,51.0,Consumer Cyclicals Services,51.0,Consumer Cyclicals Group,51.0,Consumer Cyclicals Industry,51.0,Consumer Cyclicals Activity,51.0,1979.0
SYN2500.X,SY0000002500,Synthetic Firm 2500,Luxembourg,Luxembourg,Industrials,56.0,Industrials Services,56.0,Industrials Group,56.0,Industrials Industry,56.0,Industrials Activity,56.0,1971.0
SYN2501.X,SY0000002501,Synthetic Firm 2501,France,France,Industrials,56.0,Industrials Services,56.0,Industrials Group,56.0,Industrials Industry,56.0,Industrials Activity,56.0,1965.0
SYN2502.X,SY0000002502,Synthetic Firm 2502,Switzerland,Switzerland,Consumer Cyclicals,51.0,Consumer Cyclicals Services,51.0,Consumer Cyclicals Group,51.0,Consumer Cyclicals Industry,51.0,Consumer Cyclicals Activity,51.0,1992.0
SYN2503.X,SY0000002503,Synthetic Firm 2503,Germany,Germany,Utilities,57.0,Utilities Services,57.0,Utilities Group,57.0,Utilities Industry,57.0,Utilities Activity,57.0,2019.0
SYN2504.X,SY0000002504,Synthetic Firm 2504,United Kingdom,United Kingdom,Real Estate,55.0,Real Estate Services,55.0,Real Estate Group,55.0,Real Estate Industry,55.0,Real Estate Activity,55.0,1979.0
SYN2505.X,SY0000002505,Synthetic Firm 2505,United Kingdom,United Kingdom,Technology,53.0,Technology Services,53.0,Technology Group,53.0,Technology Industry,53.0,Technology Activity,53.0,0.0
SYN2506.X,SY0000002506,Synthetic Firm 2506,France,France,Consumer Non-Cyclicals,52.0,Consumer Non-Cyclicals Services,52.0,Consumer Non-Cyclicals Group,52.0,Consumer Non-Cyclicals Industry,52.0,Consumer Non-Cyclicals Activity,52.0,1949.0
SYN2507.X,SY0000002507,Synthetic Firm 2507,Portugal,Portugal,Technology,53.0,Technology Services,53.0,Technology Group,53.0,Technology Industry,53.0,Technology Activity,53.0,1988.0
SYN2508.X,SY0000002508,Synthetic Firm 2508,Austria,Austria,Financials,50.0,Financials Services,50.0,Financials Group,50.0,Financials Industry,50.0,Financials Activity,50.0,1994.0
SYN2509.X,SY0000002509,Synthetic Firm 2509,Iceland,Iceland,Technology,53.0,Technology Services,53.0,Technology Group,53.0,Technology Industry,53.0,Technology Activity,53.0,2008.0
SYN2510.X,SY0000002510,Synthetic Firm 2510,Turkey,Turkey,Consumer Cyclicals,51.0,Consumer Cyclicals Services,51.0,Consumer Cyclicals Group,51.0,Consumer Cyclicals Industry,51.0,Consumer Cyclicals Activity,51.0,2020.0
SYN2511.X,SY0000002511,Synthetic Firm 2511,Iceland,Iceland,Industrials,56.0,Industrials Services,56.0,Industrials Group,56.0,Industrials Industry,56.0,Industrials Activity,56.0,1986.0
SYN2512.X,SY0000002512,Synthetic Firm 2512,Russia,Russia,Energy,54.0,Energy Services,54.0,Energy Group,54.0,Energy Industry,54.0,Energy Activity,54.0,2021.0
SYN2513.X,SY0000002513,Synthetic Firm 2513,United Kingdom,United Kingdom,Technology,53.0,Technology Services,53.0,Technology Group,53.0,Technology Industry,53.0,Technology Activity,53.0,1977.0
SYN2514.X,SY0000002514,Synthetic Firm 2514,France,France,Basic Materials,59.0,Basic Materials Services,59.0,Basic Materials Group,59.0,Basic Materials Industry,59.0,Basic Materials Activity,59.0,2009.0
SYN2515.X,SY0000002515,Synthetic Firm 2515,Sweden,Sweden,Basic Materials,59.0,Basic Materials Services,59.0,Basic Materials Group,59.0,Basic Materials Industry,59.0,Basic Materials Activity,59.0,0.0
SYN2516.X,SY0000002516,Synthetic Firm 2516,Norway,Norway,Consumer Non-Cyclicals,52.0,Consumer Non-Cyclicals Services,52.0,Consumer Non-Cyclicals Group,52.0,Consumer Non-Cyclicals Industry,52.0,Consumer Non-Cyclicals Activity,52.0,2005.0
SYN2517.X,SY0000002517,Synthetic Firm 2517,Germany,Germany,Financials,50.0,Financials Services,50.0,Financials Group,50.0,Financials Industry,50.0,Financials Activity,50.0,1992.0
SYN2518.X,SY0000002518,Synthetic Firm 2518,United Kingdom,United Kingdom,Consumer Cyclicals,51.0,Consumer Cyclicals Services,51.0,Consumer Cyclicals Group,51.0,Consumer Cyclicals Industry,51.0,Consumer Cyclicals Activity,51.0,2020.0
SYN2519.X,SY0000002519,Synthetic Firm 2519,Germany,Germany,Basic Materials,59.0,Basic Materials Services,59.0,Basic Materials Group,59.0,Basic Materials Industry,59.0,Basic Materials Activity,59.0,1972.0
SYN2520.X,SY0000002520,Synthetic Firm 2520,United Kingdom,United Kingdom,Real Estate,55.0,Real Estate Services,55.0,Real Estate Group,55.0,Real Estate Industry,55.0,Real Estate Activity,55.0,2013.0
SYN2521.X,SY0000002521,Synthetic Firm 2521,Germany,Germany,Consumer Cyclicals,51.0,Consumer Cyclicals Services,51.0,Consumer Cyclicals Group,51.0,Consumer Cyclicals Industry,51.0,Consumer Cyclicals Activity,51.0,1976.0
SYN2522.X,SY0000002522,Synthetic Firm 2522,United Kingdom,United Kingdom,Industrials,56.0,Industrials Services,56.0,Industrials Group,56.0,Industrials Industry,56.0,Industrials Activity,56.0,1981.0
SYN2523.X,SY0000002523,Synthetic Firm 2523,United Kingdom,United Kingdom,Industrials,56.0,Industrials Services,56.0,Industrials Group,56.0,Industrials Industry,56.0,Industrials Activity,56.0,1979.0
SYN2524.X,SY0000002524,Synthetic Firm 2524,United Kingdom,United Kingdom,Financials,50.0,Financials Services,50.0,Financials Group,50.0,Financials Industry,50.0,Financials Activity,50.0,2002.0
SYN2525.X,SY0000002525,Synthetic Firm 2525,Hungary,Hungary,Technology,53.0,Technology Services,53.0,Technology Group,53.0,Technology Industry,53.0,Technology Activity,53.0,1988.0
SYN2526.X,SY0000002526,Synthetic Firm 2526,Russia,Russia,Consumer Cyclicals,51.0,Consumer Cyclicals Services,51.0,Consumer Cyclicals Group,51.0,Consumer Cyclicals Industry,51.0,Consumer Cyclicals Activity,51.0,1957.0
SYN2527.X,SY0000002527,Synthetic Firm 2527,Austria,Austria,Financials,50.0,Financials Services,50.0,Financials Group,50.0,Financials Industry,50.0,Financials Activity,50.0,1951.0
SYN2528.X,SY0000002528,Synthetic Firm 2528,Russia,Russia,Industrials,56.0,Industrials Services,56.0,Industrials Group,56.0,Industrials Industry,56.0,Industrials Activity,56.0,1988.0
SYN2529.X,SY0000002529,Synthetic Firm 2529,Spain,Spain,Industrials,56.0,Industrials Services,56.0,Industrials Group,56.0,Industrials Industry,56.0,Industrials Activity,56.0,2001.0
SYN2530.X,SY0000002530,Synthetic Firm 2530,Switzerland,Switzerland,Basic Materials,59.0,Basic Materials Services,59.0,Basic Materials Group,59.0,Basic Materials Industry,59.0,Basic Materials Activity,59.0,1980.0
SYN2531.X,SY0000002531,Synthetic Firm 2531,Switzerland,Switzerland,Industrials,56.0,Industrials Services,56.0,Industrials Group,56.0,Industrials Industry,56.0,Industrials Activity,56.0,1897.0
SYN2532.X,SY0000002532,Synthetic Firm 2532,Ireland,Ireland,Financials,50.0,Financials Services,50.0,Financials Group,50.0,Financials Industry,50.0,Financials Activity,50.0,2025.0
SYN2533.X,SY0000002533,Synthetic Firm 2533,Sweden,Sweden,Industrials,56.0,Industrials Services,56.0,Industrials Group,56.0,Industrials Industry,56.0,Industrials Activity,56.0,2021.0
SYN2534.X,SY0000002534,Synthetic Firm 2534,Finland,Finland,Industrials,56.0,Industrials Services,56.0,Industrials Group,56.0,Industrials Industry,56.0,Industrials Activity,56.0,1958.0
SYN2535.X,SY0000002535,Synthetic Firm 2535,Greece,Greece,Industrials,56.0,Industrials Services,56.0,Industrials Group,56.0,Industrials Industry,56.0,Industrials Activity,56.0,1925.0
SYN2536.X,SY0000002536,Synthetic Firm 2536,United Kingdom,United Kingdom,Financials,50.0,Financials Services,50.0,Financials Group,50.0,Financials Industry,50.0,Financials Activity,50.0,1951.0
SYN2537.X,SY0000002537,Synthetic Firm 2537,Belgium,Belgium,Basic Materials,59.0,Basic Materials Services,59.0,Basic Materials Group,59.0,Basic Materials Industry,59.0,Basic Materials Activity,59.0,2015.0
SYN2538.X,SY0000002538,Synthetic Firm 2538,Austria,Austria,Industrials,56.0,Industrials Services,56.0,Industrials Group,56.0,Industrials Industry,56.0,Industrials Activity,56.0,1984.0
SYN2539.X,SY0000002539,Synthetic Firm 2539,United Kingdom,United Kingdom,Industrials,56.0,Industrials Services,56.0,Industrials Group,56.0,Industrials Industry,56.0,Industrials Activity,56.0,1963.0
SYN2540.X,SY0000002540,Synthetic Firm 2540,Hungary,Hungary,Utilities,57.0,Utilities Services,57.0,Utilities Group,57.0,Utilities Industry,57.0,Utilities Activity,57.0,2007.0
SYN2541.X,SY0000002541,Synthetic Firm 2541,United Kingdom,United Kingdom,Industrials,56.0,Industrials Services,56.0,Industrials Group,56.0,Industrials Industry,56.0,Industrials Activity,56.0,1994.0
SYN2542.X,SY0000002542,Synthetic Firm 2542,Switzerland,Switzerland,Basic Materials,59.0,Basic Materials Services,59.0,Basic Materials Group,59.0,Basic Materials Industry,59.0,Basic Materials Activity,59.0,0.0
SYN2543.X,SY0000002543,Synthetic Firm 2543,Germany,Germany,Consumer Non-Cyclicals,52.0,Consumer Non-Cyclicals Services,52.0,Consumer Non-Cyclicals Group,52.0,Consumer Non-Cyclicals Industry,52.0,Consumer Non-Cyclicals Activity,52.0,1971.0
SYN2544.X,SY0000002544,Synthetic Firm 2544,United Kingdom,United Kingdom,Real Estate,55.0,Real Estate Services,55.0,Real Estate Group,55.0,Real Estate Industry,55.0,Real Estate Activity,55.0,2008.0
SYN2545.X,SY0000002545,Synthetic Firm 2545,Czechia,Czechia,Financials,50.0,Financials Services,50.0,Financials Group,50.0,Financials Industry,50.0,Financials Activity,50.0,2012.0
SYN2546.X,SY0000002546,Synthetic Firm 2546,Germany,Germany,Real Estate,55.0,Real Estate Services,55.0,Real Estate Group,55.0,Real Estate Industry,55.0,Real Estate Activity,55.0,2020.0
SYN2547.X,SY0000002547,Synthetic Firm 2547,France,France,Basic Materials,59.0,Basic Materials Services,59.0,Basic Materials Group,59.0,Basic Materials Industry,59.0,Basic Materials Activity,59.0,1992.0
SYN2548.X,SY0000002548,Synthetic Firm 2548,Italy,Italy,Basic Materials,59.0,Basic Materials Services,59.0,Basic Materials Group,59.0,Basic Materials Industry,59.0,Basic Materials Activity,59.0,1992.0
SYN2549.X,SY0000002549,Synthetic Firm 2549,France,France,Technology,53.0,Technology Services,53.0,Technology Group,53.0,Technology Industry,53.0,Technology Activity,53.0,1955.0
SYN2550.X,SY0000002550,Synthetic Firm 2550,Norway,Norway,Healthcare,58.0,Healthcare Services,58.0,Healthcare Group,58.0,Healthcare Industry,58.0,Healthcare Activity,58.0,1984.0
SYN2551.X,SY0000002551,Synthetic Firm 2551,United Kingdom,United Kingdom,Industrials,56.0,Industrials Services,56.0,Industrials Group,56.0,Industrials Industry,56.0,Industrials Activity,56.0,1984.0
SYN2552.X,SY0000002552,Synthetic Firm 2552,Portugal,Portugal,Industrials,56.0,Industrials Services,56.0,Industrials Group,56.0,Industrials Industry,56.0,Industrials Activity,56.0,1964.0
SYN2553.X,SY0000002553,Synthetic Firm 2553,United Kingdom,United Kingdom,Healthcare,58.0,Healthcare Services,58.0,Healthcare Group,58.0,Healthcare Industry,58.0,Healthcare Activity,58.0,2007.0
SYN2554.X,SY0000002554,Synthetic Firm 2554,Hungary,Hungary,Basic Materials,59.0,Basic Materials Services,59.0,Basic Materials Group,59.0,Basic Materials Industry,59.0,Basic Materials Activity,59.0,1947.0
SYN2555.X,SY0000002555,Synthetic Firm 2555,Belgium,Belgium,Industrials,56.0,Industrials Services,56.0,Industrials Group,56.0,Industrials Industry,56.0,Industrials Activity,56.0,2007.0
SYN2556.X,SY0000002556,Synthetic Firm 2556,Iceland,Iceland,Utilities,57.0,Utilities Services,57.0,Utilities Group,57.0,Utilities Industry,57.0,Utilities Activity,57.0,2022.0
SYN2557.X,SY0000002557,Synthetic Firm 2557,Switzerland,Switzerland,Industrials,56.0,Industrials Services,56.0,Industrials Group,56.0,Industrials Industry,56.0,Industrials Activity,56.0,1975.0
SYN2558.X,SY0000002558,Synthetic Firm 2558,Israel,Israel,Industrials,56.0,Industrials Services,56.0,Industrials Group,56.0,Industrials Industry,56.0,Industrials Activity,56.0,2004.0
SYN2559.X,SY0000002559,Synthetic Firm 2559,France,France,Consumer Non-Cyclicals,52.0,Consumer Non-Cyclicals Services,52.0,Consumer Non-Cyclicals Group,52.0,Consumer Non-Cyclicals Industry,52.0,Consumer Non-Cyclicals Activity,52.0,1991.0
SYN2560.X,SY0000002560,Synthetic Firm 2560,Romania,Romania,Financials,50.0,Financials Services,50.0,Financials Group,50.0,Financials Industry,50.0,Financials Activity,50.0,1965.0
SYN2561.X,SY0000002561,Synthetic Firm 2561,United Kingdom,United Kingdom,Financials,50.0,Financials Services,50.0,Financials Group,50.0,Financials Industry,50.0,Financials Activity,50.0,2019.0
SYN2562.X,SY0000002562,Synthetic Firm 2562,Germany,Germany,Consumer Non-Cyclicals,52.0,Consumer Non-Cyclicals Services,52.0,Consumer Non-Cyclicals Group,52.0,Consumer Non-Cyclicals Industry,52.0,Consumer Non-Cyclicals Activity,52.0,1983.0
SYN2563.X,SY0000002563,Synthetic Firm 2563,Romania,Romania,Technology,53.0,Technology Services,53.0,Technology Group,53.0,Technology Industry,53.0,Technology Activity,53.0,1976.0
SYN2564.X,SY0000002564,Synthetic Firm 2564,United Kingdom,United Kingdom,Basic Materials,59.0,Basic Materials Services,59.0,Basic Materials Group,59.0,Basic Materials Industry,59.0,Basic Materials Activity,59.0,2015.0
SYN2565.X,SY0000002565,Synthetic Firm 2565,Russia,Russia,Industrials,56.0,Industrials Services,56.0,Industrials Group,56.0,Industrials Industry,56.0,Industrials Activity,56.0,1994.0
SYN2566.X,SY0000002566,Synthetic Firm 2566,Ireland,Ireland,Consumer Cyclicals,51.0,Consumer Cyclicals Services,51.0,Consumer Cyclicals Group,51.0,Consumer Cyclicals Industry,51.0,Consumer Cyclicals Activity,51.0,2021.0
SYN2567.X,SY0000002567,Synthetic Firm 2567,Israel,Israel,Real Estate,55.0,Real Estate Services,55.0,Real Estate Group,55.0,Real Estate Industry,55.0,Real Estate Activity,55.0,2023.0
SYN2568.X,SY0000002568,Synthetic Firm 2568,Austria,Austria,Financials,50.0,Financials Services,50.0,Financials Group,50.0,Financials Industry,50.0,Financials Activity,50.0,2014.0
SYN2569.X,SY0000002569,Synthetic Firm 2569,Spain,Spain,Consumer Non-Cyclicals,52.0,Consumer Non-Cyclicals Services,52.0,Consumer Non-Cyclicals Group,52.0,Consumer Non-Cyclicals Industry,52.0,Consumer Non-Cyclicals Activity,52.0,2016.0
SYN2570.X,SY0000002570,Synthetic Firm 2570,United Kingdom,United Kingdom,Utilities,57.0,Utilities Services,57.0,Utilities Group,57.0,Utilities Industry,57.0,Utilities Activity,57.0,2011.0
SYN2571.X,SY0000002571,Synthetic Firm 2571,United Kingdom,United Kingdom,Financials,50.0,Financials Services,50.0,Financials Group,50.0,Financials Industry,50.0,Financials Activity,50.0,1970.0
SYN2572.X,SY0000002572,Synthetic Firm 2572,Czechia,Czechia,Financials,50.0,Financials Services,50.0,Financials Group,50.0,Financials Industry,50.0,Financials Activity,50.0,1983.0
SYN2573.X,SY0000002573,Synthetic Firm 2573,United Kingdom,United Kingdom,Industrials,56.0,Industrials Services,56.0,Industrials Group,56.0,Industrials Industry,56.0,Industrials Activity,56.0,1976.0
SYN2574.X,SY0000002574,Synthetic Firm 2574,Switzerland,Switzerland,Consumer Cyclicals,51.0,Consumer Cyclicals Services,51.0,Consumer Cyclicals Group,51.0,Consumer Cyclicals Industry,51.0,Consumer Cyclicals Activity,51.0,2011.0
SYN2575.X,SY0000002575,Synthetic Firm 2575,United Kingdom,United Kingdom,Consumer Cyclicals,51.0,Consumer Cyclicals Services,51.0,Consumer Cyclicals Group,51.0,Consumer Cyclicals Industry,51.0,Consumer Cyclicals Activity,51.0,2013.0
SYN2576.X,SY0000002576,Synthetic Firm 2576,Sweden,Sweden,Basic Materials,59.0,Basic Materials Services,59.0,Basic Materials Group,59.0,Basic Materials Industry,59.0,Basic Materials Activity,59.0,1974.0
SYN2577.X,SY0000002577,Synthetic Firm 2577,Portugal,Portugal,Industrials,56.0,Industrials Services,56.0,Industrials Group,56.0,Industrials Industry,56.0,Industrials Activity,56.0,2025.0
SYN2578.X,SY0000002578,Synthetic Firm 2578,Sweden,Sweden,Industrials,56.0,Industrials Services,56.0,Industrials Group,56.0,Industrials Industry,56.0,Industrials Activity,56.0,1981.0
SYN2579.X,SY0000002579,Synthetic Firm 2579,United Kingdom,United Kingdom,Industrials,56.0,Industrials Services,56.0,Industrials Group,56.0,Industrials Industry,56.0,Industrials Activity,56.0,1935.0
SYN2580.X,SY0000002580,Synthetic Firm 2580,Austria,Austria,Industrials,56.0,Industrials Services,56.0,Industrials Group,56.0,Industrials Industry,56.0,Industrials Activity,56.0,1980.0
SYN2581.X,SY0000002581,Synthetic Firm 2581,Switzerland,Switzerland,Consumer Non-Cyclicals,52.0,Consumer Non-Cyclicals Services,52.0,Consumer Non-Cyclicals Group,52.0,Consumer Non-Cyclicals Industry,52.0,Consumer Non-Cyclicals Activity,52.0,2006.0
SYN2582.X,SY0000002582,Synthetic Firm 2582,Germany,Germany,Consumer Cyclicals,51.0,Consumer Cyclicals Services,51.0,Consumer Cyclicals Group,51.0,Consumer Cyclicals Industry,51.0,Consumer Cyclicals Activity,51.0,1952.0
SYN2583.X,SY0000002583,Synthetic Firm 2583,United Kingdom,United Kingdom,Financials,50.0,Financials Services,50.0,Financials Group,50.0,Financials Industry,50.0,Financials Activity,50.0,2006.0
SYN2584.X,SY0000002584,Synthetic Firm 2584,Greece,Greece,Technology,53.0,Technology Services,53.0,Technology Group,53.0,Technology Industry,53.0,Technology Activity,53.0,2024.0
SYN2585.X,SY0000002585,Synthetic Firm 2585,Turkey,Turkey,Financials,50.0,Financials Services,50.0,Financials Group,50.0,Financials Industry,50.0,Financials Activity,50.0,0.0
SYN2586.X,SY0000002586,Synthetic Firm 2586,United Kingdom,United Kingdom,Real Estate,55.0,Real Estate Services,55.0,Real Estate Group,55.0,Real Estate Industry,55.0,Real Estate Activity,55.0,2010.0
SYN2587.X,SY0000002587,Synthetic Firm 2587,Turkey,Turkey,Financials,50.0,Financials Services,50.0,Financials Group,50.0,Financials Industry,50.0,Financials Activity,50.0,1944.0
SYN2588.X,SY0000002588,Synthetic Firm 2588,Luxembourg,Luxembourg,Technology,53.0,Technology Services,53.0,Technology Group,53.0,Technology Industry,53.0,Technology Activity,53.0,2020.0
SYN2589.X,SY0000002589,Synthetic Firm 2589,Switzerland,Switzerland,Technology,53.0,Technology Services,53.0,Technology Group,53.0,Technology Industry,53.0,Technology Activity,53.0,2009.0
SYN2590.X,SY0000002590,Synthetic Firm 2590,United Kingdom,United Kingdom,Healthcare,58.0,Healthcare Services,58.0,Healthcare Group,58.0,Healthcare Industry,58.0,Healthcare Activity,58.0,1985.0
SYN2591.X,SY0000002591,Synthetic Firm 2591,Switzerland,Switzerland,Basic Materials,59.0,Basic Materials Services,59.0,Basic Materials Group,59.0,Basic Materials Industry,59.0,Basic Materials Activity,59.0,2002.0
SYN2592.X,SY0000002592,Synthetic Firm 2592,Portugal,Portugal,Basic Materials,59.0,Basic Materials Services,59.0,Basic Materials Group,59.0,Basic Materials Industry,59.0,Basic Materials Activity,59.0,2006.0
SYN2593.X,SY0000002593,Synthetic Firm 2593,Germany,Germany,Basic Materials,59.0,Basic Materials Services,59.0,Basic Materials Group,59.0,Basic Materials Industry,59.0,Basic Materials Activity,59.0,2022.0
SYN2594.X,SY0000002594,Synthetic Firm 2594,United Kingdom,United Kingdom,Industrials,56.0,Industrials Services,56.0,Industrials Group,56.0,Industrials Industry,56.0,Industrials Activity,56.0,1967.0
SYN2595.X,SY0000002595,Synthetic Firm 2595,Spain,Spain,Industrials,56.0,Industrials Services,56.0,Industrials Group,56.0,Industrials Industry,56.0,Industrials Activity,56.0,1997.0
SYN2596.X,SY0000002596,Synthetic Firm 2596,Norway,Norway,Energy,54.0,Energy Services,54.0,Energy Group,54.0,Energy Industry,54.0,Energy Activity,54.0,2022.0
SYN2597.X,SY0000002597,Synthetic Firm 2597,Luxembourg,Luxembourg,Consumer Non-Cyclicals,52.0,Consumer Non-Cyclicals Services,52.0,Consumer Non-Cyclicals Group,52.0,Consumer Non-Cyclicals Industry,52.0,Consumer Non-Cyclicals Activity,52.0,1960.0
SYN2598.X,SY0000002598,Synthetic Firm 2598,France,France,Financials,50.0,Financials Services,50.0,Financials Group,50.0,Financials Industry,50.0,Financials Activity,50.0,1978.0
SYN2599.X,SY0000002599,Synthetic Firm 2599,United Kingdom,United Kingdom,Real Estate,55.0,Real Estate Services,55.0,Real Estate Group,55.0,Real Estate Industry,55.0,Real Estate Activity,55.0,2001.0
SYN2600.X,SY0000002600,Synthetic Firm 2600,United Kingdom,United Kingdom,Technology,53.0,Technology Services,53.0,Technology Group,53.0,Technology Industry,53.0,Technology Activity,53.0,1996.0
SYN2601.X,SY0000002601,Synthetic Firm 2601,United Kingdom,United Kingdom,Basic Materials,59.0,Basic Materials Services,59.0,Basic Materials Group,59.0,Basic Materials Industry,59.0,Basic Materials Activity,59.0,2007.0
SYN2602.X,SY0000002602,Synthetic Firm 2602,United Kingdom,United Kingdom,Basic Materials,59.0,Basic Materials Services,59.0,Basic Materials Group,59.0,Basic Materials Industry,59.0,Basic Materials Activity,59.0,1974.0
SYN2603.X,SY0000002603,Synthetic Firm 2603,Sweden,Sweden,Consumer Cyclicals,51.0,Consumer Cyclicals Services,51.0,Consumer Cyclicals Group,51.0,Consumer Cyclicals Industry,51.0,Consumer Cyclicals Activity,51.0,1915.0
SYN2604.X,SY0000002604,Synthetic Firm 2604,Spain,Spain,Industrials,56.0,Industrials Services,56.0,Industrials Group,56.0,Industrials Industry,56.0,Industrials Activity,56.0,1996.0
SYN2605.X,SY0000002605,Synthetic Firm 2605,Czechia,Czechia,Basic Materials,59.0,Basic Materials Services,59.0,Basic Materials Group,59.0,Basic Materials Industry,59.0,Basic Materials Activity,59.0,2009.0
SYN2606.X,SY0000002606,Synthetic Firm 2606,United Kingdom,United Kingdom,Industrials,56.0,Industrials Services,56.0,Industrials Group,56.0,Industrials Industry,56.0,Industrials Activity,56.0,2014.0
SYN2607.X,SY0000002607,Synthetic Firm 2607,Romania,Romania,Consumer Cyclicals,51.0,Consumer Cyclicals Services,51.0,Consumer Cyclicals Group,51.0,Consumer Cyclicals Industry,51.0,Consumer Cyclicals Activity,51.0,2010.0
SYN2608.X,SY0000002608,Synthetic Firm 2608,Switzerland,Switzerland,Industrials,56.0,Industrials Services,56.0,Industrials Group,56.0,Industrials Industry,56.0,Industrials Activity,56.0,1945.0
SYN2609.X,SY0000002609,Synthetic Firm 2609,Spain,Spain,Basic Materials,59.0,Basic Materials Services,59.0,Basic Materials Group,59.0,Basic Materials Industry,59.0,Basic Materials Activity,59.0,2012.0
SYN2610.X,SY0000002610,Synthetic Firm 2610,Germany,Germany,Consumer Cyclicals,51.0,Consumer Cyclicals Services,51.0,Consumer Cyclicals Group,51.0,Consumer Cyclicals Industry,51.0,Consumer Cyclicals Activity,51.0,1994.0
SYN2611.X,SY0000002611,Synthetic Firm 2611,Sweden,Sweden,Financials,50.0,Financials Services,50.0,Financials Group,50.0,Financials Industry,50.0,Financials Activity,50.0,1951.0
SYN2612.X,SY0000002612,Synthetic Firm 2612,United Kingdom,United Kingdom,Healthcare,58.0,Healthcare Services,58.0,Healthcare Group,58.0,Healthcare Industry,58.0,Healthcare Activity,58.0,1997.0
SYN2613.X,SY0000002613,Synthetic Firm 2613,Netherlands,Netherlands,Real Estate,55.0,Real Estate Services,55.0,Real Estate Group,55.0,Real Estate Industry,55.0,Real Estate Activity,55.0,1977.0
SYN2614.X,SY0000002614,Synthetic Firm 2614,United Kingdom,United Kingdom,Basic Materials,59.0,Basic Materials Services,59.0,Basic Materials Group,59.0,Basic Materials Industry,59.0,Basic Materials Activity,59.0,1953.0
SYN2615.X,SY0000002615,Synthetic Firm 2615,United Kingdom,United Kingdom,Industrials,56.0,Industrials Services,56.0,Industrials Group,56.0,Industrials Industry,56.0,Industrials Activity,56.0,0.0
SYN2616.X,SY0000002616,Synthetic Firm 2616,Belgium,Belgium,Real Estate,55.0,Real Estate Services,55.0,Real Estate Group,55.0,Real Estate Industry,55.0,Real Estate Activity,55.0,0.0
SYN2617.X,SY0000002617,Synthetic Firm 2617,Germany,Germany,Financials,50.0,Financials Services,50.0,Financials Group,50.0,Financials Industry,50.0,Financials Activity,50.0,1963.0
SYN2618.X,SY0000002618,Synthetic Firm 2618,Switzerland,Switzerland,Financials,50.0,Financials Services,50.0,Financials Group,50.0,Financials Industry,50.0,Financials Activity,50.0,1972.0
SYN2619.X,SY0000002619,Synthetic Firm 2619,Germany,Germany,Basic Materials,59.0,Basic Materials Services,59.0,Basic Materials Group,59.0,Basic Materials Industry,59.0,Basic Materials Activity,59.0,2024.0
SYN2620.X,SY0000002620,Synthetic Firm 2620,Russia,Russia,Financials,50.0,Financials Services,50.0,Financials Group,50.0,Financials Industry,50.0,Financials Activity,50.0,2011.0
SYN2621.X,SY0000002621,Synthetic Firm 2621,Germany,Germany,Basic Materials,59.0,Basic Materials Services,59.0,Basic Materials Group,59.0,Basic Materials Industry,59.0,Basic Materials Activity,59.0,1988.0
SYN2622.X,SY0000002622,Synthetic Firm 2622,United Kingdom,United Kingdom,Real Estate,55.0,Real Estate Services,55.0,Real Estate Group,55.0,Real Estate Industry,55.0,Real Estate Activity,55.0,2002.0
SYN2623.X,SY0000002623,Synthetic Firm 2623,Hungary,Hungary,Financials,50.0,Financials Services,50.0,Financials Group,50.0,Financials Industry,50.0,Financials Activity,50.0,1973.0
SYN2624.X,SY0000002624,Synthetic Firm 2624,Denmark,Denmark,Real Estate,55.0,Real Estate Services,55.0,Real Estate Group,55.0,Real Estate Industry,55.0,Real Estate Activity,55.0,0.0
SYN2625.X,SY0000002625,Synthetic Firm 2625,Israel,Israel,Technology,53.0,Technology Services,53.0,Technology Group,53.0,Technology Industry,53.0,Technology Activity,53.0,2003.0
SYN2626.X,SY0000002626,Synthetic Firm 2626,United Kingdom,United Kingdom,Healthcare,58.0,Healthcare Services,58.0,Healthcare Group,58.0,Healthcare Industry,58.0,Healthcare Activity,58.0,1994.0
SYN2627.X,SY0000002627,Synthetic Firm 2627,Poland,Poland,Technology,53.0,Technology Services,53.0,Technology Group,53.0,Technology Industry,53.0,Technology Activity,53.0,2008.0
SYN2628.X,SY0000002628,Synthetic Firm 2628,Denmark,Denmark,Financials,50.0,Financials Services,50.0,Financials Group,50.0,Financials Industry,50.0,Financials Activity,50.0,1977.0
SYN2629.X,SY0000002629,Synthetic Firm 2629,Poland,Poland,Energy,54.0,Energy Services,54.0,Energy Group,54.0,Energy Industry,54.0,Energy Activity,54.0,2016.0
SYN2630.X,SY0000002630,Synthetic Firm 2630,Hungary,Hungary,Financials,50.0,Financials Services,50.0,Financials Group,50.0,Financials Industry,50.0,Financials Activity,50.0,2000.0
SYN2631.X,SY0000002631,Synthetic Firm 2631,United Kingdom,United Kingdom,Financials,50.0,Financials Services,50.0,Financials Group,50.0,Financials Industry,50.0,Financials Activity,50.0,1959.0
SYN2632.X,SY0000002632,Synthetic Firm 2632,United Kingdom,United Kingdom,Industrials,56.0,Industrials Services,56.0,Industrials Group,56.0,Industrials Industry,56.0,Industrials Activity,56.0,2011.0
SYN2633.X,SY0000002633,Synthetic Firm 2633,Iceland,Iceland,Financials,50.0,Financials Services,50.0,Financials Group,50.0,Financials Industry,50.0,Financials Activity,50.0,2023.0
SYN2634.X,SY0000002634,Synthetic Firm 2634,Sweden,Sweden,Financials,50.0,Financials Services,50.0,Financials Group,50.0,Financials Industry,50.0,Financials Activity,50.0,2007.0
SYN2635.X,SY0000002635,Synthetic Firm 2635,Turkey,Turkey,Technology,53.0,Technology Services,53.0,Technology Group,53.0,Technology Industry,53.0,Technology Activity,53.0,2023.0
SYN2636.X,SY0000002636,Synthetic Firm 2636,Turkey,Turkey,Industrials,56.0,Industrials Services,56.0,Industrials Group,56.0,Industrials Industry,56.0,Industrials Activity,56.0,2023.0
SYN2637.X,SY0000002637,Synthetic Firm 2637,United Kingdom,United Kingdom,Industrials,56.0,Industrials Services,56.0,Industrials Group,56.0,Industrials Industry,56.0,Industrials Activity,56.0,2018.0
SYN2638.X,SY0000002638,Synthetic Firm 2638,Switzerland,Switzerland,Industrials,56.0,Industrials Services,56.0,Industrials Group,56.0,Industrials Industry,56.0,Industrials Activity,56.0,2018.0
SYN2639.X,SY0000002639,Synthetic Firm 2639,Sweden,Sweden,Financials,50.0,Financials Services,50.0,Financials Group,50.0,Financials Industry,50.0,Financials Activity,50.0,1939.0
SYN2640.X,SY0000002640,Synthetic Firm 2640,United Kingdom,United Kingdom,Financials,50.0,Financials Services,50.0,Financials Group,50.0,Financials Industry,50.0,Financials Activity,50.0,1990.0
SYN2641.X,SY0000002641,Synthetic Firm 2641,Germany,Germany,Consumer Non-Cyclicals,52.0,Consumer Non-Cyclicals Services,52.0,Consumer Non-Cyclicals Group,52.0,Consumer Non-Cyclicals Industry,52.0,Consumer Non-Cyclicals Activity,52.0,2015.0
SYN2642.X,SY0000002642,Synthetic Firm 2642,Sweden,Sweden,Energy,54.0,Energy Services,54.0,Energy Group,54.0,Energy Industry,54.0,Energy Activity,54.0,2003.0
SYN2643.X,SY0000002643,Synthetic Firm 2643,Sweden,Sweden,Financials,50.0,Financials Services,50.0,Financials Group,50.0,Financials Industry,50.0,Financials Activity,50.0,1981.0
SYN2644.X,SY0000002644,Synthetic Firm 2644,Sweden,Sweden,Technology,53.0,Technology Services,53.0,Technology Group,53.0,Technology Industry,53.0,Technology Activity,53.0,2016.0
SYN2645.X,SY0000002645,Synthetic Firm 2645,United Kingdom,United Kingdom,Industrials,56.0,Industrials Services,56.0,Industrials Group,56.0,Industrials Industry,56.0,Industrials Activity,56.0,2024.0
SYN2646.X,SY0000002646,Synthetic Firm 2646,United Kingdom,United Kingdom,Financials,50.0,Financials Services,50.0,Financials Group,50.0,Financials Industry,50.0,Financials Activity,50.0,1976.0
SYN2647.X,SY0000002647,Synthetic Firm 2647,Ireland,Ireland,Basic Materials,59.0,Basic Materials Services,59.0,Basic Materials Group,59.0,Basic Materials Industry,59.0,Basic Materials Activity,59.0,1982.0
SYN2648.X,SY0000002648,Synthetic Firm 2648,Switzerland,Switzerland,Real Estate,55.0,Real Estate Services,55.0,Real Estate Group,55.0,Real Estate Industry,55.0,Real Estate Activity,55.0,1982.0
SYN2649.X,SY0000002649,Synthetic Firm 2649,Germany,Germany,Consumer Cyclicals,51.0,Consumer Cyclicals Services,51.0,Consumer Cyclicals Group,51.0,Consumer Cyclicals Industry,51.0,Consumer Cyclicals Activity,51.0,2017.0
SYN2650.X,SY0000002650,Synthetic Firm 2650,Denmark,Denmark,Technology,53.0,Technology Services,53.0,Technology Group,53.0,Technology Industry,53.0,Technology Activity,53.0,1949.0
SYN2651.X,SY0000002651,Synthetic Firm 2651,France,France,Consumer Cyclicals,51.0,Consumer Cyclicals Services,51.0,Consumer Cyclicals Group,51.0,Consumer Cyclicals Industry,51.0,Consumer Cyclicals Activity,51.0,2000.0
SYN2652.X,SY0000002652,Synthetic Firm 2652,Germany,Germany,Basic Materials,59.0,Basic Materials Services,59.0,Basic Materials Group,59.0,Basic Materials Industry,59.0,Basic Materials Activity,59.0,1983.0
SYN2653.X,SY0000002653,Synthetic Firm 2653,Turkey,Turkey,Utilities,57.0,Utilities Services,57.0,Utilities Group,57.0,Utilities Industry,57.0,Utilities Activity,57.0,2003.0
SYN2654.X,SY0000002654,Synthetic Firm 2654,Ireland,Ireland,Healthcare,58.0,Healthcare Services,58.0,Healthcare Group,58.0,Healthcare Industry,58.0,Healthcare Activity,58.0,2018.0
SYN2655.X,SY0000002655,Synthetic Firm 2655,Switzerland,Switzerland,Industrials,56.0,Industrials Services,56.0,Industrials Group,56.0,Industrials Industry,56.0,Industrials Activity,56.0,2020.0
SYN2656.X,SY0000002656,Synthetic Firm 2656,Sweden,Sweden,Financials,50.0,Financials Services,50.0,Financials Group,50.0,Financials Industry,50.0,Financials Activity,50.0,2011.0
SYN2657.X,SY0000002657,Synthetic Firm 2657,United Kingdom,United Kingdom,Financials,50.0,Financials Services,50.0,Financials Group,50.0,Financials Industry,50.0,Financials Activity,50.0,2023.0
SYN2658.X,SY0000002658,Synthetic Firm 2658,Switzerland,Switzerland,Industrials,56.0,Industrials Services,56.0,Industrials Group,56.0,Industrials Industry,56.0,Industrials Activity,56.0,1934.0
SYN2659.X,SY0000002659,Synthetic Firm 2659,Ireland,Ireland,Industrials,56.0,Industrials Services,56.0,Industrials Group,56.0,Industrials Industry,56.0,Industrials Activity,56.0,2021.0
SYN2660.X,SY0000002660,Synthetic Firm 2660,United Kingdom,United Kingdom,Industrials,56.0,Industrials Services,56.0,Industrials Group,56.0,Industrials Industry,56.0,Industrials Activity,56.0,0.0
SYN2661.X,SY0000002661,Synthetic Firm 2661,Germany,Germany,Basic Materials,59.0,Basic Materials Services,59.0,Basic Materials Group,59.0,Basic Materials Industry,59.0,Basic Materials Activity,59.0,1981.0
SYN2662.X,SY0000002662,Synthetic Firm 2662,Bulgaria,Bulgaria,Financials,50.0,Financials Services,50.0,Financials Group,50.0,Financials Industry,50.0,Financials Activity,50.0,1949.0
SYN2663.X,SY0000002663,Synthetic Firm 2663,Spain,Spain,Utilities,57.0,Utilities Services,57.0,Utilities Group,57.0,Utilities Industry,57.0,Utilities Activity,57.0,1950.0
SYN2664.X,SY0000002664,Synthetic Firm 2664,Netherlands,Netherlands,Consumer Non-Cyclicals,52.0,Consumer Non-Cyclicals Services,52.0,Consumer Non-Cyclicals Group,52.0,Consumer Non-Cyclicals Industry,52.0,Consumer Non-Cyclicals Activity,52.0,2008.0
SYN2665.X,SY0000002665,Synthetic Firm 2665,United Kingdom,United Kingdom,Industrials,56.0,Industrials Services,56.0,Industrials Group,56.0,Industrials Industry,56.0,Industrials Activity,56.0,2000.0
SYN2666.X,SY0000002666,Synthetic Firm 2666,Belgium,Belgium,Consumer Cyclicals,51.0,Consumer Cyclicals Services,51.0,Consumer Cyclicals Group,51.0,Consumer Cyclicals Industry,51.0,Consumer Cyclicals Activity,51.0,1976.0
SYN2667.X,SY0000002667,Synthetic Firm 2667,Switzerland,Switzerland,Financials,50.0,Financials Services,50.0,Financials Group,50.0,Financials Industry,50.0,Financials Activity,50.0,2014.0
SYN2668.X,SY0000002668,Synthetic Firm 2668,United Kingdom,United Kingdom,Technology,53.0,Technology Services,53.0,Technology Group,53.0,Technology Industry,53.0,Technology Activity,53.0,2016.0
SYN2669.X,SY0000002669,Synthetic Firm 2669,Austria,Austria,Consumer Non-Cyclicals,52.0,Consumer Non-Cyclicals Services,52.0,Consumer Non-Cyclicals Group,52.0,Consumer Non-Cyclicals Industry,52.0,Consumer Non-Cyclicals Activity,52.0,2010.0
SYN2670.X,SY0000002670,Synthetic Firm 2670,Poland,Poland,Technology,53.0,Technology Services,53.0,Technology Group,53.0,Technology Industry,53.0,Technology Activity,53.0,2004.0
SYN2671.X,SY0000002671,Synthetic Firm 2671,United Kingdom,United Kingdom,Consumer Non-Cyclicals,52.0,Consumer Non-Cyclicals Services,52.0,Consumer Non-Cyclicals Group,52.0,Consumer Non-Cyclicals Industry,52.0,Consumer Non-Cyclicals Activity,52.0,1964.0
SYN2672.X,SY0000002672,Synthetic Firm 2672,Germany,Germany,Consumer Cyclicals,51.0,Consumer Cyclicals Services,51.0,Consumer Cyclicals Group,51.0,Consumer Cyclicals Industry,51.0,Consumer Cyclicals Activity,51.0,2010.0
SYN2673.X,SY0000002673,Synthetic Firm 2673,Sweden,Sweden,Basic Materials,59.0,Basic Materials Services,59.0,Basic Materials Group,59.0,Basic Materials Industry,59.0,Basic Materials Activity,59.0,2006.0
SYN2674.X,SY0000002674,Synthetic Firm 2674,United Kingdom,United Kingdom,Financials,50.0,Financials Services,50.0,Financials Group,50.0,Financials Industry,50.0,Financials Activity,50.0,1952.0
SYN2675.X,SY0000002675,Synthetic Firm 2675,Austria,Austria,Basic Materials,59.0,Basic Materials Services,59.0,Basic Materials Group,59.0,Basic Materials Industry,59.0,Basic Materials Activity,59.0,1989.0
SYN2676.X,SY0000002676,Synthetic Firm 2676,France,France,Financials,50.0,Financials Services,50.0,Financials Group,50.0,Financials Industry,50.0,Financials Activity,50.0,1952.0
SYN2677.X,SY0000002677,Synthetic Firm 2677,Germany,Germany,Financials,50.0,Financials Services,50.0,Financials Group,50.0,Financials Industry,50.0,Financials Activity,50.0,1946.0
SYN2678.X,SY0000002678,Synthetic Firm 2678,Germany,Germany,Consumer Cyclicals,51.0,Consumer Cyclicals Services,51.0,Consumer Cyclicals Group,51.0,Consumer Cyclicals Industry,51.0,Consumer Cyclicals Activity,51.0,2003.0
SYN2679.X,SY0000002679,Synthetic Firm 2679,Norway,Norway,Healthcare,58.0,Healthcare Services,58.0,Healthcare Group,58.0,Healthcare Industry,58.0,Healthcare Activity,58.0,2011.0
SYN2680.X,SY0000002680,Synthetic Firm 2680,Poland,Poland,Energy,54.0,Energy Services,54.0,Energy Group,54.0,Energy Industry,54.0,Energy Activity,54.0,2024.0
SYN2681.X,SY0000002681,Synthetic Firm 2681,Sweden,Sweden,Consumer Cyclicals,51.0,Consumer Cyclicals Services,51.0,Consumer Cyclicals Group,51.0,Consumer Cyclicals Industry,51.0,Consumer Cyclicals Activity,51.0,2011.0
SYN2682.X,SY0000002682,Synthetic Firm 2682,Spain,Spain,Energy,54.0,Energy Services,54.0,Energy Group,54.0,Energy Industry,54.0,Energy Activity,54.0,2019.0
SYN2683.X,SY0000002683,Synthetic Firm 2683,Switzerland,Switzerland,Industrials,56.0,Industrials Services,56.0,Industrials Group,56.0,Industrials Industry,56.0,Industrials Activity,56.0,1964.0
SYN2684.X,SY0000002684,Synthetic Firm 2684,Romania,Romania,Financials,50.0,Financials Services,50.0,Financials Group,50.0,Financials Industry,50.0,Financials Activity,50.0,1993.0
SYN2685.X,SY0000002685,Synthetic Firm 2685,Germany,Germany,Financials,50.0,Financials Services,50.0,Financials Group,50.0,Financials Industry,50.0,Financials Activity,50.0,1975.0
SYN2686.X,SY0000002686,Synthetic Firm 2686,France,France,Industrials,56.0,Industrials Services,56.0,Industrials Group,56.0,Industrials Industry,56.0,Industrials Activity,56.0,2000.0
SYN2687.X,SY0000002687,Synthetic Firm 2687,Czechia,Czechia,Technology,53.0,Technology Services,53.0,Technology Group,53.0,Technology Industry,53.0,Technology Activity,53.0,1982.0
SYN2688.X,SY0000002688,Synthetic Firm 2688,France,France,Technology,53.0,Technology Services,53.0,Technology Group,53.0,Technology Industry,53.0,Technology Activity,53.0,1955.0
SYN2689.X,SY0000002689,Synthetic Firm 2689,Switzerland,Switzerland,Financials,50.0,Financials Services,50.0,Financials Group,50.0,Financials Industry,50.0,Financials Activity,50.0,1954.0
SYN2690.X,SY0000002690,Synthetic Firm 2690,Denmark,Denmark,Consumer Cyclicals,51.0,Consumer Cyclicals Services,51.0,Consumer Cyclicals Group,51.0,Consumer Cyclicals Industry,51.0,Consumer Cyclicals Activity,51.0,2020.0
SYN2691.X,SY0000002691,Synthetic Firm 2691,Sweden,Sweden,Industrials,56.0,Industrials Services,56.0,Industrials Group,56.0,Industrials Industry,56.0,Industrials Activity,56.0,1928.0
SYN2692.X,SY0000002692,Synthetic Firm 2692,United Kingdom,United Kingdom,Consumer Cyclicals,51.0,Consumer Cyclicals Services,51.0,Consumer Cyclicals Group,51.0,Consumer Cyclicals Industry,51.0,Consumer Cyclicals Activity,51.0,1967.0
SYN2693.X,SY0000002693,Synthetic Firm 2693,United Kingdom,United Kingdom,Financials,50.0,Financials Services,50.0,Financials Group,50.0,Financials Industry,50.0,Financials Activity,50.0,1935.0
SYN2694.X,SY0000002694,Synthetic Firm 2694,Italy,Italy,Consumer Non-Cyclicals,52.0,Consumer Non-Cyclicals Services,52.0,Consumer Non-Cyclicals Group,52.0,Consumer Non-Cyclicals Industry,52.0,Consumer Non-Cyclicals Activity,52.0,2020.0
SYN2695.X,SY0000002695,Synthetic Firm 2695,France,France,Industrials,56.0,Industrials Services,56.0,Industrials Group,56.0,Industrials Industry,56.0,Industrials Activity,56.0,2007.0
SYN2696.X,SY0000002696,Synthetic Firm 2696,France,France,Real Estate,55.0,Real Estate Services,55.0,Real Estate Group,55.0,Real Estate Industry,55.0,Real Estate Activity,55.0,1960.0
SYN2697.X,SY0000002697,Synthetic Firm 2697,United Kingdom,United Kingdom,Industrials,56.0,Industrials Services,56.0,Industrials Group,56.0,Industrials Industry,56.0,Industrials Activity,56.0,1962.0
SYN2698.X,SY0000002698,Synthetic Firm 2698,Italy,Italy,Technology,53.0,Technology Services,53.0,Technology Group,53.0,Technology Industry,53.0,Technology Activity,53.0,1985.0
SYN2699.X,SY0000002699,Synthetic Firm 2699,Germany,Germany,Financials,50.0,Financials Services,50.0,Financials Group,50.0,Financials Industry,50.0,Financials Activity,50.0,2001.0
SYN2700.X,SY0000002700,Synthetic Firm 2700,Netherlands,Netherlands,Energy,54.0,Energy Services,54.0,Energy Group,54.0,Energy Industry,54.0,Energy Activity,54.0,2010.0
SYN2701.X,SY0000002701,Synthetic Firm 2701,Sweden,Sweden,Financials,50.0,Financials Services,50.0,Financials Group,50.0,Financials Industry,50.0,Financials Activity,50.0,1996.0
SYN2702.X,SY0000002702,Synthetic Firm 2702,United Kingdom,United Kingdom,Consumer Cyclicals,51.0,Consumer Cyclicals Services,51.0,Consumer Cyclicals Group,51.0,Consumer Cyclicals Industry,51.0,Consumer Cyclicals Activity,51.0,2011.0
SYN2703.X,SY0000002703,Synthetic Firm 2703,United Kingdom,United Kingdom,Financials,50.0,Financials Services,50.0,Financials Group,50.0,Financials Industry,50.0,Financials Activity,50.0,2013.0
SYN2704.X,SY0000002704,Synthetic Firm 2704,Switzerland,Switzerland,Industrials,56.0,Industrials Services,56.0,Industrials Group,56.0,Industrials Industry,56.0,Industrials Activity,56.0,1993.0
SYN2705.X,SY0000002705,Synthetic Firm 2705,Sweden,Sweden,Technology,53.0,Technology Services,53.0,Technology Group,53.0,Technology Industry,53.0,Technology Activity,53.0,1976.0
SYN2706.X,SY0000002706,Synthetic Firm 2706,France,France,Financials,50.0,Financials Services,50.0,Financials Group,50.0,Financials Industry,50.0,Financials Activity,50.0,1974.0
SYN2707.X,SY0000002707,Synthetic Firm 2707,Greece,Greece,Industrials,56.0,Industrials Services,56.0,Industrials Group,56.0,Industrials Industry,56.0,Industrials Activity,56.0,2001.0
SYN2708.X,SY0000002708,Synthetic Firm 2708,Sweden,Sweden,Technology,53.0,Technology Services,53.0,Technology Group,53.0,Technology Industry,53.0,Technology Activity,53.0,0.0
SYN2709.X,SY0000002709,Synthetic Firm 2709,Switzerland,Switzerland,Industrials,56.0,Industrials Services,56.0,Industrials Group,56.0,Industrials Industry,56.0,Industrials Activity,56.0,2010.0
SYN2710.X,SY0000002710,Synthetic Firm 2710,Hungary,Hungary,Industrials,56.0,Industrials Services,56.0,Industrials Group,56.0,Industrials Industry,56.0,Industrials Activity,56.0,2011.0
SYN2711.X,SY0000002711,Synthetic Firm 2711,Czechia,Czechia,Consumer Cyclicals,51.0,Consumer Cyclicals Services,51.0,Consumer Cyclicals Group,51.0,Consumer Cyclicals Industry,51.0,Consumer Cyclicals Activity,51.0,2012.0
SYN2712.X,SY0000002712,Synthetic Firm 2712,Germany,Germany,Financials,50.0,Financials Services,50.0,Financials Group,50.0,Financials Industry,50.0,Financials Activity,50.0,1943.0
SYN2713.X,SY0000002713,Synthetic Firm 2713,United Kingdom,United Kingdom,Consumer Non-Cyclicals,52.0,Consumer Non-Cyclicals Services,52.0,Consumer Non-Cyclicals Group,52.0,Consumer Non-Cyclicals Industry,52.0,Consumer Non-Cyclicals Activity,52.0,0.0
SYN2714.X,SY0000002714,Synthetic Firm 2714,Germany,Germany,Technology,53.0,Technology Services,53.0,Technology Group,53.0,Technology Industry,53.0,Technology Activity,53.0,2019.0
SYN2715.X,SY0000002715,Synthetic Firm 2715,Hungary,Hungary,Financials,50.0,Financials Services,50.0,Financials Group,50.0,Financials Industry,50.0,Financials Activity,50.0,2003.0
SYN2716.X,SY0000002716,Synthetic Firm 2716,Italy,Italy,Healthcare,58.0,Healthcare Services,58.0,Healthcare Group,58.0,Healthcare Industry,58.0,Healthcare Activity,58.0,2008.0
SYN2717.X,SY0000002717,Synthetic Firm 2717,Netherlands,Netherlands,Technology,53.0,Technology Services,53.0,Technology Group,53.0,Technology Industry,53.0,Technology Activity,53.0,1990.0
SYN2718.X,SY0000002718,Synthetic Firm 2718,France,France,Industrials,56.0,Industrials Services,56.0,Industrials Group,56.0,Industrials Industry,56.0,Industrials Activity,56.0,2009.0
SYN2719.X,SY0000002719,Synthetic Firm 2719,United Kingdom,United Kingdom,Financials,50.0,Financials Services,50.0,Financials Group,50.0,Financials Industry,50.0,Financials Activity,50.0,2019.0
SYN2720.X,SY0000002720,Synthetic Firm 2720,United Kingdom,United Kingdom,Industrials,56.0,Industrials Services,56.0,Industrials Group,56.0,Industrials Industry,56.0,Industrials Activity,56.0,1987.0
SYN2721.X,SY0000002721,Synthetic Firm 2721,Italy,Italy,Financials,50.0,Financials Services,50.0,Financials Group,50.0,Financials Industry,50.0,Financials Activity,50.0,2004.0
SYN2722.X,SY0000002722,Synthetic Firm 2722,Switzerland,Switzerland,Real Estate,55.0,Real Estate Services,55.0,Real Estate Group,55.0,Real Estate Industry,55.0,Real Estate Activity,55.0,1996.0
SYN2723.X,SY0000002723,Synthetic Firm 2723,Latvia,Latvia,Industrials,56.0,Industrials Services,56.0,Industrials Group,56.0,Industrials Industry,56.0,Industrials Activity,56.0,0.0
SYN2724.X,SY0000002724,Synthetic Firm 2724,Hungary,Hungary,Financials,50.0,Financials Services,50.0,Financials Group,50.0,Financials Industry,50.0,Financials Activity,50.0,1978.0
SYN2725.X,SY0000002725,Synthetic Firm 2725,Luxembourg,Luxembourg,Financials,50.0,Financials Services,50.0,Financials Group,50.0,Financials Industry,50.0,Financials Activity,50.0,1971.0
SYN2726.X,SY0000002726,Synthetic Firm 2726,Switzerland,Switzerland,Industrials,56.0,Industrials Services,56.0,Industrials Group,56.0,Industrials Industry,56.0,Industrials Activity,56.0,2024.0
SYN2727.X,SY0000002727,Synthetic Firm 2727,Sweden,Sweden,Financials,50.0,Financials Services,50.0,Financials Group,50.0,Financials Industry,50.0,Financials Activity,50.0,2009.0
SYN2728.X,SY0000002728,Synthetic Firm 2728,Greece,Greece,Industrials,56.0,Industrials Services,56.0,Industrials Group,56.0,Industrials Industry,56.0,Industrials Activity,56.0,1949.0
SYN2729.X,SY0000002729,Synthetic Firm 2729,Switzerland,Switzerland,Real Estate,55.0,Real Estate Services,55.0,Real Estate Group,55.0,Real Estate Industry,55.0,Real Estate Activity,55.0,2003.0
SYN2730.X,SY0000002730,Synthetic Firm 2730,Russia,Russia,Energy,54.0,Energy Services,54.0,Energy Group,54.0,Energy Industry,54.0,Energy Activity,54.0,2004.0
SYN2731.X,SY0000002731,Synthetic Firm 2731,Switzerland,Switzerland,Consumer Non-Cyclicals,52.0,Consumer Non-Cyclicals Services,52.0,Consumer Non-Cyclicals Group,52.0,Consumer Non-Cyclicals Industry,52.0,Consumer Non-Cyclicals Activity,52.0,1986.0
SYN2732.X,SY0000002732,Synthetic Firm 2732,France,France,Consumer Cyclicals,51.0,Consumer Cyclicals Services,51.0,Consumer Cyclicals Group,51.0,Consumer Cyclicals Industry,51.0,Consumer Cyclicals Activity,51.0,1955.0
SYN2733.X,SY0000002733,Synthetic Firm 2733,Liechtenstein,Liechtenstein,Financials,50.0,Financials Services,50.0,Financials Group,50.0,Financials Industry,50.0,Financials Activity,50.0,2022.0
SYN2734.X,SY0000002734,Synthetic Firm 2734,United Kingdom,United Kingdom,Technology,53.0,Technology Services,53.0,Technology Group,53.0,Technology Industry,53.0,Technology Activity,53.0,2009.0
SYN2735.X,SY0000002735,Synthetic Firm 2735,United Kingdom,United Kingdom,Industrials,56.0,Industrials Services,56.0,Industrials Group,56.0,Industrials Industry,56.0,Industrials Activity,56.0,2015.0
SYN2736.X,SY0000002736,Synthetic Firm 2736,France,France,Basic Materials,59.0,Basic Materials Services,59.0,Basic Materials Group,59.0,Basic Materials Industry,59.0,Basic Materials Activity,59.0,2024.0
SYN2737.X,SY0000002737,Synthetic Firm 2737,Israel,Israel,Energy,54.0,Energy Services,54.0,Energy Group,54.0,Energy Industry,54.0,Energy Activity,54.0,1927.0
SYN2738.X,SY0000002738,Synthetic Firm 2738,Luxembourg,Luxembourg,Financials,50.0,Financials Services,50.0,Financials Group,50.0,Financials Industry,50.0,Financials Activity,50.0,1970.0
SYN2739.X,SY0000002739,Synthetic Firm 2739,Israel,Israel,Real Estate,55.0,Real Estate Services,55.0,Real Estate Group,55.0,Real Estate Industry,55.0,Real Estate Activity,55.0,0.0
SYN2740.X,SY0000002740,Synthetic Firm 2740,United Kingdom,United Kingdom,Industrials,56.0,Industrials Services,56.0,Industrials Group,56.0,Industrials Industry,56.0,Industrials Activity,56.0,1980.0
SYN2741.X,SY0000002741,Synthetic Firm 2741,Switzerland,Switzerland,Industrials,56.0,Industrials Services,56.0,Industrials Group,56.0,Industrials Industry,56.0,Industrials Activity,56.0,1964.0
SYN2742.X,SY0000002742,Synthetic Firm 2742,Czechia,Czechia,Real Estate,55.0,Real Estate Services,55.0,Real Estate Group,55.0,Real Estate Industry,55.0,Real Estate Activity,55.0,0.0
SYN2743.X,SY0000002743,Synthetic Firm 2743,Switzerland,Switzerland,Basic Materials,59.0,Basic Materials Services,59.0,Basic Materials Group,59.0,Basic Materials Industry,59.0,Basic Materials Activity,59.0,2014.0
SYN2744.X,SY0000002744,Synthetic Firm 2744,Switzerland,Switzerland,Industrials,56.0,Industrials Services,56.0,Industrials Group,56.0,Industrials Industry,56.0,Industrials Activity,56.0,2015.0
SYN2745.X,SY0000002745,Synthetic Firm 2745,France,France,Financials,50.0,Financials Services,50.0,Financials Group,50.0,Financials Industry,50.0,Financials Activity,50.0,2000.0
SYN2746.X,SY0000002746,Synthetic Firm 2746,Poland,Poland,Financials,50.0,Financials Services,50.0,Financials Group,50.0,Financials Industry,50.0,Financials Activity,50.0,1950.0
SYN2747.X,SY0000002747,Synthetic Firm 2747,United Kingdom,United Kingdom,Consumer Cyclicals,51.0,Consumer Cyclicals Services,51.0,Consumer Cyclicals Group,51.0,Consumer Cyclicals Industry,51.0,Consumer Cyclicals Activity,51.0,1975.0
SYN2748.X,SY0000002748,Synthetic Firm 2748,Switzerland,Switzerland,Technology,53.0,Technology Services,53.0,Technology Group,53.0,Technology Industry,53.0,Technology Activity,53.0,2020.0
SYN2749.X,SY0000002749,Synthetic Firm 2749,Switzerland,Switzerland,Healthcare,58.0,Healthcare Services,58.0,Healthcare Group,58.0,Healthcare Industry,58.0,Healthcare Activity,58.0,1910.0
SYN2750.X,SY0000002750,Synthetic Firm 2750,United Kingdom,United Kingdom,Basic Materials,59.0,Basic Materials Services,59.0,Basic Materials Group,59.0,Basic Materials Industry,59.0,Basic Materials Activity,59.0,2003.0
SYN2751.X,SY0000002751,Synthetic Firm 2751,Sweden,Sweden,Industrials,56.0,Industrials Services,56.0,Industrials Group,56.0,Industrials Industry,56.0,Industrials Activity,56.0,1974.0
SYN2752.X,SY0000002752,Synthetic Firm 2752,United Kingdom,United Kingdom,Industrials,56.0,Industrials Services,56.0,Industrials Group,56.0,Industrials Industry,56.0,Industrials Activity,56.0,2002.0
SYN2753.X,SY0000002753,Synthetic Firm 2753,United Kingdom,United Kingdom,Consumer Cyclicals,51.0,Consumer Cyclicals Services,51.0,Consumer Cyclicals Group,51.0,Consumer Cyclicals Industry,51.0,Consumer Cyclicals Activity,51.0,1964.0
SYN2754.X,SY0000002754,Synthetic Firm 2754,Germany,Germany,Healthcare,58.0,Healthcare Services,58.0,Healthcare Group,58.0,Healthcare Industry,58.0,Healthcare Activity,58.0,2019.0
SYN2755.X,SY0000002755,Synthetic Firm 2755,Romania,Romania,Consumer Non-Cyclicals,52.0,Consumer Non-Cyclicals Services,52.0,Consumer Non-Cyclicals Group,52.0,Consumer Non-Cyclicals Industry,52.0,Consumer Non-Cyclicals Activity,52.0,1960.0
SYN2756.X,SY0000002756,Synthetic Firm 2756,Sweden,Sweden,Utilities,57.0,Utilities Services,57.0,Utilities Group,57.0,Utilities Industry,57.0,Utilities Activity,57.0,1994.0
SYN2757.X,SY0000002757,Synthetic Firm 2757,United Kingdom,United Kingdom,Financials,50.0,Financials Services,50.0,Financials Group,50.0,Financials Industry,50.0,Financials Activity,50.0,1982.0
SYN2758.X,SY0000002758,Synthetic Firm 2758,Germany,Germany,Consumer Cyclicals,51.0,Consumer Cyclicals Services,51.0,Consumer Cyclicals Group,51.0,Consumer Cyclicals Industry,51.0,Consumer Cyclicals Activity,51.0,1977.0
SYN2759.X,SY0000002759,Synthetic Firm 2759,France,France,Financials,50.0,Financials Services,50.0,Financials Group,50.0,Financials Industry,50.0,Financials Activity,50.0,1996.0
SYN2760.X,SY0000002760,Synthetic Firm 2760,Austria,Austria,Technology,53.0,Technology Services,53.0,Technology Group,53.0,Technology Industry,53.0,Technology Activity,53.0,1965.0
SYN2761.X,SY0000002761,Synthetic Firm 2761,Austria,Austria,Real Estate,55.0,Real Estate Services,55.0,Real Estate Group,55.0,Real Estate Industry,55.0,Real Estate Activity,55.0,2006.0
SYN2762.X,SY0000002762,Synthetic Firm 2762,France,France,Consumer Non-Cyclicals,52.0,Consumer Non-Cyclicals Services,52.0,Consumer Non-Cyclicals Group,52.0,Consumer Non-Cyclicals Industry,52.0,Consumer Non-Cyclicals Activity,52.0,2022.0
SYN2763.X,SY0000002763,Synthetic Firm 2763,France,France,Basic Materials,59.0,Basic Materials Services,59.0,Basic Materials Group,59.0,Basic Materials Industry,59.0,Basic Materials Activity,59.0,1972.0
SYN2764.X,SY0000002764,Synthetic Firm 2764,Switzerland,Switzerland,Consumer Cyclicals,51.0,Consumer Cyclicals Services,51.0,Consumer Cyclicals Group,51.0,Consumer Cyclicals Industry,51.0,Consumer Cyclicals Activity,51.0,2004.0
SYN2765.X,SY0000002765,Synthetic Firm 2765,Russia,Russia,Utilities,57.0,Utilities Services,57.0,Utilities Group,57.0,Utilities Industry,57.0,Utilities Activity,57.0,1957.0
SYN2766.X,SY0000002766,Synthetic Firm 2766,Belgium,Belgium,Financials,50.0,Financials Services,50.0,Financials Group,50.0,Financials Industry,50.0,Financials Activity,50.0,2022.0
SYN2767.X,SY0000002767,Synthetic Firm 2767,United Kingdom,United Kingdom,Industrials,56.0,Industrials Services,56.0,Industrials Group,56.0,Industrials Industry,56.0,Industrials Activity,56.0,1976.0
SYN2768.X,SY0000002768,Synthetic Firm 2768,United Kingdom,United Kingdom,Basic Materials,59.0,Basic Materials Services,59.0,Basic Materials Group,59.0,Basic Materials Industry,59.0,Basic Materials Activity,59.0,1987.0
SYN2769.X,SY0000002769,Synthetic Firm 2769,Turkey,Turkey,Financials,50.0,Financials Services,50.0,Financials Group,50.0,Financials Industry,50.0,Financials Activity,50.0,2004.0
SYN2770.X,SY0000002770,Synthetic Firm 2770,United Kingdom,United Kingdom,Technology,53.0,Technology Services,53.0,Technology Group,53.0,Technology Industry,53.0,Technology Activity,53.0,1964.0
SYN2771.X,SY0000002771,Synthetic Firm 2771,France,France,Financials,50.0,Financials Services,50.0,Financials Group,50.0,Financials Industry,50.0,Financials Activity,50.0,1995.0
SYN2772.X,SY0000002772,Synthetic Firm 2772,United Kingdom,United Kingdom,Industrials,56.0,Industrials Services,56.0,Industrials Group,56.0,Industrials Industry,56.0,Industrials Activity,56.0,1988.0
SYN2773.X,SY0000002773,Synthetic Firm 2773,United Kingdom,United Kingdom,Healthcare,58.0,Healthcare Services,58.0,Healthcare Group,58.0,Healthcare Industry,58.0,Healthcare Activity,58.0,1994.0
SYN2774.X,SY0000002774,Synthetic Firm 2774,United Kingdom,United Kingdom,Technology,53.0,Technology Services,53.0,Technology Group,53.0,Technology Industry,53.0,Technology Activity,53.0,1988.0
SYN2775.X,SY0000002775,Synthetic Firm 2775,Belgium,Belgium,Consumer Cyclicals,51.0,Consumer Cyclicals Services,51.0,Consumer Cyclicals Group,51.0,Consumer Cyclicals Industry,51.0,Consumer Cyclicals Activity,51.0,2014.0
SYN2776.X,SY0000002776,Synthetic Firm 2776,United Kingdom,United Kingdom,Consumer Cyclicals,51.0,Consumer Cyclicals Services,51.0,Consumer Cyclicals Group,51.0,Consumer Cyclicals Industry,51.0,Consumer Cyclicals Activity,51.0,1967.0
SYN2777.X,SY0000002777,Synthetic Firm 2777,Greece,Greece,Technology,53.0,Technology Services,53.0,Technology Group,53.0,Technology Industry,53.0,Technology Activity,53.0,1976.0
SYN2778.X,SY0000002778,Synthetic Firm 2778,United Kingdom,United Kingdom,Technology,53.0,Technology Services,53.0,Technology Group,53.0,Technology Industry,53.0,Technology Activity,53.0,1993.0
SYN2779.X,SY0000002779,Synthetic Firm 2779,United Kingdom,United Kingdom,Technology,53.0,Technology Services,53.0,Technology Group,53.0,Technology Industry,53.0,Technology Activity,53.0,1998.0
SYN2780.X,SY0000002780,Synthetic Firm 2780,Poland,Poland,Technology,53.0,Technology Services,53.0,Technology Group,53.0,Technology Industry,53.0,Technology Activity,53.0,2009.0
SYN2781.X,SY0000002781,Synthetic Firm 2781,Switzerland,Switzerland,Financials,50.0,Financials Services,50.0,Financials Group,50.0,Financials Industry,50.0,Financials Activity,50.0,1951.0
SYN2782.X,SY0000002782,Synthetic Firm 2782,Austria,Austria,Industrials,56.0,Industrials Services,56.0,Industrials Group,56.0,Industrials Industry,56.0,Industrials Activity,56.0,1987.0
SYN2783.X,SY0000002783,Synthetic Firm 2783,Luxembourg,Luxembourg,Consumer Cyclicals,51.0,Consumer Cyclicals Services,51.0,Consumer Cyclicals Group,51.0,Consumer Cyclicals Industry,51.0,Consumer Cyclicals Activity,51.0,1999.0
SYN2784.X,SY0000002784,Synthetic Firm 2784,Austria,Austria,Financials,50.0,Financials Services,50.0,Financials Group,50.0,Financials Industry,50.0,Financials Activity,50.0,1995.0
SYN2785.X,SY0000002785,Synthetic Firm 2785,Italy,Italy,Consumer Cyclicals,51.0,Consumer Cyclicals Services,51.0,Consumer Cyclicals Group,51.0,Consumer Cyclicals Industry,51.0,Consumer Cyclicals Activity,51.0,2018.0
SYN2786.X,SY0000002786,Synthetic Firm 2786,United Kingdom,United Kingdom,Consumer Non-Cyclicals,52.0,Consumer Non-Cyclicals Services,52.0,Consumer Non-Cyclicals Group,52.0,Consumer Non-Cyclicals Industry,52.0,Consumer Non-Cyclicals Activity,52.0,0.0
SYN2787.X,SY0000002787,Synthetic Firm 2787,Switzerland,Switzerland,Industrials,56.0,Industrials Services,56.0,Industrials Group,56.0,Industrials Industry,56.0,Industrials Activity,56.0,1995.0
SYN2788.X,SY0000002788,Synthetic Firm 2788,Canada,Canada,Industrials,56.0,Industrials Services,56.0,Industrials Group,56.0,Industrials Industry,56.0,Industrials Activity,56.0,2003.0
SYN2789.X,SY0000002789,Synthetic Firm 2789,Latvia,Latvia,Industrials,56.0,Industrials Services,56.0,Industrials Group,56.0,Industrials Industry,56.0,Industrials Activity,56.0,1988.0
SYN2790.X,SY0000002790,Synthetic Firm 2790,Switzerland,Switzerland,Industrials,56.0,Industrials Services,56.0,Industrials Group,56.0,Industrials Industry,56.0,Industrials Activity,56.0,1972.0
SYN2791.X,SY0000002791,Synthetic Firm 2791,United Kingdom,United Kingdom,Technology,53.0,Technology Services,53.0,Technology Group,53.0,Technology Industry,53.0,Technology Activity,53.0,0.0
SYN2792.X,SY0000002792,Synthetic Firm 2792,Luxembourg,Luxembourg,Industrials,56.0,Industrials Services,56.0,Industrials Group,56.0,Industrials Industry,56.0,Industrials Activity,56.0,1978.0
SYN2793.X,SY0000002793,Synthetic Firm 2793,Spain,Spain,Consumer Cyclicals,51.0,Consumer Cyclicals Services,51.0,Consumer Cyclicals Group,51.0,Consumer Cyclicals Industry,51.0,Consumer Cyclicals Activity,51.0,1973.0
SYN2794.X,SY0000002794,Synthetic Firm 2794,Australia,Australia,Healthcare,58.0,Healthcare Services,58.0,Healthcare Group,58.0,Healthcare Industry,58.0,Healthcare Activity,58.0,1988.0
SYN2795.X,SY0000002795,Synthetic Firm 2795,Switzerland,Switzerland,Industrials,56.0,Industrials Services,56.0,Industrials Group,56.0,Industrials Industry,56.0,Industrials Activity,56.0,2014.0
SYN2796.X,SY0000002796,Synthetic Firm 2796,Iceland,Iceland,Real Estate,55.0,Real Estate Services,55.0,Real Estate Group,55.0,Real Estate Industry,55.0,Real Estate Activity,55.0,1986.0
SYN2797.X,SY0000002797,Synthetic Firm 2797,Belgium,Belgium,Consumer Non-Cyclicals,52.0,Consumer Non-Cyclicals Services,52.0,Consumer Non-Cyclicals Group,52.0,Consumer Non-Cyclicals Industry,52.0,Consumer Non-Cyclicals Activity,52.0,2010.0
SYN2798.X,SY0000002798,Synthetic Firm 2798,Sweden,Sweden,Financials,50.0,Financials Services,50.0,Financials Group,50.0,Financials Industry,50.0,Financials Activity,50.0,1930.0
SYN2799.X,SY0000002799,Synthetic Firm 2799,Finland,Finland,Energy,54.0,Energy Services,54.0,Energy Group,54.0,Energy Industry,54.0,Energy Activity,54.0,0.0
SYN2800.X,SY0000002800,Synthetic Firm 2800,Hungary,Hungary,Financials,50.0,Financials Services,50.0,Financials Group,50.0,Financials Industry,50.0,Financials Activity,50.0,1999.0
SYN2801.X,SY0000002801,Synthetic Firm 2801,United Kingdom,United Kingdom,Energy,54.0,Energy Services,54.0,Energy Group,54.0,Energy Industry,54.0,Energy Activity,54.0,2005.0
SYN2802.X,SY0000002802,Synthetic Firm 2802,Luxembourg,Luxembourg,Financials,50.0,Financials Services,50.0,Financials Group,50.0,Financials Industry,50.0,Financials Activity,50.0,1963.0
SYN2803.X,SY0000002803,Synthetic Firm 2803,Germany,Germany,Industrials,56.0,Industrials Services,56.0,Industrials Group,56.0,Industrials Industry,56.0,Industrials Activity,56.0,2023.0
SYN2804.X,SY0000002804,Synthetic Firm 2804,United Kingdom,United Kingdom,Healthcare,58.0,Healthcare Services,58.0,Healthcare Group,58.0,Healthcare Industry,58.0,Healthcare Activity,58.0,1978.0
SYN2805.X,SY0000002805,Synthetic Firm 2805,Greece,Greece,Technology,53.0,Technology Services,53.0,Technology Group,53.0,Technology Industry,53.0,Technology Activity,53.0,2014.0
SYN2806.X,SY0000002806,Synthetic Firm 2806,Belgium,Belgium,Financials,50.0,Financials Services,50.0,Financials Group,50.0,Financials Industry,50.0,Financials Activity,50.0,2016.0
SYN2807.X,SY0000002807,Synthetic Firm 2807,France,France,Financials,50.0,Financials Services,50.0,Financials Group,50.0,Financials Industry,50.0,Financials Activity,50.0,1935.0
SYN2808.X,SY0000002808,Synthetic Firm 2808,United Kingdom,United Kingdom,Industrials,56.0,Industrials Services,56.0,Industrials Group,56.0,Industrials Industry,56.0,Industrials Activity,56.0,2020.0
SYN2809.X,SY0000002809,Synthetic Firm 2809,Romania,Romania,Industrials,56.0,Industrials Services,56.0,Industrials Group,56.0,Industrials Industry,56.0,Industrials Activity,56.0,1983.0
SYN2810.X,SY0000002810,Synthetic Firm 2810,Iceland,Iceland,Financials,50.0,Financials Services,50.0,Financials Group,50.0,Financials Industry,50.0,Financials Activity,50.0,1981.0
SYN2811.X,SY0000002811,Synthetic Firm 2811,Germany,Germany,Basic Materials,59.0,Basic Materials Services,59.0,Basic Materials Group,59.0,Basic Materials Industry,59.0,Basic Materials Activity,59.0,2000.0
SYN2812.X,SY0000002812,Synthetic Firm 2812,Sweden,Sweden,Consumer Cyclicals,51.0,Consumer Cyclicals Services,51.0,Consumer Cyclicals Group,51.0,Consumer Cyclicals Industry,51.0,Consumer Cyclicals Activity,51.0,1984.0
SYN2813.X,SY0000002813,Synthetic Firm 2813,Germany,Germany,Technology,53.0,Technology Services,53.0,Technology Group,53.0,Technology Industry,53.0,Technology Activity,53.0,2004.0
SYN2814.X,SY0000002814,Synthetic Firm 2814,United Kingdom,United Kingdom,Real Estate,55.0,Real Estate Services,55.0,Real Estate Group,55.0,Real Estate Industry,55.0,Real Estate Activity,55.0,1965.0
SYN2815.X,SY0000002815,Synthetic Firm 2815,Sweden,Sweden,Technology,53.0,Technology Services,53.0,Technology Group,53.0,Technology Industry,53.0,Technology Activity,53.0,2014.0
SYN2816.X,SY0000002816,Synthetic Firm 2816,Germany,Germany,Real Estate,55.0,Real Estate Services,55.0,Real Estate Group,55.0,Real Estate Industry,55.0,Real Estate Activity,55.0,1975.0
SYN2817.X,SY0000002817,Synthetic Firm 2817,Iceland,Iceland,Basic Materials,59.0,Basic Materials Services,59.0,Basic Materials Group,59.0,Basic Materials Industry,59.0,Basic Materials Activity,59.0,1978.0
SYN2818.X,SY0000002818,Synthetic Firm 2818,United Kingdom,United Kingdom,Consumer Cyclicals,51.0,Consumer Cyclicals Services,51.0,Consumer Cyclicals Group,51.0,Consumer Cyclicals Industry,51.0,Consumer Cyclicals Activity,51.0,1975.0
SYN2819.X,SY0000002819,Synthetic Firm 2819,Netherlands,Netherlands,Basic Materials,59.0,Basic Materials Services,59.0,Basic Materials Group,59.0,Basic Materials Industry,59.0,Basic Materials Activity,59.0,1954.0
SYN2820.X,SY0000002820,Synthetic Firm 2820,Poland,Poland,Financials,50.0,Financials Services,50.0,Financials Group,50.0,Financials Industry,50.0,Financials Activity,50.0,1995.0
SYN2821.X,SY0000002821,Synthetic Firm 2821,Denmark,Denmark,Technology,53.0,Technology Services,53.0,Technology Group,53.0,Technology Industry,53.0,Technology Activity,53.0,2013.0
SYN2822.X,SY0000002822,Synthetic Firm 2822,United Kingdom,United Kingdom,Industrials,56.0,Industrials Services,56.0,Industrials Group,56.0,Industrials Industry,56.0,Industrials Activity,56.0,1994.0
SYN2823.X,SY0000002823,Synthetic Firm 2823,France,France,Consumer Cyclicals,51.0,Consumer Cyclicals Services,51.0,Consumer Cyclicals Group,51.0,Consumer Cyclicals Industry,51.0,Consumer Cyclicals Activity,51.0,2001.0
SYN2824.X,SY0000002824,Synthetic Firm 2824,United Kingdom,United Kingdom,Consumer Non-Cyclicals,52.0,Consumer Non-Cyclicals Services,52.0,Consumer Non-Cyclicals Group,52.0,Consumer Non-Cyclicals Industry,52.0,Consumer Non-Cyclicals Activity,52.0,1985.0
SYN2825.X,SY0000002825,Synthetic Firm 2825,Norway,Norway,Basic Materials,59.0,Basic Materials Services,59.0,Basic Materials Group,59.0,Basic Materials Industry,59.0,Basic Materials Activity,59.0,2023.0
SYN2826.X,SY0000002826,Synthetic Firm 2826,Germany,Germany,Financials,50.0,Financials Services,50.0,Financials Group,50.0,Financials Industry,50.0,Financials Activity,50.0,1978.0
SYN2827.X,SY0000002827,Synthetic Firm 2827,Germany,Germany,Industrials,56.0,Industrials Services,56.0,Industrials Group,56.0,Industrials Industry,56.0,Industrials Activity,56.0,1967.0
SYN2828.X,SY0000002828,Synthetic Firm 2828,United Kingdom,United Kingdom,Consumer Non-Cyclicals,52.0,Consumer Non-Cyclicals Services,52.0,Consumer Non-Cyclicals Group,52.0,Consumer Non-Cyclicals Industry,52.0,Consumer Non-Cyclicals Activity,52.0,1986.0
SYN2829.X,SY0000002829,Synthetic Firm 2829,Italy,Italy,Industrials,56.0,Industrials Services,56.0,Industrials Group,56.0,Industrials Industry,56.0,Industrials Activity,56.0,0.0
SYN2830.X,SY0000002830,Synthetic Firm 2830,Denmark,Denmark,Real Estate,55.0,Real Estate Services,55.0,Real Estate Group,55.0,Real Estate Industry,55.0,Real Estate Activity,55.0,2004.0
SYN2831.X,SY0000002831,Synthetic Firm 2831,United Kingdom,United Kingdom,Utilities,57.0,Utilities Services,57.0,Utilities Group,57.0,Utilities Industry,57.0,Utilities Activity,57.0,1985.0
SYN2832.X,SY0000002832,Synthetic Firm 2832,Israel,Israel,Healthcare,58.0,Healthcare Services,58.0,Healthcare Group,58.0,Healthcare Industry,58.0,Healthcare Activity,58.0,2013.0
SYN2833.X,SY0000002833,Synthetic Firm 2833,France,France,Consumer Cyclicals,51.0,Consumer Cyclicals Services,51.0,Consumer Cyclicals Group,51.0,Consumer Cyclicals Industry,51.0,Consumer Cyclicals Activity,51.0,2000.0
SYN2834.X,SY0000002834,Synthetic Firm 2834,Germany,Germany,Financials,50.0,Financials Services,50.0,Financials Group,50.0,Financials Industry,50.0,Financials Activity,50.0,1983.0
SYN2835.X,SY0000002835,Synthetic Firm 2835,United Kingdom,United Kingdom,Industrials,56.0,Industrials Services,56.0,Industrials Group,56.0,Industrials Industry,56.0,Industrials Activity,56.0,1995.0
SYN2836.X,SY0000002836,Synthetic Firm 2836,United Kingdom,United Kingdom,Industrials,56.0,Industrials Services,56.0,Industrials Group,56.0,Industrials Industry,56.0,Industrials Activity,56.0,0.0
SYN2837.X,SY0000002837,Synthetic Firm 2837,United Kingdom,United Kingdom,Industrials,56.0,Industrials Services,56.0,Industrials Group,56.0,Industrials Industry,56.0,Industrials Activity,56.0,1982.0
SYN2838.X,SY0000002838,Synthetic Firm 2838,Germany,Germany,Technology,53.0,Technology Services,53.0,Technology Group,53.0,Technology Industry,53.0,Technology Activity,53.0,1977.0
SYN2839.X,SY0000002839,Synthetic Firm 2839,Switzerland,Switzerland,Financials,50.0,Financials Services,50.0,Financials Group,50.0,Financials Industry,50.0,Financials Activity,50.0,2008.0
SYN2840.X,SY0000002840,Synthetic Firm 2840,Germany,Germany,Industrials,56.0,Industrials Services,56.0,Industrials Group,56.0,Industrials Industry,56.0,Industrials Activity,56.0,2011.0
SYN2841.X,SY0000002841,Synthetic Firm 2841,Sweden,Sweden,Financials,50.0,Financials Services,50.0,Financials Group,50.0,Financials Industry,50.0,Financials Activity,50.0,2004.0
SYN2842.X,SY0000002842,Synthetic Firm 2842,United Kingdom,United Kingdom,Basic Materials,59.0,Basic Materials Services,59.0,Basic Materials Group,59.0,Basic Materials Industry,59.0,Basic Materials Activity,59.0,1968.0
SYN2843.X,SY0000002843,Synthetic Firm 2843,United Kingdom,United Kingdom,Consumer Cyclicals,51.0,Consumer Cyclicals Services,51.0,Consumer Cyclicals Group,51.0,Consumer Cyclicals Industry,51.0,Consumer Cyclicals Activity,51.0,1964.0
SYN2844.X,SY0000002844,Synthetic Firm 2844,Germany,Germany,Consumer Cyclicals,51.0,Consumer Cyclicals Services,51.0,Consumer Cyclicals Group,51.0,Consumer Cyclicals Industry,51.0,Consumer Cyclicals Activity,51.0,2023.0
SYN2845.X,SY0000002845,Synthetic Firm 2845,Greece,Greece,Consumer Non-Cyclicals,52.0,Consumer Non-Cyclicals Services,52.0,Consumer Non-Cyclicals Group,52.0,Consumer Non-Cyclicals Industry,52.0,Consumer Non-Cyclicals Activity,52.0,1967.0
SYN2846.X,SY0000002846,Synthetic Firm 2846,Germany,Germany,Financials,50.0,Financials Services,50.0,Financials Group,50.0,Financials Industry,50.0,Financials Activity,50.0,2007.0
SYN2847.X,SY0000002847,Synthetic Firm 2847,Germany,Germany,Industrials,56.0,Industrials Services,56.0,Industrials Group,56.0,Industrials Industry,56.0,Industrials Activity,56.0,1969.0
SYN2848.X,SY0000002848,Synthetic Firm 2848,Poland,Poland,Basic Materials,59.0,Basic Materials Services,59.0,Basic Materials Group,59.0,Basic Materials Industry,59.0,Basic Materials Activity,59.0,2004.0
SYN2849.X,SY0000002849,Synthetic Firm 2849,United Kingdom,United Kingdom,Consumer Non-Cyclicals,52.0,Consumer Non-Cyclicals Services,52.0,Consumer Non-Cyclicals Group,52.0,Consumer Non-Cyclicals Industry,52.0,Consumer Non-Cyclicals Activity,52.0,1956.0
SYN2850.X,SY0000002850,Synthetic Firm 2850,Ireland,Ireland,Financials,50.0,Financials Services,50.0,Financials Group,50.0,Financials Industry,50.0,Financials Activity,50.0,1953.0
SYN2851.X,SY0000002851,Synthetic Firm 2851,Ireland,Ireland,Energy,54.0,Energy Services,54.0,Energy Group,54.0,Energy Industry,54.0,Energy Activity,54.0,2012.0
SYN2852.X,SY0000002852,Synthetic Firm 2852,Luxembourg,Luxembourg,Consumer Cyclicals,51.0,Consumer Cyclicals Services,51.0,Consumer Cyclicals Group,51.0,Consumer Cyclicals Industry,51.0,Consumer Cyclicals Activity,51.0,1968.0
SYN2853.X,SY0000002853,Synthetic Firm 2853,United Kingdom,United Kingdom,Technology,53.0,Technology Services,53.0,Technology Group,53.0,Technology Industry,53.0,Technology Activity,53.0,2012.0
SYN2854.X,SY0000002854,Synthetic Firm 2854,Spain,Spain,Financials,50.0,Financials Services,50.0,Financials Group,50.0,Financials Industry,50.0,Financials Activity,50.0,2020.0
SYN2855.X,SY0000002855,Synthetic Firm 2855,Monaco,Monaco,Utilities,57.0,Utilities Services,57.0,Utilities Group,57.0,Utilities Industry,57.0,Utilities Activity,57.0,1993.0
SYN2856.X,SY0000002856,Synthetic Firm 2856,Norway,Norway,Financials,50.0,Financials Services,50.0,Financials Group,50.0,Financials Industry,50.0,Financials Activity,50.0,2016.0
SYN2857.X,SY0000002857,Synthetic Firm 2857,Luxembourg,Luxembourg,Healthcare,58.0,Healthcare Services,58.0,Healthcare Group,58.0,Healthcare Industry,58.0,Healthcare Activity,58.0,2013.0
SYN2858.X,SY0000002858,Synthetic Firm 2858,Germany,Germany,Real Estate,55.0,Real Estate Services,55.0,Real Estate Group,55.0,Real Estate Industry,55.0,Real Estate Activity,55.0,0.0
SYN2859.X,SY0000002859,Synthetic Firm 2859,Lithuania,Lithuania,Industrials,56.0,Industrials Services,56.0,Industrials Group,56.0,Industrials Industry,56.0,Industrials Activity,56.0,1989.0
SYN2860.X,SY0000002860,Synthetic Firm 2860,Netherlands,Netherlands,Utilities,57.0,Utilities Services,57.0,Utilities Group,57.0,Utilities Industry,57.0,Utilities Activity,57.0,1982.0
SYN2861.X,SY0000002861,Synthetic Firm 2861,Russia,Russia,Industrials,56.0,Industrials Services,56.0,Industrials Group,56.0,Industrials Industry,56.0,Industrials Activity,56.0,1975.0
SYN2862.X,SY0000002862,Synthetic Firm 2862,Hungary,Hungary,Industrials,56.0,Industrials Services,56.0,Industrials Group,56.0,Industrials Industry,56.0,Industrials Activity,56.0,1989.0
SYN2863.X,SY0000002863,Synthetic Firm 2863,United Kingdom,United Kingdom,Technology,53.0,Technology Services,53.0,Technology Group,53.0,Technology Industry,53.0,Technology Activity,53.0,1981.0
SYN2864.X,SY0000002864,Synthetic Firm 2864,United Kingdom,United Kingdom,Financials,50.0,Financials Services,50.0,Financials Group,50.0,Financials Industry,50.0,Financials Activity,50.0,2004.0
SYN2865.X,SY0000002865,Synthetic Firm 2865,Denmark,Denmark,Technology,53.0,Technology Services,53.0,Technology Group,53.0,Technology Industry,53.0,Technology Activity,53.0,1974.0
SYN2866.X,SY0000002866,Synthetic Firm 2866,Switzerland,Switzerland,Technology,53.0,Technology Services,53.0,Technology Group,53.0,Technology Industry,53.0,Technology Activity,53.0,1962.0
SYN2867.X,SY0000002867,Synthetic Firm 2867,France,France,Financials,50.0,Financials Services,50.0,Financials Group,50.0,Financials Industry,50.0,Financials Activity,50.0,2017.0
SYN2868.X,SY0000002868,Synthetic Firm 2868,Hungary,Hungary,Consumer Non-Cyclicals,52.0,Consumer Non-Cyclicals Services,52.0,Consumer Non-Cyclicals Group,52.0,Consumer Non-Cyclicals Industry,52.0,Consumer Non-Cyclicals Activity,52.0,2004.0
SYN2869.X,SY0000002869,Synthetic Firm 2869,Spain,Spain,Industrials,56.0,Industrials Services,56.0,Industrials Group,56.0,Industrials Industry,56.0,Industrials Activity,56.0,1992.0
SYN2870.X,SY0000002870,Synthetic Firm 2870,Spain,Spain,Technology,53.0,Technology Services,53.0,Technology Group,53.0,Technology Industry,53.0,Technology Activity,53.0,0.0
SYN2871.X,SY0000002871,Synthetic Firm 2871,Sweden,Sweden,Financials,50.0,Financials Services,50.0,Financials Group,50.0,Financials Industry,50.0,Financials Activity,50.0,2022.0
SYN2872.X,SY0000002872,Synthetic Firm 2872,Sweden,Sweden,Industrials,56.0,Industrials Services,56.0,Industrials Group,56.0,Industrials Industry,56.0,Industrials Activity,56.0,1965.0
SYN2873.X,SY0000002873,Synthetic Firm 2873,Sweden,Sweden,Industrials,56.0,Industrials Services,56.0,Industrials Group,56.0,Industrials Industry,56.0,Industrials Activity,56.0,1963.0
SYN2874.X,SY0000002874,Synthetic Firm 2874,Spain,Spain,Technology,53.0,Technology Services,53.0,Technology Group,53.0,Technology Industry,53.0,Technology Activity,53.0,1994.0
SYN2875.X,SY0000002875,Synthetic Firm 2875,United Kingdom,United Kingdom,Healthcare,58.0,Healthcare Services,58.0,Healthcare Group,58.0,Healthcare Industry,58.0,Healthcare Activity,58.0,1997.0
SYN2876.X,SY0000002876,Synthetic Firm 2876,United Kingdom,United Kingdom,Real Estate,55.0,Real Estate Services,55.0,Real Estate Group,55.0,Real Estate Industry,55.0,Real Estate Activity,55.0,1997.0
SYN2877.X,SY0000002877,Synthetic Firm 2877,Malta,Malta,Industrials,56.0,Industrials Services,56.0,Industrials Group,56.0,Industrials Industry,56.0,Industrials Activity,56.0,1998.0
SYN2878.X,SY0000002878,Synthetic Firm 2878,Germany,Germany,Healthcare,58.0,Healthcare Services,58.0,Healthcare Group,58.0,Healthcare Industry,58.0,Healthcare Activity,58.0,1994.0
SYN2879.X,SY0000002879,Synthetic Firm 2879,Latvia,Latvia,Real Estate,55.0,Real Estate Services,55.0,Real Estate Group,55.0,Real Estate Industry,55.0,Real Estate Activity,55.0,2017.0
SYN2880.X,SY0000002880,Synthetic Firm 2880,Germany,Germany,Consumer Non-Cyclicals,52.0,Consumer Non-Cyclicals Services,52.0,Consumer Non-Cyclicals Group,52.0,Consumer Non-Cyclicals Industry,52.0,Consumer Non-Cyclicals Activity,52.0,1962.0
SYN2881.X,SY0000002881,Synthetic Firm 2881,Ireland,Ireland,Industrials,56.0,Industrials Services,56.0,Industrials Group,56.0,Industrials Industry,56.0,Industrials Activity,56.0,1949.0
SYN2882.X,SY0000002882,Synthetic Firm 2882,United Kingdom,United Kingdom,Financials,50.0,Financials Services,50.0,Financials Group,50.0,Financials Industry,50.0,Financials Activity,50.0,1961.0
SYN2883.X,SY0000002883,Synthetic Firm 2883,Sweden,Sweden,Basic Materials,59.0,Basic Materials Services,59.0,Basic Materials Group,59.0,Basic Materials Industry,59.0,Basic Materials Activity,59.0,1952.0
SYN2884.X,SY0000002884,Synthetic Firm 2884,Russia,Russia,Real Estate,55.0,Real Estate Services,55.0,Real Estate Group,55.0,Real Estate Industry,55.0,Real Estate Activity,55.0,2024.0
SYN2885.X,SY0000002885,Synthetic Firm 2885,United Kingdom,United Kingdom,Industrials,56.0,Industrials Services,56.0,Industrials Group,56.0,Industrials Industry,56.0,Industrials Activity,56.0,0.0
SYN2886.X,SY0000002886,Synthetic Firm 2886,Sweden,Sweden,Utilities,57.0,Utilities Services,57.0,Utilities Group,57.0,Utilities Industry,57.0,Utilities Activity,57.0,1990.0
SYN2887.X,SY0000002887,Synthetic Firm 2887,Sweden,Sweden,Financials,50.0,Financials Services,50.0,Financials Group,50.0,Financials Industry,50.0,Financials Activity,50.0,2022.0
SYN2888.X,SY0000002888,Synthetic Firm 2888,France,France,Consumer Non-Cyclicals,52.0,Consumer Non-Cyclicals Services,52.0,Consumer Non-Cyclicals Group,52.0,Consumer Non-Cyclicals Industry,52.0,Consumer Non-Cyclicals Activity,52.0,2019.0
SYN2889.X,SY0000002889,Synthetic Firm 2889,United Kingdom,United Kingdom,Financials,50.0,Financials Services,50.0,Financials Group,50.0,Financials Industry,50.0,Financials Activity,50.0,2004.0
SYN2890.X,SY0000002890,Synthetic Firm 2890,United Kingdom,United Kingdom,Financials,50.0,Financials Services,50.0,Financials Group,50.0,Financials Industry,50.0,Financials Activity,50.0,1980.0
SYN2891.X,SY0000002891,Synthetic Firm 2891,Switzerland,Switzerland,Utilities,57.0,Utilities Services,57.0,Utilities Group,57.0,Utilities Industry,57.0,Utilities Activity,57.0,2011.0
SYN2892.X,SY0000002892,Synthetic Firm 2892,Germany,Germany,Consumer Cyclicals,51.0,Consumer Cyclicals Services,51.0,Consumer Cyclicals Group,51.0,Consumer Cyclicals Industry,51.0,Consumer Cyclicals Activity,51.0,1985.0
SYN2893.X,SY0000002893,Synthetic Firm 2893,Switzerland,Switzerland,Industrials,56.0,Industrials Services,56.0,Industrials Group,56.0,Industrials Industry,56.0,Industrials Activity,56.0,1983.0
SYN2894.X,SY0000002894,Synthetic Firm 2894,Greece,Greece,Industrials,56.0,Industrials Services,56.0,Industrials Group,56.0,Industrials Industry,56.0,Industrials Activity,56.0,1980.0
SYN2895.X,SY0000002895,Synthetic Firm 2895,Germany,Germany,Basic Materials,59.0,Basic Materials Services,59.0,Basic Materials Group,59.0,Basic Materials Industry,59.0,Basic Materials Activity,59.0,2001.0
SYN2896.X,SY0000002896,Synthetic Firm 2896,United Kingdom,United Kingdom,Healthcare,58.0,Healthcare Services,58.0,Healthcare Group,58.0,Healthcare Industry,58.0,Healthcare Activity,58.0,1988.0
SYN2897.X,SY0000002897,Synthetic Firm 2897,Ireland,Ireland,Financials,50.0,Financials Services,50.0,Financials Group,50.0,Financials Industry,50.0,Financials Activity,50.0,2017.0
SYN2898.X,SY0000002898,Synthetic Firm 2898,Poland,Poland,Consumer Non-Cyclicals,52.0,Consumer Non-Cyclicals Services,52.0,Consumer Non-Cyclicals Group,52.0,Consumer Non-Cyclicals Industry,52.0,Consumer Non-Cyclicals Activity,52.0,1962.0
SYN2899.X,SY0000002899,Synthetic Firm 2899,Hungary,Hungary,Healthcare,58.0,Healthcare Services,58.0,Healthcare Group,58.0,Healthcare Industry,58.0,Healthcare Activity,58.0,1954.0
SYN2900.X,SY0000002900,Synthetic Firm 2900,Ireland,Ireland,Financials,50.0,Financials Services,50.0,Financials Group,50.0,Financials Industry,50.0,Financials Activity,50.0,1926.0
SYN2901.X,SY0000002901,Synthetic Firm 2901,Germany,Germany,Technology,53.0,Technology Services,53.0,Technology Group,53.0,Technology Industry,53.0,Technology Activity,53.0,0.0
SYN2902.X,SY0000002902,Synthetic Firm 2902,United Kingdom,United Kingdom,Industrials,56.0,Industrials Services,56.0,Industrials Group,56.0,Industrials Industry,56.0,Industrials Activity,56.0,2001.0
SYN2903.X,SY0000002903,Synthetic Firm 2903,France,France,Financials,50.0,Financials Services,50.0,Financials Group,50.0,Financials Industry,50.0,Financials Activity,50.0,2004.0
SYN2904.X,SY0000002904,Synthetic Firm 2904,Poland,Poland,Financials,50.0,Financials Services,50.0,Financials Group,50.0,Financials Industry,50.0,Financials Activity,50.0,0.0
SYN2905.X,SY0000002905,Synthetic Firm 2905,United Kingdom,United Kingdom,Industrials,56.0,Industrials Services,56.0,Industrials Group,56.0,Industrials Industry,56.0,Industrials Activity,56.0,1972.0
SYN2906.X,SY0000002906,Synthetic Firm 2906,Switzerland,Switzerland,Industrials,56.0,Industrials Services,56.0,Industrials Group,56.0,Industrials Industry,56.0,Industrials Activity,56.0,1985.0
SYN2907.X,SY0000002907,Synthetic Firm 2907,United Kingdom,United Kingdom,Consumer Non-Cyclicals,52.0,Consumer Non-Cyclicals Services,52.0,Consumer Non-Cyclicals Group,52.0,Consumer Non-Cyclicals Industry,52.0,Consumer Non-Cyclicals Activity,52.0,2015.0
SYN2908.X,SY0000002908,Synthetic Firm 2908,Germany,Germany,Basic Materials,59.0,Basic Materials Services,59.0,Basic Materials Group,59.0,Basic Materials Industry,59.0,Basic Materials Activity,59.0,1945.0
SYN2909.X,SY0000002909,Synthetic Firm 2909,Sweden,Sweden,Real Estate,55.0,Real Estate Services,55.0,Real Estate Group,55.0,Real Estate Industry,55.0,Real Estate Activity,55.0,2021.0
SYN2910.X,SY0000002910,Synthetic Firm 2910,Sweden,Sweden,Financials,50.0,Financials Services,50.0,Financials Group,50.0,Financials Industry,50.0,Financials Activity,50.0,1999.0
SYN2911.X,SY0000002911,Synthetic Firm 2911,Ireland,Ireland,Industrials,56.0,Industrials Services,56.0,Industrials Group,56.0,Industrials Industry,56.0,Industrials Activity,56.0,2006.0
SYN2912.X,SY0000002912,Synthetic Firm 2912,Poland,Poland,Industrials,56.0,Industrials Services,56.0,Industrials Group,56.0,Industrials Industry,56.0,Industrials Activity,56.0,2013.0
SYN2913.X,SY0000002913,Synthetic Firm 2913,Spain,Spain,Basic Materials,59.0,Basic Materials Services,59.0,Basic Materials Group,59.0,Basic Materials Industry,59.0,Basic Materials Activity,59.0,0.0
SYN2914.X,SY0000002914,Synthetic Firm 2914,Germany,Germany,Financials,50.0,Financials Services,50.0,Financials Group,50.0,Financials Industry,50.0,Financials Activity,50.0,1936.0
SYN2915.X,SY0000002915,Synthetic Firm 2915,Germany,Germany,Financials,50.0,Financials Services,50.0,Financials Group,50.0,Financials Industry,50.0,Financials Activity,50.0,1972.0
SYN2916.X,SY0000002916,Synthetic Firm 2916,United Kingdom,United Kingdom,Industrials,56.0,Industrials Services,56.0,Industrials Group,56.0,Industrials Industry,56.0,Industrials Activity,56.0,2000.0
SYN2917.X,SY0000002917,Synthetic Firm 2917,Greece,Greece,Financials,50.0,Financials Services,50.0,Financials Group,50.0,Financials Industry,50.0,Financials Activity,50.0,1897.0
SYN2918.X,SY0000002918,Synthetic Firm 2918,Italy,Italy,Consumer Cyclicals,51.0,Consumer Cyclicals Services,51.0,Consumer Cyclicals Group,51.0,Consumer Cyclicals Industry,51.0,Consumer Cyclicals Activity,51.0,2001.0
SYN2919.X,SY0000002919,Synthetic Firm 2919,United Kingdom,United Kingdom,Consumer Non-Cyclicals,52.0,Consumer Non-Cyclicals Services,52.0,Consumer Non-Cyclicals Group,52.0,Consumer Non-Cyclicals Industry,52.0,Consumer Non-Cyclicals Activity,52.0,1944.0
SYN2920.X,SY0000002920,Synthetic Firm 2920,Russia,Russia,Technology,53.0,Technology Services,53.0,Technology Group,53.0,Technology Industry,53.0,Technology Activity,53.0,2001.0
SYN2921.X,SY0000002921,Synthetic Firm 2921,Israel,Israel,Technology,53.0,Technology Services,53.0,Technology Group,53.0,Technology Industry,53.0,Technology Activity,53.0,1980.0
SYN2922.X,SY0000002922,Synthetic Firm 2922,Portugal,Portugal,Industrials,56.0,Industrials Services,56.0,Industrials Group,56.0,Industrials Industry,56.0,Industrials Activity,56.0,2022.0
SYN2923.X,SY0000002923,Synthetic Firm 2923,Poland,Poland,Technology,53.0,Technology Services,53.0,Technology Group,53.0,Technology Industry,53.0,Technology Activity,53.0,0.0
SYN2924.X,SY0000002924,Synthetic Firm 2924,France,France,Consumer Non-Cyclicals,52.0,Consumer Non-Cyclicals Services,52.0,Consumer Non-Cyclicals Group,52.0,Consumer Non-Cyclicals Industry,52.0,Consumer Non-Cyclicals Activity,52.0,1936.0
SYN2925.X,SY0000002925,Synthetic Firm 2925,Switzerland,Switzerland,Real Estate,55.0,Real Estate Services,55.0,Real Estate Group,55.0,Real Estate Industry,55.0,Real Estate Activity,55.0,1989.0
SYN2926.X,SY0000002926,Synthetic Firm 2926,Sweden,Sweden,Consumer Cyclicals,51.0,Consumer Cyclicals Services,51.0,Consumer Cyclicals Group,51.0,Consumer Cyclicals Industry,51.0,Consumer Cyclicals Activity,51.0,1974.0
SYN2927.X,SY0000002927,Synthetic Firm 2927,Lithuania,Lithuania,Financials,50.0,Financials Services,50.0,Financials Group,50.0,Financials Industry,50.0,Financials Activity,50.0,1988.0
SYN2928.X,SY0000002928,Synthetic Firm 2928,France,France,Technology,53.0,Technology Services,53.0,Technology Group,53.0,Technology Industry,53.0,Technology Activity,53.0,1978.0
SYN2929.X,SY0000002929,Synthetic Firm 2929,Germany,Germany,Real Estate,55.0,Real Estate Services,55.0,Real Estate Group,55.0,Real Estate Industry,55.0,Real Estate Activity,55.0,2021.0
SYN2930.X,SY0000002930,Synthetic Firm 2930,Sweden,Sweden,Consumer Non-Cyclicals,52.0,Consumer Non-Cyclicals Services,52.0,Consumer Non-Cyclicals Group,52.0,Consumer Non-Cyclicals Industry,52.0,Consumer Non-Cyclicals Activity,52.0,0.0
SYN2931.X,SY0000002931,Synthetic Firm 2931,United Kingdom,United Kingdom,Financials,50.0,Financials Services,50.0,Financials Group,50.0,Financials Industry,50.0,Financials Activity,50.0,1977.0
SYN2932.X,SY0000002932,Synthetic Firm 2932,Italy,Italy,Technology,53.0,Technology Services,53.0,Technology Group,53.0,Technology Industry,53.0,Technology Activity,53.0,1997.0
SYN2933.X,SY0000002933,Synthetic Firm 2933,Lithuania,Lithuania,Consumer Cyclicals,51.0,Consumer Cyclicals Services,51.0,Consumer Cyclicals Group,51.0,Consumer Cyclicals Industry,51.0,Consumer Cyclicals Activity,51.0,2004.0
SYN2934.X,SY0000002934,Synthetic Firm 2934,United Kingdom,United Kingdom,Financials,50.0,Financials Services,50.0,Financials Group,50.0,Financials Industry,50.0,Financials Activity,50.0,2005.0
SYN2935.X,SY0000002935,Synthetic Firm 2935,Iceland,Iceland,Consumer Cyclicals,51.0,Consumer Cyclicals Services,51.0,Consumer Cyclicals Group,51.0,Consumer Cyclicals Industry,51.0,Consumer Cyclicals Activity,51.0,2010.0
SYN2936.X,SY0000002936,Synthetic Firm 2936,United Kingdom,United Kingdom,Real Estate,55.0,Real Estate Services,55.0,Real Estate Group,55.0,Real Estate Industry,55.0,Real Estate Activity,55.0,1991.0
SYN2937.X,SY0000002937,Synthetic Firm 2937,United Kingdom,United Kingdom,Financials,50.0,Financials Services,50.0,Financials Group,50.0,Financials Industry,50.0,Financials Activity,50.0,2013.0
SYN2938.X,SY0000002938,Synthetic Firm 2938,United Kingdom,United Kingdom,Consumer Non-Cyclicals,52.0,Consumer Non-Cyclicals Services,52.0,Consumer Non-Cyclicals Group,52.0,Consumer Non-Cyclicals Industry,52.0,Consumer Non-Cyclicals Activity,52.0,2017.0
SYN2939.X,SY0000002939,Synthetic Firm 2939,France,France,Basic Materials,59.0,Basic Materials Services,59.0,Basic Materials Group,59.0,Basic Materials Industry,59.0,Basic Materials Activity,59.0,2024.0
SYN2940.X,SY0000002940,Synthetic Firm 2940,Czechia,Czechia,Consumer Non-Cyclicals,52.0,Consumer Non-Cyclicals Services,52.0,Consumer Non-Cyclicals Group,52.0,Consumer Non-Cyclicals Industry,52.0,Consumer Non-Cyclicals Activity,52.0,1986.0
SYN2941.X,SY0000002941,Synthetic Firm 2941,Sweden,Sweden,Basic Materials,59.0,Basic Materials Services,59.0,Basic Materials Group,59.0,Basic Materials Industry,59.0,Basic Materials Activity,59.0,1942.0
SYN2942.X,SY0000002942,Synthetic Firm 2942,Sweden,Sweden,Consumer Non-Cyclicals,52.0,Consumer Non-Cyclicals Services,52.0,Consumer Non-Cyclicals Group,52.0,Consumer Non-Cyclicals Industry,52.0,Consumer Non-Cyclicals Activity,52.0,2006.0
SYN2943.X,SY0000002943,Synthetic Firm 2943,Luxembourg,Luxembourg,Technology,53.0,Technology Services,53.0,Technology Group,53.0,Technology Industry,53.0,Technology Activity,53.0,1987.0
SYN2944.X,SY0000002944,Synthetic Firm 2944,United Kingdom,United Kingdom,Healthcare,58.0,Healthcare Services,58.0,Healthcare Group,58.0,Healthcare Industry,58.0,Healthcare Activity,58.0,1981.0
SYN2945.X,SY0000002945,Synthetic Firm 2945,United Kingdom,United Kingdom,Industrials,56.0,Industrials Services,56.0,Industrials Group,56.0,Industrials Industry,56.0,Industrials Activity,56.0,1990.0
SYN2946.X,SY0000002946,Synthetic Firm 2946,Finland,Finland,Industrials,56.0,Industrials Services,56.0,Industrials Group,56.0,Industrials Industry,56.0,Industrials Activity,56.0,1973.0
SYN2947.X,SY0000002947,Synthetic Firm 2947,Israel,Israel,Financials,50.0,Financials Services,50.0,Financials Group,50.0,Financials Industry,50.0,Financials Activity,50.0,1981.0
SYN2948.X,SY0000002948,Synthetic Firm 2948,United Kingdom,United Kingdom,Financials,50.0,Financials Services,50.0,Financials Group,50.0,Financials Industry,50.0,Financials Activity,50.0,2020.0
SYN2949.X,SY0000002949,Synthetic Firm 2949,France,France,Consumer Cyclicals,51.0,Consumer Cyclicals Services,51.0,Consumer Cyclicals Group,51.0,Consumer Cyclicals Industry,51.0,Consumer Cyclicals Activity,51.0,2009.0
SYN2950.X,SY0000002950,Synthetic Firm 2950,Ireland,Ireland,Real Estate,55.0,Real Estate Services,55.0,Real Estate Group,55.0,Real Estate Industry,55.0,Real Estate Activity,55.0,1986.0
SYN2951.X,SY0000002951,Synthetic Firm 2951,United Kingdom,United Kingdom,Financials,50.0,Financials Services,50.0,Financials Group,50.0,Financials Industry,50.0,Financials Activity,50.0,0.0
SYN2952.X,SY0000002952,Synthetic Firm 2952,United Kingdom,United Kingdom,Consumer Cyclicals,51.0,Consumer Cyclicals Services,51.0,Consumer Cyclicals Group,51.0,Consumer Cyclicals Industry,51.0,Consumer Cyclicals Activity,51.0,1980.0
SYN2953.X,SY0000002953,Synthetic Firm 2953,Norway,Norway,Utilities,57.0,Utilities Services,57.0,Utilities Group,57.0,Utilities Industry,57.0,Utilities Activity,57.0,2021.0
SYN2954.X,SY0000002954,Synthetic Firm 2954,Sweden,Sweden,Basic Materials,59.0,Basic Materials Services,59.0,Basic Materials Group,59.0,Basic Materials Industry,59.0,Basic Materials Activity,59.0,2001.0
SYN2955.X,SY0000002955,Synthetic Firm 2955,Switzerland,Switzerland,Real Estate,55.0,Real Estate Services,55.0,Real Estate Group,55.0,Real Estate Industry,55.0,Real Estate Activity,55.0,2001.0
SYN2956.X,SY0000002956,Synthetic Firm 2956,Germany,Germany,Basic Materials,59.0,Basic Materials Services,59.0,Basic Materials Group,59.0,Basic Materials Industry,59.0,Basic Materials Activity,59.0,0.0
SYN2957.X,SY0000002957,Synthetic Firm 2957,United Kingdom,United Kingdom,Industrials,56.0,Industrials Services,56.0,Industrials Group,56.0,Industrials Industry,56.0,Industrials Activity,56.0,1981.0
SYN2958.X,SY0000002958,Synthetic Firm 2958,Germany,Germany,Consumer Cyclicals,51.0,Consumer Cyclicals Services,51.0,Consumer Cyclicals Group,51.0,Consumer Cyclicals Industry,51.0,Consumer Cyclicals Activity,51.0,1977.0
SYN2959.X,SY0000002959,Synthetic Firm 2959,Germany,Germany,Industrials,56.0,Industrials Services,56.0,Industrials Group,56.0,Industrials Industry,56.0,Industrials Activity,56.0,2011.0
SYN2960.X,SY0000002960,Synthetic Firm 2960,Luxembourg,Luxembourg,Industrials,56.0,Industrials Services,56.0,Industrials Group,56.0,Industrials Industry,56.0,Industrials Activity,56.0,2006.0
SYN2961.X,SY0000002961,Synthetic Firm 2961,Iceland,Iceland,Consumer Non-Cyclicals,52.0,Consumer Non-Cyclicals Services,52.0,Consumer Non-Cyclicals Group,52.0,Consumer Non-Cyclicals Industry,52.0,Consumer Non-Cyclicals Activity,52.0,2017.0
SYN2962.X,SY0000002962,Synthetic Firm 2962,Denmark,Denmark,Financials,50.0,Financials Services,50.0,Financials Group,50.0,Financials Industry,50.0,Financials Activity,50.0,1950.0
SYN2963.X,SY0000002963,Synthetic Firm 2963,Switzerland,Switzerland,Energy,54.0,Energy Services,54.0,Energy Group,54.0,Energy Industry,54.0,Energy Activity,54.0,1993.0
SYN2964.X,SY0000002964,Synthetic Firm 2964,Germany,Germany,Healthcare,58.0,Healthcare Services,58.0,Healthcare Group,58.0,Healthcare Industry,58.0,Healthcare Activity,58.0,0.0
SYN2965.X,SY0000002965,Synthetic Firm 2965,United Kingdom,United Kingdom,Financials,50.0,Financials Services,50.0,Financials Group,50.0,Financials Industry,50.0,Financials Activity,50.0,1984.0
SYN2966.X,SY0000002966,Synthetic Firm 2966,Sweden,Sweden,Technology,53.0,Technology Services,53.0,Technology Group,53.0,Technology Industry,53.0,Technology Activity,53.0,1975.0
SYN2967.X,SY0000002967,Synthetic Firm 2967,Finland,Finland,Healthcare,58.0,Healthcare Services,58.0,Healthcare Group,58.0,Healthcare Industry,58.0,Healthcare Activity,58.0,1991.0
SYN2968.X,SY0000002968,Synthetic Firm 2968,United Kingdom,United Kingdom,Basic Materials,59.0,Basic Materials Services,59.0,Basic Materials Group,59.0,Basic Materials Industry,59.0,Basic Materials Activity,59.0,1928.0
SYN2969.X,SY0000002969,Synthetic Firm 2969,Switzerland,Switzerland,Industrials,56.0,Industrials Services,56.0,Industrials Group,56.0,Industrials Industry,56.0,Industrials Activity,56.0,1976.0
SYN2970.X,SY0000002970,Synthetic Firm 2970,Hungary,Hungary,Financials,50.0,Financials Services,50.0,Financials Group,50.0,Financials Industry,50.0,Financials Activity,50.0,1999.0
SYN2971.X,SY0000002971,Synthetic Firm 2971,Switzerland,Switzerland,Real Estate,55.0,Real Estate Services,55.0,Real Estate Group,55.0,Real Estate Industry,55.0,Real Estate Activity,55.0,1933.0
SYN2972.X,SY0000002972,Synthetic Firm 2972,United Kingdom,United Kingdom,Utilities,57.0,Utilities Services,57.0,Utilities Group,57.0,Utilities Industry,57.0,Utilities Activity,57.0,1962.0
SYN2973.X,SY0000002973,Synthetic Firm 2973,United Kingdom,United Kingdom,Real Estate,55.0,Real Estate Services,55.0,Real Estate Group,55.0,Real Estate Industry,55.0,Real Estate Activity,55.0,1981.0
SYN2974.X,SY0000002974,Synthetic Firm 2974,France,France,Utilities,57.0,Utilities Services,57.0,Utilities Group,57.0,Utilities Industry,57.0,Utilities Activity,57.0,1983.0
SYN2975.X,SY0000002975,Synthetic Firm 2975,Croatia,Croatia,Financials,50.0,Financials Services,50.0,Financials Group,50.0,Financials Industry,50.0,Financials Activity,50.0,2008.0
SYN2976.X,SY0000002976,Synthetic Firm 2976,Denmark,Denmark,Consumer Cyclicals,51.0,Consumer Cyclicals Services,51.0,Consumer Cyclicals Group,51.0,Consumer Cyclicals Industry,51.0,Consumer Cyclicals Activity,51.0,1960.0
SYN2977.X,SY0000002977,Synthetic Firm 2977,Germany,Germany,Industrials,56.0,Industrials Services,56.0,Industrials Group,56.0,Industrials Industry,56.0,Industrials Activity,56.0,1985.0
SYN2978.X,SY0000002978,Synthetic Firm 2978,Sweden,Sweden,Industrials,56.0,Industrials Services,56.0,Industrials Group,56.0,Industrials Industry,56.0,Industrials Activity,56.0,1993.0
SYN2979.X,SY0000002979,Synthetic Firm 2979,Russia,Russia,Energy,54.0,Energy Services,54.0,Energy Group,54.0,Energy Industry,54.0,Energy Activity,54.0,2021.0
SYN2980.X,SY0000002980,Synthetic Firm 2980,Norway,Norway,Basic Materials,59.0,Basic Materials Services,59.0,Basic Materials Group,59.0,Basic Materials Industry,59.0,Basic Materials Activity,59.0,2022.0
SYN2981.X,SY0000002981,Synthetic Firm 2981,Iceland,Iceland,Financials,50.0,Financials Services,50.0,Financials Group,50.0,Financials Industry,50.0,Financials Activity,50.0,2011.0
SYN2982.X,SY0000002982,Synthetic Firm 2982,Greece,Greece,Energy,54.0,Energy Services,54.0,Energy Group,54.0,Energy Industry,54.0,Energy Activity,54.0,2010.0
SYN2983.X,SY0000002983,Synthetic Firm 2983,Norway,Norway,Healthcare,58.0,Healthcare Services,58.0,Healthcare Group,58.0,Healthcare Industry,58.0,Healthcare Activity,58.0,2015.0
SYN2984.X,SY0000002984,Synthetic Firm 2984,Liechtenstein,Liechtenstein,Basic Materials,59.0,Basic Materials Services,59.0,Basic Materials Group,59.0,Basic Materials Industry,59.0,Basic Materials Activity,59.0,2005.0
SYN2985.X,SY0000002985,Synthetic Firm 2985,Germany,Germany,Industrials,56.0,Industrials Services,56.0,Industrials Group,56.0,Industrials Industry,56.0,Industrials Activity,56.0,2013.0
SYN2986.X,SY0000002986,Synthetic Firm 2986,France,France,Financials,50.0,Financials Services,50.0,Financials Group,50.0,Financials Industry,50.0,Financials Activity,50.0,2010.0
SYN2987.X,SY0000002987,Synthetic Firm 2987,United Kingdom,United Kingdom,Industrials,56.0,Industrials Services,56.0,Industrials Group,56.0,Industrials Industry,56.0,Industrials Activity,56.0,2017.0
SYN2988.X,SY0000002988,Synthetic Firm 2988,Portugal,Portugal,Industrials,56.0,Industrials Services,56.0,Industrials Group,56.0,Industrials Industry,56.0,Industrials Activity,56.0,1998.0
SYN2989.X,SY0000002989,Synthetic Firm 2989,Malta,Malta,Technology,53.0,Technology Services,53.0,Technology Group,53.0,Technology Industry,53.0,Technology Activity,53.0,2011.0
SYN2990.X,SY0000002990,Synthetic Firm 2990,Italy,Italy,Basic Materials,59.0,Basic Materials Services,59.0,Basic Materials Group,59.0,Basic Materials Industry,59.0,Basic Materials Activity,59.0,2013.0
SYN2991.X,SY0000002991,Synthetic Firm 2991,United Kingdom,United Kingdom,Consumer Cyclicals,51.0,Consumer Cyclicals Services,51.0,Consumer Cyclicals Group,51.0,Consumer Cyclicals Industry,51.0,Consumer Cyclicals Activity,51.0,2015.0
SYN2992.X,SY0000002992,Synthetic Firm 2992,Germany,Germany,Financials,50.0,Financials Services,50.0,Financials Group,50.0,Financials Industry,50.0,Financials Activity,50.0,1977.0
SYN2993.X,SY0000002993,Synthetic Firm 2993,Switzerland,Switzerland,Healthcare,58.0,Healthcare Services,58.0,Healthcare Group,58.0,Healthcare Industry,58.0,Healthcare Activity,58.0,2019.0
SYN2994.X,SY0000002994,Synthetic Firm 2994,Italy,Italy,Energy,54.0,Energy Services,54.0,Energy Group,54.0,Energy Industry,54.0,Energy Activity,54.0,2002.0
SYN2995.X,SY0000002995,Synthetic Firm 2995,Switzerland,Switzerland,Financials,50.0,Financials Services,50.0,Financials Group,50.0,Financials Industry,50.0,Financials Activity,50.0,1984.0
SYN2996.X,SY0000002996,Synthetic Firm 2996,Germany,Germany,Industrials,56.0,Industrials Services,56.0,Industrials Group,56.0,Industrials Industry,56.0,Industrials Activity,56.0,2025.0
SYN2997.X,SY0000002997,Synthetic Firm 2997,Finland,Finland,Healthcare,58.0,Healthcare Services,58.0,Healthcare Group,58.0,Healthcare Industry,58.0,Healthcare Activity,58.0,2015.0
SYN2998.X,SY0000002998,Synthetic Firm 2998,Italy,Italy,Financials,50.0,Financials Services,50.0,Financials Group,50.0,Financials Industry,50.0,Financials Activity,50.0,2001.0
SYN2999.X,SY0000002999,Synthetic Firm 2999,Germany,Germany,Technology,53.0,Technology Services,53.0,Technology Group,53.0,Technology Industry,53.0,Technology Activity,53.0,2003.0
SYN3000.X,SY0000003000,Synthetic Firm 3000,Norway,Norway,Basic Materials,59.0,Basic Materials Services,59.0,Basic Materials Group,59.0,Basic Materials Industry,59.0,Basic Materials Activity,59.0,2014.0
SYN3001.X,SY0000003001,Synthetic Firm 3001,United Kingdom,United Kingdom,Healthcare,58.0,Healthcare Services,58.0,Healthcare Group,58.0,Healthcare Industry,58.0,Healthcare Activity,58.0,2017.0
SYN3002.X,SY0000003002,Synthetic Firm 3002,Netherlands,Netherlands,Healthcare,58.0,Healthcare Services,58.0,Healthcare Group,58.0,Healthcare Industry,58.0,Healthcare Activity,58.0,2019.0
SYN3003.X,SY0000003003,Synthetic Firm 3003,Ireland,Ireland,Financials,50.0,Financials Services,50.0,Financials Group,50.0,Financials Industry,50.0,Financials Activity,50.0,1943.0
SYN3004.X,SY0000003004,Synthetic Firm 3004,Germany,Germany,Real Estate,55.0,Real Estate Services,55.0,Real Estate Group,55.0,Real Estate Industry,55.0,Real Estate Activity,55.0,1993.0
SYN3005.X,SY0000003005,Synthetic Firm 3005,Finland,Finland,Financials,50.0,Financials Services,50.0,Financials Group,50.0,Financials Industry,50.0,Financials Activity,50.0,1974.0
SYN3006.X,SY0000003006,Synthetic Firm 3006,Greece,Greece,Financials,50.0,Financials Services,50.0,Financials Group,50.0,Financials Industry,50.0,Financials Activity,50.0,2001.0
SYN3007.X,SY0000003007,Synthetic Firm 3007,Switzerland,Switzerland,Consumer Cyclicals,51.0,Consumer Cyclicals Services,51.0,Consumer Cyclicals Group,51.0,Consumer Cyclicals Industry,51.0,Consumer Cyclicals Activity,51.0,0.0
SYN3008.X,SY0000003008,Synthetic Firm 3008,Switzerland,Switzerland,Financials,50.0,Financials Services,50.0,Financials Group,50.0,Financials Industry,50.0,Financials Activity,50.0,1980.0
SYN3009.X,SY0000003009,Synthetic Firm 3009,Germany,Germany,Basic Materials,59.0,Basic Materials Services,59.0,Basic Materials Group,59.0,Basic Materials Industry,59.0,Basic Materials Activity,59.0,1963.0
SYN3010.X,SY0000003010,Synthetic Firm 3010,Germany,Germany,Industrials,56.0,Industrials Services,56.0,Industrials Group,56.0,Industrials Industry,56.0,Industrials Activity,56.0,2006.0
SYN3011.X,SY0000003011,Synthetic Firm 3011,United Kingdom,United Kingdom,Technology,53.0,Technology Services,53.0,Technology Group,53.0,Technology Industry,53.0,Technology Activity,53.0,2014.0
SYN3012.X,SY0000003012,Synthetic Firm 3012,Sweden,Sweden,Financials,50.0,Financials Services,50.0,Financials Group,50.0,Financials Industry,50.0,Financials Activity,50.0,2011.0
SYN3013.X,SY0000003013,Synthetic Firm 3013,United Kingdom,United Kingdom,Real Estate,55.0,Real Estate Services,55.0,Real Estate Group,55.0,Real Estate Industry,55.0,Real Estate Activity,55.0,1976.0
SYN3014.X,SY0000003014,Synthetic Firm 3014,United Kingdom,United Kingdom,Real Estate,55.0,Real Estate Services,55.0,Real Estate Group,55.0,Real Estate Industry,55.0,Real Estate Activity,55.0,1982.0
SYN3015.X,SY0000003015,Synthetic Firm 3015,Germany,Germany,Consumer Cyclicals,51.0,Consumer Cyclicals Services,51.0,Consumer Cyclicals Group,51.0,Consumer Cyclicals Industry,51.0,Consumer Cyclicals Activity,51.0,1996.0
SYN3016.X,SY0000003016,Synthetic Firm 3016,Germany,Germany,Financials,50.0,Financials Services,50.0,Financials Group,50.0,Financials Industry,50.0,Financials Activity,50.0,2000.0
SYN3017.X,SY0000003017,Synthetic Firm 3017,France,France,Basic Materials,59.0,Basic Materials Services,59.0,Basic Materials Group,59.0,Basic Materials Industry,59.0,Basic Materials Activity,59.0,2015.0
SYN3018.X,SY0000003018,Synthetic Firm 3018,Germany,Germany,Utilities,57.0,Utilities Services,57.0,Utilities Group,57.0,Utilities Industry,57.0,Utilities Activity,57.0,1993.0
SYN3019.X,SY0000003019,Synthetic Firm 3019,France,France,Utilities,57.0,Utilities Services,57.0,Utilities Group,57.0,Utilities Industry,57.0,Utilities Activity,57.0,1951.0
SYN3020.X,SY0000003020,Synthetic Firm 3020,United Kingdom,United Kingdom,Healthcare,58.0,Healthcare Services,58.0,Healthcare Group,58.0,Healthcare Industry,58.0,Healthcare Activity,58.0,1988.0
SYN3021.X,SY0000003021,Synthetic Firm 3021,United Kingdom,United Kingdom,Industrials,56.0,Industrials Services,56.0,Industrials Group,56.0,Industrials Industry,56.0,Industrials Activity,56.0,2007.0
SYN3022.X,SY0000003022,Synthetic Firm 3022,Germany,Germany,Financials,50.0,Financials Services,50.0,Financials Group,50.0,Financials Industry,50.0,Financials Activity,50.0,2007.0
SYN3023.X,SY0000003023,Synthetic Firm 3023,United Kingdom,United Kingdom,Consumer Non-Cyclicals,52.0,Consumer Non-Cyclicals Services,52.0,Consumer Non-Cyclicals Group,52.0,Consumer Non-Cyclicals Industry,52.0,Consumer Non-Cyclicals Activity,52.0,1954.0
SYN3024.X,SY0000003024,Synthetic Firm 3024,Iceland,Iceland,Consumer Cyclicals,51.0,Consumer Cyclicals Services,51.0,Consumer Cyclicals Group,51.0,Consumer Cyclicals Industry,51.0,Consumer Cyclicals Activity,51.0,2016.0
SYN3025.X,SY0000003025,Synthetic Firm 3025,United Kingdom,United Kingdom,Healthcare,58.0,Healthcare Services,58.0,Healthcare Group,58.0,Healthcare Industry,58.0,Healthcare Activity,58.0,1964.0
SYN3026.X,SY0000003026,Synthetic Firm 3026,Denmark,Denmark,Technology,53.0,Technology Services,53.0,Technology Group,53.0,Technology Industry,53.0,Technology Activity,53.0,1993.0
SYN3027.X,SY0000003027,Synthetic Firm 3027,United Kingdom,United Kingdom,Industrials,56.0,Industrials Services,56.0,Industrials Group,56.0,Industrials Industry,56.0,Industrials Activity,56.0,1988.0
SYN3028.X,SY0000003028,Synthetic Firm 3028,France,France,Technology,53.0,Technology Services,53.0,Technology Group,53.0,Technology Industry,53.0,Technology Activity,53.0,2018.0
SYN3029.X,SY0000003029,Synthetic Firm 3029,United Kingdom,United Kingdom,Industrials,56.0,Industrials Services,56.0,Industrials Group,56.0,Industrials Industry,56.0,Industrials Activity,56.0,1987.0
SYN3030.X,SY0000003030,Synthetic Firm 3030,Sweden,Sweden,Financials,50.0,Financials Services,50.0,Financials Group,50.0,Financials Industry,50.0,Financials Activity,50.0,2001.0
SYN3031.X,SY0000003031,Synthetic Firm 3031,Switzerland,Switzerland,Technology,53.0,Technology Services,53.0,Technology Group,53.0,Technology Industry,53.0,Technology Activity,53.0,2022.0
SYN3032.X,SY0000003032,Synthetic Firm 3032,Spain,Spain,Consumer Non-Cyclicals,52.0,Consumer Non-Cyclicals Services,52.0,Consumer Non-Cyclicals Group,52.0,Consumer Non-Cyclicals Industry,52.0,Consumer Non-Cyclicals Activity,52.0,1993.0
SYN3033.X,SY0000003033,Synthetic Firm 3033,Estonia,Estonia,Financials,50.0,Financials Services,50.0,Financials Group,50.0,Financials Industry,50.0,Financials Activity,50.0,2013.0
SYN3034.X,SY0000003034,Synthetic Firm 3034,Turkey,Turkey,Consumer Cyclicals,51.0,Consumer Cyclicals Services,51.0,Consumer Cyclicals Group,51.0,Consumer Cyclicals Industry,51.0,Consumer Cyclicals Activity,51.0,1992.0
SYN3035.X,SY0000003035,Synthetic Firm 3035,Turkey,Turkey,Consumer Non-Cyclicals,52.0,Consumer Non-Cyclicals Services,52.0,Consumer Non-Cyclicals Group,52.0,Consumer Non-Cyclicals Industry,52.0,Consumer Non-Cyclicals Activity,52.0,2024.0
SYN3036.X,SY0000003036,Synthetic Firm 3036,United Kingdom,United Kingdom,Industrials,56.0,Industrials Services,56.0,Industrials Group,56.0,Industrials Industry,56.0,Industrials Activity,56.0,1977.0
SYN3037.X,SY0000003037,Synthetic Firm 3037,United Kingdom,United Kingdom,Consumer Non-Cyclicals,52.0,Consumer Non-Cyclicals Services,52.0,Consumer Non-Cyclicals Group,52.0,Consumer Non-Cyclicals Industry,52.0,Consumer Non-Cyclicals Activity,52.0,2003.0
SYN3038.X,SY0000003038,Synthetic Firm 3038,Switzerland,Switzerland,Technology,53.0,Technology Services,53.0,Technology Group,53.0,Technology Industry,53.0,Technology Activity,53.0,1968.0
SYN3039.X,SY0000003039,Synthetic Firm 3039,United Kingdom,United Kingdom,Industrials,56.0,Industrials Services,56.0,Industrials Group,56.0,Industrials Industry,56.0,Industrials Activity,56.0,1978.0
SYN3040.X,SY0000003040,Synthetic Firm 3040,Greece,Greece,Technology,53.0,Technology Services,53.0,Technology Group,53.0,Technology Industry,53.0,Technology Activity,53.0,1964.0
SYN3041.X,SY0000003041,Synthetic Firm 3041,Norway,Norway,Industrials,56.0,Industrials Services,56.0,Industrials Group,56.0,Industrials Industry,56.0,Industrials Activity,56.0,1993.0
SYN3042.X,SY0000003042,Synthetic Firm 3042,Hungary,Hungary,Industrials,56.0,Industrials Services,56.0,Industrials Group,56.0,Industrials Industry,56.0,Industrials Activity,56.0,2016.0
SYN3043.X,SY0000003043,Synthetic Firm 3043,Sweden,Sweden,Financials,50.0,Financials Services,50.0,Financials Group,50.0,Financials Industry,50.0,Financials Activity,50.0,2015.0
SYN3044.X,SY0000003044,Synthetic Firm 3044,Germany,Germany,Industrials,56.0,Industrials Services,56.0,Industrials Group,56.0,Industrials Industry,56.0,Industrials Activity,56.0,2014.0
SYN3045.X,SY0000003045,Synthetic Firm 3045,Germany,Germany,Healthcare,58.0,Healthcare Services,58.0,Healthcare Group,58.0,Healthcare Industry,58.0,Healthcare Activity,58.0,2014.0
SYN3046.X,SY0000003046,Synthetic Firm 3046,United Kingdom,United Kingdom,Consumer Cyclicals,51.0,Consumer Cyclicals Services,51.0,Consumer Cyclicals Group,51.0,Consumer Cyclicals Industry,51.0,Consumer Cyclicals Activity,51.0,1998.0
SYN3047.X,SY0000003047,Synthetic Firm 3047,Latvia,Latvia,Financials,50.0,Financials Services,50.0,Financials Group,50.0,Financials Industry,50.0,Financials Activity,50.0,2006.0
SYN3048.X,SY0000003048,Synthetic Firm 3048,Sweden,Sweden,Healthcare,58.0,Healthcare Services,58.0,Healthcare Group,58.0,Healthcare Industry,58.0,Healthcare Activity,58.0,2011.0
SYN3049.X,SY0000003049,Synthetic Firm 3049,United Kingdom,United Kingdom,Consumer Cyclicals,51.0,Consumer Cyclicals Services,51.0,Consumer Cyclicals Group,51.0,Consumer Cyclicals Industry,51.0,Consumer Cyclicals Activity,51.0,1977.0
SYN3050.X,SY0000003050,Synthetic Firm 3050,United Kingdom,United Kingdom,Industrials,56.0,Industrials Services,56.0,Industrials Group,56.0,Industrials Industry,56.0,Industrials Activity,56.0,1950.0
SYN3051.X,SY0000003051,Synthetic Firm 3051,Sweden,Sweden,Technology,53.0,Technology Services,53.0,Technology Group,53.0,Technology Industry,53.0,Technology Activity,53.0,2001.0
SYN3052.X,SY0000003052,Synthetic Firm 3052,Italy,Italy,Utilities,57.0,Utilities Services,57.0,Utilities Group,57.0,Utilities Industry,57.0,Utilities Activity,57.0,1947.0
SYN3053.X,SY0000003053,Synthetic Firm 3053,United Kingdom,United Kingdom,Technology,53.0,Technology Services,53.0,Technology Group,53.0,Technology Industry,53.0,Technology Activity,53.0,1998.0
SYN3054.X,SY0000003054,Synthetic Firm 3054,Israel,Israel,Financials,50.0,Financials Services,50.0,Financials Group,50.0,Financials Industry,50.0,Financials Activity,50.0,1967.0
SYN3055.X,SY0000003055,Synthetic Firm 3055,Switzerland,Switzerland,Consumer Non-Cyclicals,52.0,Consumer Non-Cyclicals Services,52.0,Consumer Non-Cyclicals Group,52.0,Consumer Non-Cyclicals Industry,52.0,Consumer Non-Cyclicals Activity,52.0,2008.0
SYN3056.X,SY0000003056,Synthetic Firm 3056,Germany,Germany,Industrials,56.0,Industrials Services,56.0,Industrials Group,56.0,Industrials Industry,56.0,Industrials Activity,56.0,2001.0
SYN3057.X,SY0000003057,Synthetic Firm 3057,Ireland,Ireland,Financials,50.0,Financials Services,50.0,Financials Group,50.0,Financials Industry,50.0,Financials Activity,50.0,1991.0
SYN3058.X,SY0000003058,Synthetic Firm 3058,Germany,Germany,Healthcare,58.0,Healthcare Services,58.0,Healthcare Group,58.0,Healthcare Industry,58.0,Healthcare Activity,58.0,2013.0
SYN3059.X,SY0000003059,Synthetic Firm 3059,Norway,Norway,Industrials,56.0,Industrials Services,56.0,Industrials Group,56.0,Industrials Industry,56.0,Industrials Activity,56.0,1998.0
SYN3060.X,SY0000003060,Synthetic Firm 3060,United Kingdom,United Kingdom,Technology,53.0,Technology Services,53.0,Technology Group,53.0,Technology Industry,53.0,Technology Activity,53.0,2021.0
SYN3061.X,SY0000003061,Synthetic Firm 3061,Czechia,Czechia,Basic Materials,59.0,Basic Materials Services,59.0,Basic Materials Group,59.0,Basic Materials Industry,59.0,Basic Materials Activity,59.0,0.0
SYN3062.X,SY0000003062,Synthetic Firm 3062,Sweden,Sweden,Consumer Cyclicals,51.0,Consumer Cyclicals Services,51.0,Consumer Cyclicals Group,51.0,Consumer Cyclicals Industry,51.0,Consumer Cyclicals Activity,51.0,2010.0
SYN3063.X,SY0000003063,Synthetic Firm 3063,United Kingdom,United Kingdom,Industrials,56.0,Industrials Services,56.0,Industrials Group,56.0,Industrials Industry,56.0,Industrials Activity,56.0,1957.0
SYN3064.X,SY0000003064,Synthetic Firm 3064,Switzerland,Switzerland,Industrials,56.0,Industrials Services,56.0,Industrials Group,56.0,Industrials Industry,56.0,Industrials Activity,56.0,1994.0
SYN3065.X,SY0000003065,Synthetic Firm 3065,Portugal,Portugal,Financials,50.0,Financials Services,50.0,Financials Group,50.0,Financials Industry,50.0,Financials Activity,50.0,2022.0
SYN3066.X,SY0000003066,Synthetic Firm 3066,Germany,Germany,Industrials,56.0,Industrials Services,56.0,Industrials Group,56.0,Industrials Industry,56.0,Industrials Activity,56.0,1972.0
SYN3067.X,SY0000003067,Synthetic Firm 3067,United Kingdom,United Kingdom,Consumer Cyclicals,51.0,Consumer Cyclicals Services,51.0,Consumer Cyclicals Group,51.0,Consumer Cyclicals Industry,51.0,Consumer Cyclicals Activity,51.0,0.0
SYN3068.X,SY0000003068,Synthetic Firm 3068,Switzerland,Switzerland,Financials,50.0,Financials Services,50.0,Financials Group,50.0,Financials Industry,50.0,Financials Activity,50.0,1987.0
SYN3069.X,SY0000003069,Synthetic Firm 3069,Switzerland,Switzerland,Technology,53.0,Technology Services,53.0,Technology Group,53.0,Technology Industry,53.0,Technology Activity,53.0,2017.0
SYN3070.X,SY0000003070,Synthetic Firm 3070,Iceland,Iceland,Basic Materials,59.0,Basic Materials Services,59.0,Basic Materials Group,59.0,Basic Materials Industry,59.0,Basic Materials Activity,59.0,1988.0
SYN3071.X,SY0000003071,Synthetic Firm 3071,Switzerland,Switzerland,Industrials,56.0,Industrials Services,56.0,Industrials Group,56.0,Industrials Industry,56.0,Industrials Activity,56.0,1995.0
SYN3072.X,SY0000003072,Synthetic Firm 3072,Austria,Austria,Industrials,56.0,Industrials Services,56.0,Industrials Group,56.0,Industrials Industry,56.0,Industrials Activity,56.0,1993.0
SYN3073.X,SY0000003073,Synthetic Firm 3073,Norway,Norway,Consumer Cyclicals,51.0,Consumer Cyclicals Services,51.0,Consumer Cyclicals Group,51.0,Consumer Cyclicals Industry,51.0,Consumer Cyclicals Activity,51.0,1978.0
SYN3074.X,SY0000003074,Synthetic Firm 3074,Germany,Germany,Industrials,56.0,Industrials Services,56.0,Industrials Group,56.0,Industrials Industry,56.0,Industrials Activity,56.0,2010.0
SYN3075.X,SY0000003075,Synthetic Firm 3075,Switzerland,Switzerland,Financials,50.0,Financials Services,50.0,Financials Group,50.0,Financials Industry,50.0,Financials Activity,50.0,1975.0
SYN3076.X,SY0000003076,Synthetic Firm 3076,Switzerland,Switzerland,Technology,53.0,Technology Services,53.0,Technology Group,53.0,Technology Industry,53.0,Technology Activity,53.0,1994.0
SYN3077.X,SY0000003077,Synthetic Firm 3077,Netherlands,Netherlands,Technology,53.0,Technology Services,53.0,Technology Group,53.0,Technology Industry,53.0,Technology Activity,53.0,1992.0
SYN3078.X,SY0000003078,Synthetic Firm 3078,Germany,Germany,Financials,50.0,Financials Services,50.0,Financials Group,50.0,Financials Industry,50.0,Financials Activity,50.0,1990.0
SYN3079.X,SY0000003079,Synthetic Firm 3079,Cyprus,Cyprus,Basic Materials,59.0,Basic Materials Services,59.0,Basic Materials Group,59.0,Basic Materials Industry,59.0,Basic Materials Activity,59.0,1993.0
SYN3080.X,SY0000003080,Synthetic Firm 3080,France,France,Healthcare,58.0,Healthcare Services,58.0,Healthcare Group,58.0,Healthcare Industry,58.0,Healthcare Activity,58.0,2022.0
SYN3081.X,SY0000003081,Synthetic Firm 3081,Germany,Germany,Consumer Non-Cyclicals,52.0,Consumer Non-Cyclicals Services,52.0,Consumer Non-Cyclicals Group,52.0,Consumer Non-Cyclicals Industry,52.0,Consumer Non-Cyclicals Activity,52.0,2009.0
SYN3082.X,SY0000003082,Synthetic Firm 3082,Germany,Germany,Technology,53.0,Technology Services,53.0,Technology Group,53.0,Technology Industry,53.0,Technology Activity,53.0,1978.0
SYN3083.X,SY0000003083,Synthetic Firm 3083,United Kingdom,United Kingdom,Financials,50.0,Financials Services,50.0,Financials Group,50.0,Financials Industry,50.0,Financials Activity,50.0,1993.0
SYN3084.X,SY0000003084,Synthetic Firm 3084,France,France,Consumer Non-Cyclicals,52.0,Consumer Non-Cyclicals Services,52.0,Consumer Non-Cyclicals Group,52.0,Consumer Non-Cyclicals Industry,52.0,Consumer Non-Cyclicals Activity,52.0,1994.0
SYN3085.X,SY0000003085,Synthetic Firm 3085,United Kingdom,United Kingdom,Real Estate,55.0,Real Estate Services,55.0,Real Estate Group,55.0,Real Estate Industry,55.0,Real Estate Activity,55.0,1958.0
SYN3086.X,SY0000003086,Synthetic Firm 3086,Norway,Norway,Consumer Non-Cyclicals,52.0,Consumer Non-Cyclicals Services,52.0,Consumer Non-Cyclicals Group,52.0,Consumer Non-Cyclicals Industry,52.0,Consumer Non-Cyclicals Activity,52.0,1995.0
SYN3087.X,SY0000003087,Synthetic Firm 3087,Germany,Germany,Utilities,57.0,Utilities Services,57.0,Utilities Group,57.0,Utilities Industry,57.0,Utilities Activity,57.0,1978.0
SYN3088.X,SY0000003088,Synthetic Firm 3088,Ireland,Ireland,Industrials,56.0,Industrials Services,56.0,Industrials Group,56.0,Industrials Industry,56.0,Industrials Activity,56.0,2010.0
SYN3089.X,SY0000003089,Synthetic Firm 3089,Austria,Austria,Industrials,56.0,Industrials Services,56.0,Industrials Group,56.0,Industrials Industry,56.0,Industrials Activity,56.0,1999.0
SYN3090.X,SY0000003090,Synthetic Firm 3090,France,France,Consumer Cyclicals,51.0,Consumer Cyclicals Services,51.0,Consumer Cyclicals Group,51.0,Consumer Cyclicals Industry,51.0,Consumer Cyclicals Activity,51.0,1979.0
SYN3091.X,SY0000003091,Synthetic Firm 3091,Germany,Germany,Technology,53.0,Technology Services,53.0,Technology Group,53.0,Technology Industry,53.0,Technology Activity,53.0,1998.0
SYN3092.X,SY0000003092,Synthetic Firm 3092,Norway,Norway,Technology,53.0,Technology Services,53.0,Technology Group,53.0,Technology Industry,53.0,Technology Activity,53.0,2018.0
SYN3093.X,SY0000003093,Synthetic Firm 3093,Netherlands,Netherlands,Industrials,56.0,Industrials Services,56.0,Industrials Group,56.0,Industrials Industry,56.0,Industrials Activity,56.0,0.0
SYN3094.X,SY0000003094,Synthetic Firm 3094,Russia,Russia,Industrials,56.0,Industrials Services,56.0,Industrials Group,56.0,Industrials Industry,56.0,Industrials Activity,56.0,1984.0
SYN3095.X,SY0000003095,Synthetic Firm 3095,Belgium,Belgium,Consumer Cyclicals,51.0,Consumer Cyclicals Services,51.0,Consumer Cyclicals Group,51.0,Consumer Cyclicals Industry,51.0,Consumer Cyclicals Activity,51.0,1943.0
SYN3096.X,SY0000003096,Synthetic Firm 3096,Sweden,Sweden,Technology,53.0,Technology Services,53.0,Technology Group,53.0,Technology Industry,53.0,Technology Activity,53.0,1965.0
SYN3097.X,SY0000003097,Synthetic Firm 3097,Switzerland,Switzerland,Industrials,56.0,Industrials Services,56.0,Industrials Group,56.0,Industrials Industry,56.0,Industrials Activity,56.0,1961.0
SYN3098.X,SY0000003098,Synthetic Firm 3098,Poland,Poland,Consumer Cyclicals,51.0,Consumer Cyclicals Services,51.0,Consumer Cyclicals Group,51.0,Consumer Cyclicals Industry,51.0,Consumer Cyclicals Activity,51.0,2016.0
SYN3099.X,SY0000003099,Synthetic Firm 3099,United Kingdom,United Kingdom,Industrials,56.0,Industrials Services,56.0,Industrials Group,56.0,Industrials Industry,56.0,Industrials Activity,56.0,0.0
SYN3100.X,SY0000003100,Synthetic Firm 3100,Czechia,Czechia,Technology,53.0,Technology Services,53.0,Technology Group,53.0,Technology Industry,53.0,Technology Activity,53.0,1989.0
SYN3101.X,SY0000003101,Synthetic Firm 3101,Poland,Poland,Industrials,56.0,Industrials Services,56.0,Industrials Group,56.0,Industrials Industry,56.0,Industrials Activity,56.0,1988.0
SYN3102.X,SY0000003102,Synthetic Firm 3102,United Kingdom,United Kingdom,Technology,53.0,Technology Services,53.0,Technology Group,53.0,Technology Industry,53.0,Technology Activity,53.0,1986.0
SYN3103.X,SY0000003103,Synthetic Firm 3103,United Kingdom,United Kingdom,Financials,50.0,Financials Services,50.0,Financials Group,50.0,Financials Industry,50.0,Financials Activity,50.0,2017.0
SYN3104.X,SY0000003104,Synthetic Firm 3104,France,France,Technology,53.0,Technology Services,53.0,Technology Group,53.0,Technology Industry,53.0,Technology Activity,53.0,2009.0
SYN3105.X,SY0000003105,Synthetic Firm 3105,Hungary,Hungary,Financials,50.0,Financials Services,50.0,Financials Group,50.0,Financials Industry,50.0,Financials Activity,50.0,1958.0
SYN3106.X,SY0000003106,Synthetic Firm 3106,Sweden,Sweden,Consumer Non-Cyclicals,52.0,Consumer Non-Cyclicals Services,52.0,Consumer Non-Cyclicals Group,52.0,Consumer Non-Cyclicals Industry,52.0,Consumer Non-Cyclicals Activity,52.0,2021.0
SYN3107.X,SY0000003107,Synthetic Firm 3107,Spain,Spain,Financials,50.0,Financials Services,50.0,Financials Group,50.0,Financials Industry,50.0,Financials Activity,50.0,1950.0
SYN3108.X,SY0000003108,Synthetic Firm 3108,Iceland,Iceland,Basic Materials,59.0,Basic Materials Services,59.0,Basic Materials Group,59.0,Basic Materials Industry,59.0,Basic Materials Activity,59.0,1960.0
SYN3109.X,SY0000003109,Synthetic Firm 3109,Hungary,Hungary,Industrials,56.0,Industrials Services,56.0,Industrials Group,56.0,Industrials Industry,56.0,Industrials Activity,56.0,2008.0
SYN3110.X,SY0000003110,Synthetic Firm 3110,Sweden,Sweden,Real Estate,55.0,Real Estate Services,55.0,Real Estate Group,55.0,Real Estate Industry,55.0,Real Estate Activity,55.0,2019.0
SYN3111.X,SY0000003111,Synthetic Firm 3111,Sweden,Sweden,Financials,50.0,Financials Services,50.0,Financials Group,50.0,Financials Industry,50.0,Financials Activity,50.0,1957.0
SYN3112.X,SY0000003112,Synthetic Firm 3112,Greece,Greece,Industrials,56.0,Industrials Services,56.0,Industrials Group,56.0,Industrials Industry,56.0,Industrials Activity,56.0,2015.0
SYN3113.X,SY0000003113,Synthetic Firm 3113,Switzerland,Switzerland,Consumer Non-Cyclicals,52.0,Consumer Non-Cyclicals Services,52.0,Consumer Non-Cyclicals Group,52.0,Consumer Non-Cyclicals Industry,52.0,Consumer Non-Cyclicals Activity,52.0,1990.0
SYN3114.X,SY0000003114,Synthetic Firm 3114,United Kingdom,United Kingdom,Basic Materials,59.0,Basic Materials Services,59.0,Basic Materials Group,59.0,Basic Materials Industry,59.0,Basic Materials Activity,59.0,2015.0
SYN3115.X,SY0000003115,Synthetic Firm 3115,Denmark,Denmark,Financials,50.0,Financials Services,50.0,Financials Group,50.0,Financials Industry,50.0,Financials Activity,50.0,1967.0
SYN3116.X,SY0000003116,Synthetic Firm 3116,United Kingdom,United Kingdom,Technology,53.0,Technology Services,53.0,Technology Group,53.0,Technology Industry,53.0,Technology Activity,53.0,1978.0
SYN3117.X,SY0000003117,Synthetic Firm 3117,Sweden,Sweden,Healthcare,58.0,Healthcare Services,58.0,Healthcare Group,58.0,Healthcare Industry,58.0,Healthcare Activity,58.0,2025.0
SYN3118.X,SY0000003118,Synthetic Firm 3118,United Kingdom,United Kingdom,Technology,53.0,Technology Services,53.0,Technology Group,53.0,Technology Industry,53.0,Technology Activity,53.0,1979.0
SYN3119.X,SY0000003119,Synthetic Firm 3119,Czechia,Czechia,Basic Materials,59.0,Basic Materials Services,59.0,Basic Materials Group,59.0,Basic Materials Industry,59.0,Basic Materials Activity,59.0,2004.0
SYN3120.X,SY0000003120,Synthetic Firm 3120,United Kingdom,United Kingdom,Industrials,56.0,Industrials Services,56.0,Industrials Group,56.0,Industrials Industry,56.0,Industrials Activity,56.0,1978.0
SYN3121.X,SY0000003121,Synthetic Firm 3121,Switzerland,Switzerland,Consumer Cyclicals,51.0,Consumer Cyclicals Services,51.0,Consumer Cyclicals Group,51.0,Consumer Cyclicals Industry,51.0,Consumer Cyclicals Activity,51.0,1993.0
SYN3122.X,SY0000003122,Synthetic Firm 3122,Switzerland,Switzerland,Industrials,56.0,Industrials Services,56.0,Industrials Group,56.0,Industrials Industry,56.0,Industrials Activity,56.0,2005.0
SYN3123.X,SY0000003123,Synthetic Firm 3123,Hungary,Hungary,Technology,53.0,Technology Services,53.0,Technology Group,53.0,Technology Industry,53.0,Technology Activity,53.0,1959.0
SYN3124.X,SY0000003124,Synthetic Firm 3124,Luxembourg,Luxembourg,Consumer Cyclicals,51.0,Consumer Cyclicals Services,51.0,Consumer Cyclicals Group,51.0,Consumer Cyclicals Industry,51.0,Consumer Cyclicals Activity,51.0,2017.0
SYN3125.X,SY0000003125,Synthetic Firm 3125,Switzerland,Switzerland,Energy,54.0,Energy Services,54.0,Energy Group,54.0,Energy Industry,54.0,Energy Activity,54.0,2020.0
SYN3126.X,SY0000003126,Synthetic Firm 3126,Switzerland,Switzerland,Real Estate,55.0,Real Estate Services,55.0,Real Estate Group,55.0,Real Estate Industry,55.0,Real Estate Activity,55.0,1981.0
SYN3127.X,SY0000003127,Synthetic Firm 3127,Spain,Spain,Financials,50.0,Financials Services,50.0,Financials Group,50.0,Financials Industry,50.0,Financials Activity,50.0,1995.0
SYN3128.X,SY0000003128,Synthetic Firm 3128,Romania,Romania,Financials,50.0,Financials Services,50.0,Financials Group,50.0,Financials Industry,50.0,Financials Activity,50.0,2001.0
SYN3129.X,SY0000003129,Synthetic Firm 3129,Denmark,Denmark,Technology,53.0,Technology Services,53.0,Technology Group,53.0,Technology Industry,53.0,Technology Activity,53.0,1967.0
SYN3130.X,SY0000003130,Synthetic Firm 3130,Norway,Norway,Industrials,56.0,Industrials Services,56.0,Industrials Group,56.0,Industrials Industry,56.0,Industrials Activity,56.0,2014.0
SYN3131.X,SY0000003131,Synthetic Firm 3131,Liechtenstein,Liechtenstein,Real Estate,55.0,Real Estate Services,55.0,Real Estate Group,55.0,Real Estate Industry,55.0,Real Estate Activity,55.0,1961.0
SYN3132.X,SY0000003132,Synthetic Firm 3132,Greece,Greece,Industrials,56.0,Industrials Services,56.0,Industrials Group,56.0,Industrials Industry,56.0,Industrials Activity,56.0,2014.0
SYN3133.X,SY0000003133,Synthetic Firm 3133,Norway,Norway,Healthcare,58.0,Healthcare Services,58.0,Healthcare Group,58.0,Healthcare Industry,58.0,Healthcare Activity,58.0,0.0
SYN3134.X,SY0000003134,Synthetic Firm 3134,United Kingdom,United Kingdom,Consumer Cyclicals,51.0,Consumer Cyclicals Services,51.0,Consumer Cyclicals Group,51.0,Consumer Cyclicals Industry,51.0,Consumer Cyclicals Activity,51.0,1981.0
SYN3135.X,SY0000003135,Synthetic Firm 3135,United Kingdom,United Kingdom,Consumer Cyclicals,51.0,Consumer Cyclicals Services,51.0,Consumer Cyclicals Group,51.0,Consumer Cyclicals Industry,51.0,Consumer Cyclicals Activity,51.0,2019.0
SYN3136.X,SY0000003136,Synthetic Firm 3136,Ireland,Ireland,Industrials,56.0,Industrials Services,56.0,Industrials Group,56.0,Industrials Industry,56.0,Industrials Activity,56.0,1986.0
SYN3137.X,SY0000003137,Synthetic Firm 3137,Switzerland,Switzerland,Real Estate,55.0,Real Estate Services,55.0,Real Estate Group,55.0,Real Estate Industry,55.0,Real Estate Activity,55.0,2007.0
SYN3138.X,SY0000003138,Synthetic Firm 3138,France,France,Basic Materials,59.0,Basic Materials Services,59.0,Basic Materials Group,59.0,Basic Materials Industry,59.0,Basic Materials Activity,59.0,1957.0
SYN3139.X,SY0000003139,Synthetic Firm 3139,United Kingdom,United Kingdom,Consumer Cyclicals,51.0,Consumer Cyclicals Services,51.0,Consumer Cyclicals Group,51.0,Consumer Cyclicals Industry,51.0,Consumer Cyclicals Activity,51.0,0.0
SYN3140.X,SY0000003140,Synthetic Firm 3140,France,France,Healthcare,58.0,Healthcare Services,58.0,Healthcare Group,58.0,Healthcare Industry,58.0,Healthcare Activity,58.0,1974.0
SYN3141.X,SY0000003141,Synthetic Firm 3141,Germany,Germany,Technology,53.0,Technology Services,53.0,Technology Group,53.0,Technology Industry,53.0,Technology Activity,53.0,1993.0
SYN3142.X,SY0000003142,Synthetic Firm 3142,United Kingdom,United Kingdom,Financials,50.0,Financials Services,50.0,Financials Group,50.0,Financials Industry,50.0,Financials Activity,50.0,2024.0
SYN3143.X,SY0000003143,Synthetic Firm 3143,Belgium,Belgium,Healthcare,58.0,Healthcare Services,58.0,Healthcare Group,58.0,Healthcare Industry,58.0,Healthcare Activity,58.0,2018.0
SYN3144.X,SY0000003144,Synthetic Firm 3144,United Kingdom,United Kingdom,Consumer Non-Cyclicals,52.0,Consumer Non-Cyclicals Services,52.0,Consumer Non-Cyclicals Group,52.0,Consumer Non-Cyclicals Industry,52.0,Consumer Non-Cyclicals Activity,52.0,2004.0
SYN3145.X,SY0000003145,Synthetic Firm 3145,Italy,Italy,Industrials,56.0,Industrials Services,56.0,Industrials Group,56.0,Industrials Industry,56.0,Industrials Activity,56.0,2007.0
SYN3146.X,SY0000003146,Synthetic Firm 3146,United Kingdom,United Kingdom,Technology,53.0,Technology Services,53.0,Technology Group,53.0,Technology Industry,53.0,Technology Activity,53.0,1982.0
SYN3147.X,SY0000003147,Synthetic Firm 3147,United Kingdom,United Kingdom,Healthcare,58.0,Healthcare Services,58.0,Healthcare Group,58.0,Healthcare Industry,58.0,Healthcare Activity,58.0,1991.0
SYN3148.X,SY0000003148,Synthetic Firm 3148,United Kingdom,United Kingdom,Healthcare,58.0,Healthcare Services,58.0,Healthcare Group,58.0,Healthcare Industry,58.0,Healthcare Activity,58.0,1996.0
SYN3149.X,SY0000003149,Synthetic Firm 3149,Luxembourg,Luxembourg,Technology,53.0,Technology Services,53.0,Technology Group,53.0,Technology Industry,53.0,Technology Activity,53.0,1978.0
SYN3150.X,SY0000003150,Synthetic Firm 3150,Greece,Greece,Financials,50.0,Financials Services,50.0,Financials Group,50.0,Financials Industry,50.0,Financials Activity,50.0,2022.0
SYN3151.X,SY0000003151,Synthetic Firm 3151,Sweden,Sweden,Consumer Cyclicals,51.0,Consumer Cyclicals Services,51.0,Consumer Cyclicals Group,51.0,Consumer Cyclicals Industry,51.0,Consumer Cyclicals Activity,51.0,2011.0
SYN3152.X,SY0000003152,Synthetic Firm 3152,United Kingdom,United Kingdom,Consumer Cyclicals,51.0,Consumer Cyclicals Services,51.0,Consumer Cyclicals Group,51.0,Consumer Cyclicals Industry,51.0,Consumer Cyclicals Activity,51.0,1968.0
SYN3153.X,SY0000003153,Synthetic Firm 3153,Germany,Germany,Financials,50.0,Financials Services,50.0,Financials Group,50.0,Financials Industry,50.0,Financials Activity,50.0,2017.0
SYN3154.X,SY0000003154,Synthetic Firm 3154,Germany,Germany,Industrials,56.0,Industrials Services,56.0,Industrials Group,56.0,Industrials Industry,56.0,Industrials Activity,56.0,1984.0
SYN3155.X,SY0000003155,Synthetic Firm 3155,Russia,Russia,Consumer Cyclicals,51.0,Consumer Cyclicals Services,51.0,Consumer Cyclicals Group,51.0,Consumer Cyclicals Industry,51.0,Consumer Cyclicals Activity,51.0,1995.0
SYN3156.X,SY0000003156,Synthetic Firm 3156,Russia,Russia,Consumer Non-Cyclicals,52.0,Consumer Non-Cyclicals Services,52.0,Consumer Non-Cyclicals Group,52.0,Consumer Non-Cyclicals Industry,52.0,Consumer Non-Cyclicals Activity,52.0,2004.0
SYN3157.X,SY0000003157,Synthetic Firm 3157,Spain,Spain,Real Estate,55.0,Real Estate Services,55.0,Real Estate Group,55.0,Real Estate Industry,55.0,Real Estate Activity,55.0,1972.0
SYN3158.X,SY0000003158,Synthetic Firm 3158,United Kingdom,United Kingdom,Financials,50.0,Financials Services,50.0,Financials Group,50.0,Financials Industry,50.0,Financials Activity,50.0,2013.0
SYN3159.X,SY0000003159,Synthetic Firm 3159,United Kingdom,United Kingdom,Industrials,56.0,Industrials Services,56.0,Industrials Group,56.0,Industrials Industry,56.0,Industrials Activity,56.0,2024.0
SYN3160.X,SY0000003160,Synthetic Firm 3160,Netherlands,Netherlands,Healthcare,58.0,Healthcare Services,58.0,Healthcare Group,58.0,Healthcare Industry,58.0,Healthcare Activity,58.0,2007.0
SYN3161.X,SY0000003161,Synthetic Firm 3161,Latvia,Latvia,Healthcare,58.0,Healthcare Services,58.0,Healthcare Group,58.0,Healthcare Industry,58.0,Healthcare Activity,58.0,2009.0
SYN3162.X,SY0000003162,Synthetic Firm 3162,United Kingdom,United Kingdom,Consumer Cyclicals,51.0,Consumer Cyclicals Services,51.0,Consumer Cyclicals Group,51.0,Consumer Cyclicals Industry,51.0,Consumer Cyclicals Activity,51.0,1994.0
SYN3163.X,SY0000003163,Synthetic Firm 3163,Switzerland,Switzerland,Basic Materials,59.0,Basic Materials Services,59.0,Basic Materials Group,59.0,Basic Materials Industry,59.0,Basic Materials Activity,59.0,2004.0
SYN3164.X,SY0000003164,Synthetic Firm 3164,Sweden,Sweden,Real Estate,55.0,Real Estate Services,55.0,Real Estate Group,55.0,Real Estate Industry,55.0,Real Estate Activity,55.0,2000.0
SYN3165.X,SY0000003165,Synthetic Firm 3165,Sweden,Sweden,Industrials,56.0,Industrials Services,56.0,Industrials Group,56.0,Industrials Industry,56.0,Industrials Activity,56.0,0.0
SYN3166.X,SY0000003166,Synthetic Firm 3166,Germany,Germany,Basic Materials,59.0,Basic Materials Services,59.0,Basic Materials Group,59.0,Basic Materials Industry,59.0,Basic Materials Activity,59.0,1966.0
SYN3167.X,SY0000003167,Synthetic Firm 3167,United Kingdom,United Kingdom,Financials,50.0,Financials Services,50.0,Financials Group,50.0,Financials Industry,50.0,Financials Activity,50.0,0.0
SYN3168.X,SY0000003168,Synthetic Firm 3168,Finland,Finland,Healthcare,58.0,Healthcare Services,58.0,Healthcare Group,58.0,Healthcare Industry,58.0,Healthcare Activity,58.0,1959.0
SYN3169.X,SY0000003169,Synthetic Firm 3169,Germany,Germany,Technology,53.0,Technology Services,53.0,Technology Group,53.0,Technology Industry,53.0,Technology Activity,53.0,2015.0
SYN3170.X,SY0000003170,Synthetic Firm 3170,Malta,Malta,Healthcare,58.0,Healthcare Services,58.0,Healthcare Group,58.0,Healthcare Industry,58.0,Healthcare Activity,58.0,2016.0
SYN3171.X,SY0000003171,Synthetic Firm 3171,Denmark,Denmark,Financials,50.0,Financials Services,50.0,Financials Group,50.0,Financials Industry,50.0,Financials Activity,50.0,2024.0
SYN3172.X,SY0000003172,Synthetic Firm 3172,Germany,Germany,Industrials,56.0,Industrials Services,56.0,Industrials Group,56.0,Industrials Industry,56.0,Industrials Activity,56.0,2019.0
SYN3173.X,SY0000003173,Synthetic Firm 3173,United Kingdom,United Kingdom,Consumer Cyclicals,51.0,Consumer Cyclicals Services,51.0,Consumer Cyclicals Group,51.0,Consumer Cyclicals Industry,51.0,Consumer Cyclicals Activity,51.0,1929.0
SYN3174.X,SY0000003174,Synthetic Firm 3174,Germany,Germany,Consumer Cyclicals,51.0,Consumer Cyclicals Services,51.0,Consumer Cyclicals Group,51.0,Consumer Cyclicals Industry,51.0,Consumer Cyclicals Activity,51.0,1987.0
SYN3175.X,SY0000003175,Synthetic Firm 3175,United Kingdom,United Kingdom,Industrials,56.0,Industrials Services,56.0,Industrials Group,56.0,Industrials Industry,56.0,Industrials Activity,56.0,1966.0
SYN3176.X,SY0000003176,Synthetic Firm 3176,Sweden,Sweden,Real Estate,55.0,Real Estate Services,55.0,Real Estate Group,55.0,Real Estate Industry,55.0,Real Estate Activity,55.0,2021.0
SYN3177.X,SY0000003177,Synthetic Firm 3177,United Kingdom,United Kingdom,Financials,50.0,Financials Services,50.0,Financials Group,50.0,Financials Industry,50.0,Financials Activity,50.0,2015.0
SYN3178.X,SY0000003178,Synthetic Firm 3178,Latvia,Latvia,Financials,50.0,Financials Services,50.0,Financials Group,50.0,Financials Industry,50.0,Financials Activity,50.0,2017.0
SYN3179.X,SY0000003179,Synthetic Firm 3179,Turkey,Turkey,Technology,53.0,Technology Services,53.0,Technology Group,53.0,Technology Industry,53.0,Technology Activity,53.0,0.0
SYN3180.X,SY0000003180,Synthetic Firm 3180,Ireland,Ireland,Technology,53.0,Technology Services,53.0,Technology Group,53.0,Technology Industry,53.0,Technology Activity,53.0,1922.0
SYN3181.X,SY0000003181,Synthetic Firm 3181,South Africa,South Africa,Industrials,56.0,Industrials Services,56.0,Industrials Group,56.0,Industrials Industry,56.0,Industrials Activity,56.0,1944.0
SYN3182.X,SY0000003182,Synthetic Firm 3182,France,France,Real Estate,55.0,Real Estate Services,55.0,Real Estate Group,55.0,Real Estate Industry,55.0,Real Estate Activity,55.0,0.0
SYN3183.X,SY0000003183,Synthetic Firm 3183,Austria,Austria,Industrials,56.0,Industrials Services,56.0,Industrials Group,56.0,Industrials Industry,56.0,Industrials Activity,56.0,1980.0
SYN3184.X,SY0000003184,Synthetic Firm 3184,Belgium,Belgium,Consumer Cyclicals,51.0,Consumer Cyclicals Services,51.0,Consumer Cyclicals Group,51.0,Consumer Cyclicals Industry,51.0,Consumer Cyclicals Activity,51.0,2010.0
SYN3185.X,SY0000003185,Synthetic Firm 3185,Denmark,Denmark,Consumer Cyclicals,51.0,Consumer Cyclicals Services,51.0,Consumer Cyclicals Group,51.0,Consumer Cyclicals Industry,51.0,Consumer Cyclicals Activity,51.0,0.0
SYN3186.X,SY0000003186,Synthetic Firm 3186,Denmark,Denmark,Industrials,56.0,Industrials Services,56.0,Industrials Group,56.0,Industrials Industry,56.0,Industrials Activity,56.0,1963.0
SYN3187.X,SY0000003187,Synthetic Firm 3187,United Kingdom,United Kingdom,Basic Materials,59.0,Basic Materials Services,59.0,Basic Materials Group,59.0,Basic Materials Industry,59.0,Basic Materials Activity,59.0,1996.0
SYN3188.X,SY0000003188,Synthetic Firm 3188,Czechia,Czechia,Consumer Non-Cyclicals,52.0,Consumer Non-Cyclicals Services,52.0,Consumer Non-Cyclicals Group,52.0,Consumer Non-Cyclicals Industry,52.0,Consumer Non-Cyclicals Activity,52.0,1979.0
SYN3189.X,SY0000003189,Synthetic Firm 3189,Denmark,Denmark,Industrials,56.0,Industrials Services,56.0,Industrials Group,56.0,Industrials Industry,56.0,Industrials Activity,56.0,1998.0
SYN3190.X,SY0000003190,Synthetic Firm 3190,France,France,Consumer Cyclicals,51.0,Consumer Cyclicals Services,51.0,Consumer Cyclicals Group,51.0,Consumer Cyclicals Industry,51.0,Consumer Cyclicals Activity,51.0,2009.0
SYN3191.X,SY0000003191,Synthetic Firm 3191,Belgium,Belgium,Utilities,57.0,Utilities Services,57.0,Utilities Group,57.0,Utilities Industry,57.0,Utilities Activity,57.0,2017.0
SYN3192.X,SY0000003192,Synthetic Firm 3192,Germany,Germany,Consumer Cyclicals,51.0,Consumer Cyclicals Services,51.0,Consumer Cyclicals Group,51.0,Consumer Cyclicals Industry,51.0,Consumer Cyclicals Activity,51.0,1996.0
SYN3193.X,SY0000003193,Synthetic Firm 3193,United Kingdom,United Kingdom,Technology,53.0,Technology Services,53.0,Technology Group,53.0,Technology Industry,53.0,Technology Activity,53.0,1949.0
SYN3194.X,SY0000003194,Synthetic Firm 3194,Switzerland,Switzerland,Basic Materials,59.0,Basic Materials Services,59.0,Basic Materials Group,59.0,Basic Materials Industry,59.0,Basic Materials Activity,59.0,1991.0
SYN3195.X,SY0000003195,Synthetic Firm 3195,Sweden,Sweden,Energy,54.0,Energy Services,54.0,Energy Group,54.0,Energy Industry,54.0,Energy Activity,54.0,1958.0
SYN3196.X,SY0000003196,Synthetic Firm 3196,Sweden,Sweden,Industrials,56.0,Industrials Services,56.0,Industrials Group,56.0,Industrials Industry,56.0,Industrials Activity,56.0,2009.0
SYN3197.X,SY0000003197,Synthetic Firm 3197,Belgium,Belgium,Consumer Cyclicals,51.0,Consumer Cyclicals Services,51.0,Consumer Cyclicals Group,51.0,Consumer Cyclicals Industry,51.0,Consumer Cyclicals Activity,51.0,1991.0
SYN3198.X,SY0000003198,Synthetic Firm 3198,Sweden,Sweden,Technology,53.0,Technology Services,53.0,Technology Group,53.0,Technology Industry,53.0,Technology Activity,53.0,1981.0
SYN3199.X,SY0000003199,Synthetic Firm 3199,United Kingdom,United Kingdom,Real Estate,55.0,Real Estate Services,55.0,Real Estate Group,55.0,Real Estate Industry,55.0,Real Estate Activity,55.0,1982.0
SYN3200.X,SY0000003200,Synthetic Firm 3200,Israel,Israel,Industrials,56.0,Industrials Services,56.0,Industrials Group,56.0,Industrials Industry,56.0,Industrials Activity,56.0,0.0
SYN3201.X,SY0000003201,Synthetic Firm 3201,United Kingdom,United Kingdom,Industrials,56.0,Industrials Services,56.0,Industrials Group,56.0,Industrials Industry,56.0,Industrials Activity,56.0,1994.0
SYN3202.X,SY0000003202,Synthetic Firm 3202,United Kingdom,United Kingdom,Consumer Cyclicals,51.0,Consumer Cyclicals Services,51.0,Consumer Cyclicals Group,51.0,Consumer Cyclicals Industry,51.0,Consumer Cyclicals Activity,51.0,2004.0
SYN3203.X,SY0000003203,Synthetic Firm 3203,Greece,Greece,Healthcare,58.0,Healthcare Services,58.0,Healthcare Group,58.0,Healthcare Industry,58.0,Healthcare Activity,58.0,1998.0
SYN3204.X,SY0000003204,Synthetic Firm 3204,Germany,Germany,Technology,53.0,Technology Services,53.0,Technology Group,53.0,Technology Industry,53.0,Technology Activity,53.0,1978.0
SYN3205.X,SY0000003205,Synthetic Firm 3205,United Kingdom,United Kingdom,Financials,50.0,Financials Services,50.0,Financials Group,50.0,Financials Industry,50.0,Financials Activity,50.0,2015.0
SYN3206.X,SY0000003206,Synthetic Firm 3206,Netherlands,Netherlands,Technology,53.0,Technology Services,53.0,Technology Group,53.0,Technology Industry,53.0,Technology Activity,53.0,1985.0
SYN3207.X,SY0000003207,Synthetic Firm 3207,Sweden,Sweden,Financials,50.0,Financials Services,50.0,Financials Group,50.0,Financials Industry,50.0,Financials Activity,50.0,2012.0
SYN3208.X,SY0000003208,Synthetic Firm 3208,Hungary,Hungary,Consumer Cyclicals,51.0,Consumer Cyclicals Services,51.0,Consumer Cyclicals Group,51.0,Consumer Cyclicals Industry,51.0,Consumer Cyclicals Activity,51.0,2017.0
SYN3209.X,SY0000003209,Synthetic Firm 3209,Sweden,Sweden,Financials,50.0,Financials Services,50.0,Financials Group,50.0,Financials Industry,50.0,Financials Activity,50.0,1955.0
SYN3210.X,SY0000003210,Synthetic Firm 3210,Sweden,Sweden,Industrials,56.0,Industrials Services,56.0,Industrials Group,56.0,Industrials Industry,56.0,Industrials Activity,56.0,2012.0
SYN3211.X,SY0000003211,Synthetic Firm 3211,Germany,Germany,Utilities,57.0,Utilities Services,57.0,Utilities Group,57.0,Utilities Industry,57.0,Utilities Activity,57.0,2015.0
SYN3212.X,SY0000003212,Synthetic Firm 3212,Liechtenstein,Liechtenstein,Industrials,56.0,Industrials Services,56.0,Industrials Group,56.0,Industrials Industry,56.0,Industrials Activity,56.0,1965.0
SYN3213.X,SY0000003213,Synthetic Firm 3213,Sweden,Sweden,Technology,53.0,Technology Services,53.0,Technology Group,53.0,Technology Industry,53.0,Technology Activity,53.0,1987.0
SYN3214.X,SY0000003214,Synthetic Firm 3214,Germany,Germany,Real Estate,55.0,Real Estate Services,55.0,Real Estate Group,55.0,Real Estate Industry,55.0,Real Estate Activity,55.0,2005.0
SYN3215.X,SY0000003215,Synthetic Firm 3215,United Kingdom,United Kingdom,Financials,50.0,Financials Services,50.0,Financials Group,50.0,Financials Industry,50.0,Financials Activity,50.0,2009.0
SYN3216.X,SY0000003216,Synthetic Firm 3216,Luxembourg,Luxembourg,Technology,53.0,Technology Services,53.0,Technology Group,53.0,Technology Industry,53.0,Technology Activity,53.0,2010.0
SYN3217.X,SY0000003217,Synthetic Firm 3217,United Kingdom,United Kingdom,Utilities,57.0,Utilities Services,57.0,Utilities Group,57.0,Utilities Industry,57.0,Utilities Activity,57.0,1952.0
SYN3218.X,SY0000003218,Synthetic Firm 3218,United Kingdom,United Kingdom,Financials,50.0,Financials Services,50.0,Financials Group,50.0,Financials Industry,50.0,Financials Activity,50.0,2013.0
SYN3219.X,SY0000003219,Synthetic Firm 3219,United Kingdom,United Kingdom,Real Estate,55.0,Real Estate Services,55.0,Real Estate Group,55.0,Real Estate Industry,55.0,Real Estate Activity,55.0,2001.0
SYN3220.X,SY0000003220,Synthetic Firm 3220,Germany,Germany,Technology,53.0,Technology Services,53.0,Technology Group,53.0,Technology Industry,53.0,Technology Activity,53.0,1939.0
SYN3221.X,SY0000003221,Synthetic Firm 3221,United Kingdom,United Kingdom,Consumer Cyclicals,51.0,Consumer Cyclicals Services,51.0,Consumer Cyclicals Group,51.0,Consumer Cyclicals Industry,51.0,Consumer Cyclicals Activity,51.0,1996.0
SYN3222.X,SY0000003222,Synthetic Firm 3222,United Kingdom,United Kingdom,Financials,50.0,Financials Services,50.0,Financials Group,50.0,Financials Industry,50.0,Financials Activity,50.0,2004.0
SYN3223.X,SY0000003223,Synthetic Firm 3223,Bulgaria,Bulgaria,Consumer Cyclicals,51.0,Consumer Cyclicals Services,51.0,Consumer Cyclicals Group,51.0,Consumer Cyclicals Industry,51.0,Consumer Cyclicals Activity,51.0,2001.0
SYN3224.X,SY0000003224,Synthetic Firm 3224,United Kingdom,United Kingdom,Financials,50.0,Financials Services,50.0,Financials Group,50.0,Financials Industry,50.0,Financials Activity,50.0,1991.0
SYN3225.X,SY0000003225,Synthetic Firm 3225,United Kingdom,United Kingdom,Real Estate,55.0,Real Estate Services,55.0,Real Estate Group,55.0,Real Estate Industry,55.0,Real Estate Activity,55.0,1991.0
SYN3226.X,SY0000003226,Synthetic Firm 3226,Poland,Poland,Technology,53.0,Technology Services,53.0,Technology Group,53.0,Technology Industry,53.0,Technology Activity,53.0,2006.0
SYN3227.X,SY0000003227,Synthetic Firm 3227,United Kingdom,United Kingdom,Financials,50.0,Financials Services,50.0,Financials Group,50.0,Financials Industry,50.0,Financials Activity,50.0,1984.0
SYN3228.X,SY0000003228,Synthetic Firm 3228,Sweden,Sweden,Consumer Cyclicals,51.0,Consumer Cyclicals Services,51.0,Consumer Cyclicals Group,51.0,Consumer Cyclicals Industry,51.0,Consumer Cyclicals Activity,51.0,2024.0
SYN3229.X,SY0000003229,Synthetic Firm 3229,Romania,Romania,Financials,50.0,Financials Services,50.0,Financials Group,50.0,Financials Industry,50.0,Financials Activity,50.0,2016.0
SYN3230.X,SY0000003230,Synthetic Firm 3230,United Kingdom,United Kingdom,Industrials,56.0,Industrials Services,56.0,Industrials Group,56.0,Industrials Industry,56.0,Industrials Activity,56.0,1998.0
SYN3231.X,SY0000003231,Synthetic Firm 3231,United Kingdom,United Kingdom,Financials,50.0,Financials Services,50.0,Financials Group,50.0,Financials Industry,50.0,Financials Activity,50.0,2003.0
SYN3232.X,SY0000003232,Synthetic Firm 3232,United Kingdom,United Kingdom,Consumer Cyclicals,51.0,Consumer Cyclicals Services,51.0,Consumer Cyclicals Group,51.0,Consumer Cyclicals Industry,51.0,Consumer Cyclicals Activity,51.0,2010.0
SYN3233.X,SY0000003233,Synthetic Firm 3233,Sweden,Sweden,Energy,54.0,Energy Services,54.0,Energy Group,54.0,Energy Industry,54.0,Energy Activity,54.0,1997.0
SYN3234.X,SY0000003234,Synthetic Firm 3234,Israel,Israel,Consumer Non-Cyclicals,52.0,Consumer Non-Cyclicals Services,52.0,Consumer Non-Cyclicals Group,52.0,Consumer Non-Cyclicals Industry,52.0,Consumer Non-Cyclicals Activity,52.0,1957.0
SYN3235.X,SY0000003235,Synthetic Firm 3235,United Kingdom,United Kingdom,Technology,53.0,Technology Services,53.0,Technology Group,53.0,Technology Industry,53.0,Technology Activity,53.0,1981.0
SYN3236.X,SY0000003236,Synthetic Firm 3236,Germany,Germany,Consumer Cyclicals,51.0,Consumer Cyclicals Services,51.0,Consumer Cyclicals Group,51.0,Consumer Cyclicals Industry,51.0,Consumer Cyclicals Activity,51.0,1979.0
SYN3237.X,SY0000003237,Synthetic Firm 3237,Russia,Russia,Basic Materials,59.0,Basic Materials Services,59.0,Basic Materials Group,59.0,Basic Materials Industry,59.0,Basic Materials Activity,59.0,1996.0
SYN3238.X,SY0000003238,Synthetic Firm 3238,France,France,Technology,53.0,Technology Services,53.0,Technology Group,53.0,Technology Industry,53.0,Technology Activity,53.0,1989.0
SYN3239.X,SY0000003239,Synthetic Firm 3239,Sweden,Sweden,Industrials,56.0,Industrials Services,56.0,Industrials Group,56.0,Industrials Industry,56.0,Industrials Activity,56.0,2025.0
SYN3240.X,SY0000003240,Synthetic Firm 3240,Sweden,Sweden,Technology,53.0,Technology Services,53.0,Technology Group,53.0,Technology Industry,53.0,Technology Activity,53.0,1959.0
SYN3241.X,SY0000003241,Synthetic Firm 3241,Netherlands,Netherlands,Financials,50.0,Financials Services,50.0,Financials Group,50.0,Financials Industry,50.0,Financials Activity,50.0,0.0
SYN3242.X,SY0000003242,Synthetic Firm 3242,Spain,Spain,Healthcare,58.0,Healthcare Services,58.0,Healthcare Group,58.0,Healthcare Industry,58.0,Healthcare Activity,58.0,1977.0
SYN3243.X,SY0000003243,Synthetic Firm 3243,Austria,Austria,Financials,50.0,Financials Services,50.0,Financials Group,50.0,Financials Industry,50.0,Financials Activity,50.0,1994.0
SYN3244.X,SY0000003244,Synthetic Firm 3244,United Kingdom,United Kingdom,Industrials,56.0,Industrials Services,56.0,Industrials Group,56.0,Industrials Industry,56.0,Industrials Activity,56.0,1977.0
SYN3245.X,SY0000003245,Synthetic Firm 3245,Switzerland,Switzerland,Energy,54.0,Energy Services,54.0,Energy Group,54.0,Energy Industry,54.0,Energy Activity,54.0,1970.0
SYN3246.X,SY0000003246,Synthetic Firm 3246,Poland,Poland,Technology,53.0,Technology Services,53.0,Technology Group,53.0,Technology Industry,53.0,Technology Activity,53.0,2025.0
SYN3247.X,SY0000003247,Synthetic Firm 3247,Sweden,Sweden,Consumer Cyclicals,51.0,Consumer Cyclicals Services,51.0,Consumer Cyclicals Group,51.0,Consumer Cyclicals Industry,51.0,Consumer Cyclicals Activity,51.0,1976.0
SYN3248.X,SY0000003248,Synthetic Firm 3248,Germany,Germany,Financials,50.0,Financials Services,50.0,Financials Group,50.0,Financials Industry,50.0,Financials Activity,50.0,2005.0
SYN3249.X,SY0000003249,Synthetic Firm 3249,Poland,Poland,Technology,53.0,Technology Services,53.0,Technology Group,53.0,Technology Industry,53.0,Technology Activity,53.0,1979.0
SYN3250.X,SY0000003250,Synthetic Firm 3250,Austria,Austria,Consumer Non-Cyclicals,52.0,Consumer Non-Cyclicals Services,52.0,Consumer Non-Cyclicals Group,52.0,Consumer Non-Cyclicals Industry,52.0,Consumer Non-Cyclicals Activity,52.0,1965.0
SYN3251.X,SY0000003251,Synthetic Firm 3251,Ireland,Ireland,Financials,50.0,Financials Services,50.0,Financials Group,50.0,Financials Industry,50.0,Financials Activity,50.0,0.0
SYN3252.X,SY0000003252,Synthetic Firm 3252,United Kingdom,United Kingdom,Industrials,56.0,Industrials Services,56.0,Industrials Group,56.0,Industrials Industry,56.0,Industrials Activity,56.0,2012.0
SYN3253.X,SY0000003253,Synthetic Firm 3253,United Kingdom,United Kingdom,Basic Materials,59.0,Basic Materials Services,59.0,Basic Materials Group,59.0,Basic Materials Industry,59.0,Basic Materials Activity,59.0,2017.0
SYN3254.X,SY0000003254,Synthetic Firm 3254,United Kingdom,United Kingdom,Industrials,56.0,Industrials Services,56.0,Industrials Group,56.0,Industrials Industry,56.0,Industrials Activity,56.0,1990.0
SYN3255.X,SY0000003255,Synthetic Firm 3255,Israel,Israel,Healthcare,58.0,Healthcare Services,58.0,Healthcare Group,58.0,Healthcare Industry,58.0,Healthcare Activity,58.0,2009.0
SYN3256.X,SY0000003256,Synthetic Firm 3256,Poland,Poland,Technology,53.0,Technology Services,53.0,Technology Group,53.0,Technology Industry,53.0,Technology Activity,53.0,2013.0
SYN3257.X,SY0000003257,Synthetic Firm 3257,Germany,Germany,Financials,50.0,Financials Services,50.0,Financials Group,50.0,Financials Industry,50.0,Financials Activity,50.0,1933.0
SYN3258.X,SY0000003258,Synthetic Firm 3258,Denmark,Denmark,Energy,54.0,Energy Services,54.0,Energy Group,54.0,Energy Industry,54.0,Energy Activity,54.0,1928.0
SYN3259.X,SY0000003259,Synthetic Firm 3259,Russia,Russia,Basic Materials,59.0,Basic Materials Services,59.0,Basic Materials Group,59.0,Basic Materials Industry,59.0,Basic Materials Activity,59.0,1977.0
SYN3260.X,SY0000003260,Synthetic Firm 3260,Luxembourg,Luxembourg,Financials,50.0,Financials Services,50.0,Financials Group,50.0,Financials Industry,50.0,Financials Activity,50.0,1964.0
SYN3261.X,SY0000003261,Synthetic Firm 3261,Greece,Greece,Basic Materials,59.0,Basic Materials Services,59.0,Basic Materials Group,59.0,Basic Materials Industry,59.0,Basic Materials Activity,59.0,1995.0
SYN3262.X,SY0000003262,Synthetic Firm 3262,Denmark,Denmark,Basic Materials,59.0,Basic Materials Services,59.0,Basic Materials Group,59.0,Basic Materials Industry,59.0,Basic Materials Activity,59.0,1983.0
SYN3263.X,SY0000003263,Synthetic Firm 3263,Sweden,Sweden,Technology,53.0,Technology Services,53.0,Technology Group,53.0,Technology Industry,53.0,Technology Activity,53.0,1958.0
SYN3264.X,SY0000003264,Synthetic Firm 3264,Russia,Russia,Consumer Non-Cyclicals,52.0,Consumer Non-Cyclicals Services,52.0,Consumer Non-Cyclicals Group,52.0,Consumer Non-Cyclicals Industry,52.0,Consumer Non-Cyclicals Activity,52.0,2024.0
SYN3265.X,SY0000003265,Synthetic Firm 3265,United Kingdom,United Kingdom,Financials,50.0,Financials Services,50.0,Financials Group,50.0,Financials Industry,50.0,Financials Activity,50.0,2014.0
SYN3266.X,SY0000003266,Synthetic Firm 3266,Greece,Greece,Consumer Cyclicals,51.0,Consumer Cyclicals Services,51.0,Consumer Cyclicals Group,51.0,Consumer Cyclicals Industry,51.0,Consumer Cyclicals Activity,51.0,1995.0
SYN3267.X,SY0000003267,Synthetic Firm 3267,United Kingdom,United Kingdom,Healthcare,58.0,Healthcare Services,58.0,Healthcare Group,58.0,Healthcare Industry,58.0,Healthcare Activity,58.0,1973.0
SYN3268.X,SY0000003268,Synthetic Firm 3268,Iceland,Iceland,Utilities,57.0,Utilities Services,57.0,Utilities Group,57.0,Utilities Industry,57.0,Utilities Activity,57.0,1985.0
SYN3269.X,SY0000003269,Synthetic Firm 3269,Portugal,Portugal,Consumer Cyclicals,51.0,Consumer Cyclicals Services,51.0,Consumer Cyclicals Group,51.0,Consumer Cyclicals Industry,51.0,Consumer Cyclicals Activity,51.0,2022.0
SYN3270.X,SY0000003270,Synthetic Firm 3270,Ireland,Ireland,Technology,53.0,Technology Services,53.0,Technology Group,53.0,Technology Industry,53.0,Technology Activity,53.0,1982.0
SYN3271.X,SY0000003271,Synthetic Firm 3271,United Kingdom,United Kingdom,Healthcare,58.0,Healthcare Services,58.0,Healthcare Group,58.0,Healthcare Industry,58.0,Healthcare Activity,58.0,1977.0
SYN3272.X,SY0000003272,Synthetic Firm 3272,Sweden,Sweden,Utilities,57.0,Utilities Services,57.0,Utilities Group,57.0,Utilities Industry,57.0,Utilities Activity,57.0,2020.0
SYN3273.X,SY0000003273,Synthetic Firm 3273,Sweden,Sweden,Consumer Non-Cyclicals,52.0,Consumer Non-Cyclicals Services,52.0,Consumer Non-Cyclicals Group,52.0,Consumer Non-Cyclicals Industry,52.0,Consumer Non-Cyclicals Activity,52.0,2012.0
SYN3274.X,SY0000003274,Synthetic Firm 3274,Czechia,Czechia,Technology,53.0,Technology Services,53.0,Technology Group,53.0,Technology Industry,53.0,Technology Activity,53.0,2015.0
SYN3275.X,SY0000003275,Synthetic Firm 3275,Sweden,Sweden,Technology,53.0,Technology Services,53.0,Technology Group,53.0,Technology Industry,53.0,Technology Activity,53.0,1983.0
SYN3276.X,SY0000003276,Synthetic Firm 3276,Germany,Germany,Technology,53.0,Technology Services,53.0,Technology Group,53.0,Technology Industry,53.0,Technology Activity,53.0,2016.0
SYN3277.X,SY0000003277,Synthetic Firm 3277,United Kingdom,United Kingdom,Consumer Cyclicals,51.0,Consumer Cyclicals Services,51.0,Consumer Cyclicals Group,51.0,Consumer Cyclicals Industry,51.0,Consumer Cyclicals Activity,51.0,1985.0
SYN3278.X,SY0000003278,Synthetic Firm 3278,United Kingdom,United Kingdom,Real Estate,55.0,Real Estate Services,55.0,Real Estate Group,55.0,Real Estate Industry,55.0,Real Estate Activity,55.0,1999.0
SYN3279.X,SY0000003279,Synthetic Firm 3279,Denmark,Denmark,Financials,50.0,Financials Services,50.0,Financials Group,50.0,Financials Industry,50.0,Financials Activity,50.0,2017.0
SYN3280.X,SY0000003280,Synthetic Firm 3280,United Kingdom,United Kingdom,Industrials,56.0,Industrials Services,56.0,Industrials Group,56.0,Industrials Industry,56.0,Industrials Activity,56.0,1977.0
SYN3281.X,SY0000003281,Synthetic Firm 3281,Sweden,Sweden,Healthcare,58.0,Healthcare Services,58.0,Healthcare Group,58.0,Healthcare Industry,58.0,Healthcare Activity,58.0,1983.0
SYN3282.X,SY0000003282,Synthetic Firm 3282,France,France,Consumer Non-Cyclicals,52.0,Consumer Non-Cyclicals Services,52.0,Consumer Non-Cyclicals Group,52.0,Consumer Non-Cyclicals Industry,52.0,Consumer Non-Cyclicals Activity,52.0,1996.0
SYN3283.X,SY0000003283,Synthetic Firm 3283,Switzerland,Switzerland,Energy,54.0,Energy Services,54.0,Energy Group,54.0,Energy Industry,54.0,Energy Activity,54.0,2007.0
SYN3284.X,SY0000003284,Synthetic Firm 3284,Germany,Germany,Utilities,57.0,Utilities Services,57.0,Utilities Group,57.0,Utilities Industry,57.0,Utilities Activity,57.0,2015.0
SYN3285.X,SY0000003285,Synthetic Firm 3285,Sweden,Sweden,Consumer Cyclicals,51.0,Consumer Cyclicals Services,51.0,Consumer Cyclicals Group,51.0,Consumer Cyclicals Industry,51.0,Consumer Cyclicals Activity,51.0,1969.0
SYN3286.X,SY0000003286,Synthetic Firm 3286,Poland,Poland,Technology,53.0,Technology Services,53.0,Technology Group,53.0,Technology Industry,53.0,Technology Activity,53.0,1989.0
SYN3287.X,SY0000003287,Synthetic Firm 3287,Switzerland,Switzerland,Basic Materials,59.0,Basic Materials Services,59.0,Basic Materials Group,59.0,Basic Materials Industry,59.0,Basic Materials Activity,59.0,0.0
SYN3288.X,SY0000003288,Synthetic Firm 3288,United Kingdom,United Kingdom,Consumer Cyclicals,51.0,Consumer Cyclicals Services,51.0,Consumer Cyclicals Group,51.0,Consumer Cyclicals Industry,51.0,Consumer Cyclicals Activity,51.0,1990.0
SYN3289.X,SY0000003289,Synthetic Firm 3289,Sweden,Sweden,Financials,50.0,Financials Services,50.0,Financials Group,50.0,Financials Industry,50.0,Financials Activity,50.0,2001.0
SYN3290.X,SY0000003290,Synthetic Firm 3290,France,France,Industrials,56.0,Industrials Services,56.0,Industrials Group,56.0,Industrials Industry,56.0,Industrials Activity,56.0,1977.0
SYN3291.X,SY0000003291,Synthetic Firm 3291,Germany,Germany,Financials,50.0,Financials Services,50.0,Financials Group,50.0,Financials Industry,50.0,Financials Activity,50.0,1996.0
SYN3292.X,SY0000003292,Synthetic Firm 3292,Germany,Germany,Healthcare,58.0,Healthcare Services,58.0,Healthcare Group,58.0,Healthcare Industry,58.0,Healthcare Activity,58.0,1983.0
SYN3293.X,SY0000003293,Synthetic Firm 3293,United Kingdom,United Kingdom,Utilities,57.0,Utilities Services,57.0,Utilities Group,57.0,Utilities Industry,57.0,Utilities Activity,57.0,2017.0
SYN3294.X,SY0000003294,Synthetic Firm 3294,Belgium,Belgium,Technology,53.0,Technology Services,53.0,Technology Group,53.0,Technology Industry,53.0,Technology Activity,53.0,2002.0
SYN3295.X,SY0000003295,Synthetic Firm 3295,Belgium,Belgium,Consumer Non-Cyclicals,52.0,Consumer Non-Cyclicals Services,52.0,Consumer Non-Cyclicals Group,52.0,Consumer Non-Cyclicals Industry,52.0,Consumer Non-Cyclicals Activity,52.0,2016.0
SYN3296.X,SY0000003296,Synthetic Firm 3296,Ireland,Ireland,Basic Materials,59.0,Basic Materials Services,59.0,Basic Materials Group,59.0,Basic Materials Industry,59.0,Basic Materials Activity,59.0,1969.0
SYN3297.X,SY0000003297,Synthetic Firm 3297,Denmark,Denmark,Utilities,57.0,Utilities Services,57.0,Utilities Group,57.0,Utilities Industry,57.0,Utilities Activity,57.0,2017.0
SYN3298.X,SY0000003298,Synthetic Firm 3298,Germany,Germany,Consumer Cyclicals,51.0,Consumer Cyclicals Services,51.0,Consumer Cyclicals Group,51.0,Consumer Cyclicals Industry,51.0,Consumer Cyclicals Activity,51.0,2022.0
SYN3299.X,SY0000003299,Synthetic Firm 3299,Sweden,Sweden,Real Estate,55.0,Real Estate Services,55.0,Real Estate Group,55.0,Real Estate Industry,55.0,Real Estate Activity,55.0,1983.0
SYN3300.X,SY0000003300,Synthetic Firm 3300,Romania,Romania,Consumer Cyclicals,51.0,Consumer Cyclicals Services,51.0,Consumer Cyclicals Group,51.0,Consumer Cyclicals Industry,51.0,Consumer Cyclicals Activity,51.0,1985.0
SYN3301.X,SY0000003301,Synthetic Firm 3301,United Kingdom,United Kingdom,Real Estate,55.0,Real Estate Services,55.0,Real Estate Group,55.0,Real Estate Industry,55.0,Real Estate Activity,55.0,2012.0
SYN3302.X,SY0000003302,Synthetic Firm 3302,Cyprus,Cyprus,Financials,50.0,Financials Services,50.0,Financials Group,50.0,Financials Industry,50.0,Financials Activity,50.0,2008.0
SYN3303.X,SY0000003303,Synthetic Firm 3303,Greece,Greece,Technology,53.0,Technology Services,53.0,Technology Group,53.0,Technology Industry,53.0,Technology Activity,53.0,1994.0
SYN3304.X,SY0000003304,Synthetic Firm 3304,Germany,Germany,Technology,53.0,Technology Services,53.0,Technology Group,53.0,Technology Industry,53.0,Technology Activity,53.0,1973.0
SYN3305.X,SY0000003305,Synthetic Firm 3305,France,France,Technology,53.0,Technology Services,53.0,Technology Group,53.0,Technology Industry,53.0,Technology Activity,53.0,1954.0
SYN3306.X,SY0000003306,Synthetic Firm 3306,Germany,Germany,Industrials,56.0,Industrials Services,56.0,Industrials Group,56.0,Industrials Industry,56.0,Industrials Activity,56.0,1977.0
SYN3307.X,SY0000003307,Synthetic Firm 3307,Switzerland,Switzerland,Real Estate,55.0,Real Estate Services,55.0,Real Estate Group,55.0,Real Estate Industry,55.0,Real Estate Activity,55.0,1994.0
SYN3308.X,SY0000003308,Synthetic Firm 3308,United Kingdom,United Kingdom,Basic Materials,59.0,Basic Materials Services,59.0,Basic Materials Group,59.0,Basic Materials Industry,59.0,Basic Materials Activity,59.0,1978.0
SYN3309.X,SY0000003309,Synthetic Firm 3309,Sweden,Sweden,Healthcare,58.0,Healthcare Services,58.0,Healthcare Group,58.0,Healthcare Industry,58.0,Healthcare Activity,58.0,1993.0
SYN3310.X,SY0000003310,Synthetic Firm 3310,Portugal,Portugal,Consumer Cyclicals,51.0,Consumer Cyclicals Services,51.0,Consumer Cyclicals Group,51.0,Consumer Cyclicals Industry,51.0,Consumer Cyclicals Activity,51.0,1999.0
SYN3311.X,SY0000003311,Synthetic Firm 3311,Germany,Germany,Financials,50.0,Financials Services,50.0,Financials Group,50.0,Financials Industry,50.0,Financials Activity,50.0,2002.0
SYN3312.X,SY0000003312,Synthetic Firm 3312,Luxembourg,Luxembourg,Financials,50.0,Financials Services,50.0,Financials Group,50.0,Financials Industry,50.0,Financials Activity,50.0,2012.0
SYN3313.X,SY0000003313,Synthetic Firm 3313,Sweden,Sweden,Technology,53.0,Technology Services,53.0,Technology Group,53.0,Technology Industry,53.0,Technology Activity,53.0,1997.0
SYN3314.X,SY0000003314,Synthetic Firm 3314,Germany,Germany,Real Estate,55.0,Real Estate Services,55.0,Real Estate Group,55.0,Real Estate Industry,55.0,Real Estate Activity,55.0,1969.0
SYN3315.X,SY0000003315,Synthetic Firm 3315,Switzerland,Switzerland,Technology,53.0,Technology Services,53.0,Technology Group,53.0,Technology Industry,53.0,Technology Activity,53.0,1970.0
SYN3316.X,SY0000003316,Synthetic Firm 3316,Sweden,Sweden,Industrials,56.0,Industrials Services,56.0,Industrials Group,56.0,Industrials Industry,56.0,Industrials Activity,56.0,2024.0
SYN3317.X,SY0000003317,Synthetic Firm 3317,Ireland,Ireland,Real Estate,55.0,Real Estate Services,55.0,Real Estate Group,55.0,Real Estate Industry,55.0,Real Estate Activity,55.0,2021.0
SYN3318.X,SY0000003318,Synthetic Firm 3318,Germany,Germany,Industrials,56.0,Industrials Services,56.0,Industrials Group,56.0,Industrials Industry,56.0,Industrials Activity,56.0,1961.0
SYN3319.X,SY0000003319,Synthetic Firm 3319,Germany,Germany,Technology,53.0,Technology Services,53.0,Technology Group,53.0,Technology Industry,53.0,Technology Activity,53.0,1954.0
SYN3320.X,SY0000003320,Synthetic Firm 3320,Sweden,Sweden,Technology,53.0,Technology Services,53.0,Technology Group,53.0,Technology Industry,53.0,Technology Activity,53.0,1976.0
SYN3321.X,SY0000003321,Synthetic Firm 3321,United Kingdom,United Kingdom,Healthcare,58.0,Healthcare Services,58.0,Healthcare Group,58.0,Healthcare Industry,58.0,Healthcare Activity,58.0,2016.0
SYN3322.X,SY0000003322,Synthetic Firm 3322,Hungary,Hungary,Real Estate,55.0,Real Estate Services,55.0,Real Estate Group,55.0,Real Estate Industry,55.0,Real Estate Activity,55.0,1985.0
SYN3323.X,SY0000003323,Synthetic Firm 3323,Austria,Austria,Basic Materials,59.0,Basic Materials Services,59.0,Basic Materials Group,59.0,Basic Materials Industry,59.0,Basic Materials Activity,59.0,2021.0
SYN3324.X,SY0000003324,Synthetic Firm 3324,United Kingdom,United Kingdom,Industrials,56.0,Industrials Services,56.0,Industrials Group,56.0,Industrials Industry,56.0,Industrials Activity,56.0,1974.0
SYN3325.X,SY0000003325,Synthetic Firm 3325,Italy,Italy,Consumer Cyclicals,51.0,Consumer Cyclicals Services,51.0,Consumer Cyclicals Group,51.0,Consumer Cyclicals Industry,51.0,Consumer Cyclicals Activity,51.0,1996.0
SYN3326.X,SY0000003326,Synthetic Firm 3326,United Kingdom,United Kingdom,Basic Materials,59.0,Basic Materials Services,59.0,Basic Materials Group,59.0,Basic Materials Industry,59.0,Basic Materials Activity,59.0,2023.0
SYN3327.X,SY0000003327,Synthetic Firm 3327,Czechia,Czechia,Industrials,56.0,Industrials Services,56.0,Industrials Group,56.0,Industrials Industry,56.0,Industrials Activity,56.0,2010.0
SYN3328.X,SY0000003328,Synthetic Firm 3328,United Kingdom,United Kingdom,Healthcare,58.0,Healthcare Services,58.0,Healthcare Group,58.0,Healthcare Industry,58.0,Healthcare Activity,58.0,1984.0
SYN3329.X,SY0000003329,Synthetic Firm 3329,Czechia,Czechia,Technology,53.0,Technology Services,53.0,Technology Group,53.0,Technology Industry,53.0,Technology Activity,53.0,2010.0
SYN3330.X,SY0000003330,Synthetic Firm 3330,United Kingdom,United Kingdom,Healthcare,58.0,Healthcare Services,58.0,Healthcare Group,58.0,Healthcare Industry,58.0,Healthcare Activity,58.0,1981.0
SYN3331.X,SY0000003331,Synthetic Firm 3331,Netherlands,Netherlands,Financials,50.0,Financials Services,50.0,Financials Group,50.0,Financials Industry,50.0,Financials Activity,50.0,0.0
SYN3332.X,SY0000003332,Synthetic Firm 3332,Denmark,Denmark,Technology,53.0,Technology Services,53.0,Technology Group,53.0,Technology Industry,53.0,Technology Activity,53.0,2024.0
SYN3333.X,SY0000003333,Synthetic Firm 3333,Luxembourg,Luxembourg,Healthcare,58.0,Healthcare Services,58.0,Healthcare Group,58.0,Healthcare Industry,58.0,Healthcare Activity,58.0,2010.0
SYN3334.X,SY0000003334,Synthetic Firm 3334,Romania,Romania,Technology,53.0,Technology Services,53.0,Technology Group,53.0,Technology Industry,53.0,Technology Activity,53.0,2002.0
SYN3335.X,SY0000003335,Synthetic Firm 3335,Sweden,Sweden,Technology,53.0,Technology Services,53.0,Technology Group,53.0,Technology Industry,53.0,Technology Activity,53.0,2010.0
SYN3336.X,SY0000003336,Synthetic Firm 3336,Hungary,Hungary,Technology,53.0,Technology Services,53.0,Technology Group,53.0,Technology Industry,53.0,Technology Activity,53.0,2000.0
SYN3337.X,SY0000003337,Synthetic Firm 3337,Portugal,Portugal,Financials,50.0,Financials Services,50.0,Financials Group,50.0,Financials Industry,50.0,Financials Activity,50.0,1972.0
SYN3338.X,SY0000003338,Synthetic Firm 3338,Norway,Norway,Industrials,56.0,Industrials Services,56.0,Industrials Group,56.0,Industrials Industry,56.0,Industrials Activity,56.0,2006.0
SYN3339.X,SY0000003339,Synthetic Firm 3339,Spain,Spain,Technology,53.0,Technology Services,53.0,Technology Group,53.0,Technology Industry,53.0,Technology Activity,53.0,2004.0
SYN3340.X,SY0000003340,Synthetic Firm 3340,France,France,Industrials,56.0,Industrials Services,56.0,Industrials Group,56.0,Industrials Industry,56.0,Industrials Activity,56.0,1991.0
SYN3341.X,SY0000003341,Synthetic Firm 3341,Sweden,Sweden,Financials,50.0,Financials Services,50.0,Financials Group,50.0,Financials Industry,50.0,Financials Activity,50.0,1998.0
SYN3342.X,SY0000003342,Synthetic Firm 3342,United Kingdom,United Kingdom,Financials,50.0,Financials Services,50.0,Financials Group,50.0,Financials Industry,50.0,Financials Activity,50.0,1990.0
SYN3343.X,SY0000003343,Synthetic Firm 3343,Estonia,Estonia,Financials,50.0,Financials Services,50.0,Financials Group,50.0,Financials Industry,50.0,Financials Activity,50.0,1960.0
SYN3344.X,SY0000003344,Synthetic Firm 3344,Ireland,Ireland,Financials,50.0,Financials Services,50.0,Financials Group,50.0,Financials Industry,50.0,Financials Activity,50.0,2008.0
SYN3345.X,SY0000003345,Synthetic Firm 3345,France,France,Academic & Educational Services,60.0,Academic & Educational Services Services,60.0,Academic & Educational Services Group,60.0,Academic & Educational Services Industry,60.0,Academic & Educational Services Activity,60.0,2010.0
SYN3346.X,SY0000003346,Synthetic Firm 3346,Sweden,Sweden,Financials,50.0,Financials Services,50.0,Financials Group,50.0,Financials Industry,50.0,Financials Activity,50.0,1962.0
SYN3347.X,SY0000003347,Synthetic Firm 3347,France,France,Financials,50.0,Financials Services,50.0,Financials Group,50.0,Financials Industry,50.0,Financials Activity,50.0,2000.0
SYN3348.X,SY0000003348,Synthetic Firm 3348,United Kingdom,United Kingdom,Technology,53.0,Technology Services,53.0,Technology Group,53.0,Technology Industry,53.0,Technology Activity,53.0,1975.0
SYN3349.X,SY0000003349,Synthetic Firm 3349,United Kingdom,United Kingdom,Financials,50.0,Financials Services,50.0,Financials Group,50.0,Financials Industry,50.0,Financials Activity,50.0,2023.0
SYN3350.X,SY0000003350,Synthetic Firm 3350,Israel,Israel,Technology,53.0,Technology Services,53.0,Technology Group,53.0,Technology Industry,53.0,Technology Activity,53.0,1983.0
SYN3351.X,SY0000003351,Synthetic Firm 3351,Germany,Germany,Financials,50.0,Financials Services,50.0,Financials Group,50.0,Financials Industry,50.0,Financials Activity,50.0,1992.0
SYN3352.X,SY0000003352,Synthetic Firm 3352,Spain,Spain,Real Estate,55.0,Real Estate Services,55.0,Real Estate Group,55.0,Real Estate Industry,55.0,Real Estate Activity,55.0,1981.0
SYN3353.X,SY0000003353,Synthetic Firm 3353,Iceland,Iceland,Consumer Cyclicals,51.0,Consumer Cyclicals Services,51.0,Consumer Cyclicals Group,51.0,Consumer Cyclicals Industry,51.0,Consumer Cyclicals Activity,51.0,0.0
SYN3354.X,SY0000003354,Synthetic Firm 3354,Hungary,Hungary,Consumer Non-Cyclicals,52.0,Consumer Non-Cyclicals Services,52.0,Consumer Non-Cyclicals Group,52.0,Consumer Non-Cyclicals Industry,52.0,Consumer Non-Cyclicals Activity,52.0,2011.0
SYN3355.X,SY0000003355,Synthetic Firm 3355,Belgium,Belgium,Financials,50.0,Financials Services,50.0,Financials Group,50.0,Financials Industry,50.0,Financials Activity,50.0,2006.0
SYN3356.X,SY0000003356,Synthetic Firm 3356,Finland,Finland,Basic Materials,59.0,Basic Materials Services,59.0,Basic Materials Group,59.0,Basic Materials Industry,59.0,Basic Materials Activity,59.0,1990.0
SYN3357.X,SY0000003357,Synthetic Firm 3357,Austria,Austria,Financials,50.0,Financials Services,50.0,Financials Group,50.0,Financials Industry,50.0,Financials Activity,50.0,2012.0
SYN3358.X,SY0000003358,Synthetic Firm 3358,Romania,Romania,Financials,50.0,Financials Services,50.0,Financials Group,50.0,Financials Industry,50.0,Financials Activity,50.0,1941.0
SYN3359.X,SY0000003359,Synthetic Firm 3359,Sweden,Sweden,Industrials,56.0,Industrials Services,56.0,Industrials Group,56.0,Industrials Industry,56.0,Industrials Activity,56.0,2022.0
SYN3360.X,SY0000003360,Synthetic Firm 3360,Germany,Germany,Technology,53.0,Technology Services,53.0,Technology Group,53.0,Technology Industry,53.0,Technology Activity,53.0,1986.0
SYN3361.X,SY0000003361,Synthetic Firm 3361,Switzerland,Switzerland,Academic & Educational Services,60.0,Academic & Educational Services Services,60.0,Academic & Educational Services Group,60.0,Academic & Educational Services Industry,60.0,Academic & Educational Services Activity,60.0,1971.0
SYN3362.X,SY0000003362,Synthetic Firm 3362,Sweden,Sweden,Technology,53.0,Technology Services,53.0,Technology Group,53.0,Technology Industry,53.0,Technology Activity,53.0,1970.0
SYN3363.X,SY0000003363,Synthetic Firm 3363,Switzerland,Switzerland,Technology,53.0,Technology Services,53.0,Technology Group,53.0,Technology Industry,53.0,Technology Activity,53.0,1991.0
SYN3364.X,SY0000003364,Synthetic Firm 3364,United Kingdom,United Kingdom,Consumer Cyclicals,51.0,Consumer Cyclicals Services,51.0,Consumer Cyclicals Group,51.0,Consumer Cyclicals Industry,51.0,Consumer Cyclicals Activity,51.0,2023.0
SYN3365.X,SY0000003365,Synthetic Firm 3365,Ireland,Ireland,Financials,50.0,Financials Services,50.0,Financials Group,50.0,Financials Industry,50.0,Financials Activity,50.0,1945.0
SYN3366.X,SY0000003366,Synthetic Firm 3366,United Kingdom,United Kingdom,Industrials,56.0,Industrials Services,56.0,Industrials Group,56.0,Industrials Industry,56.0,Industrials Activity,56.0,1941.0
SYN3367.X,SY0000003367,Synthetic Firm 3367,United Kingdom,United Kingdom,Technology,53.0,Technology Services,53.0,Technology Group,53.0,Technology Industry,53.0,Technology Activity,53.0,2019.0
SYN3368.X,SY0000003368,Synthetic Firm 3368,United Kingdom,United Kingdom,Technology,53.0,Technology Services,53.0,Technology Group,53.0,Technology Industry,53.0,Technology Activity,53.0,2023.0
SYN3369.X,SY0000003369,Synthetic Firm 3369,Russia,Russia,Basic Materials,59.0,Basic Materials Services,59.0,Basic Materials Group,59.0,Basic Materials Industry,59.0,Basic Materials Activity,59.0,1993.0
SYN3370.X,SY0000003370,Synthetic Firm 3370,Sweden,Sweden,Industrials,56.0,Industrials Services,56.0,Industrials Group,56.0,Industrials Industry,56.0,Industrials Activity,56.0,2022.0
SYN3371.X,SY0000003371,Synthetic Firm 3371,France,France,Real Estate,55.0,Real Estate Services,55.0,Real Estate Group,55.0,Real Estate Industry,55.0,Real Estate Activity,55.0,2003.0
SYN3372.X,SY0000003372,Synthetic Firm 3372,France,France,Industrials,56.0,Industrials Services,56.0,Industrials Group,56.0,Industrials Industry,56.0,Industrials Activity,56.0,2024.0
SYN3373.X,SY0000003373,Synthetic Firm 3373,Switzerland,Switzerland,Industrials,56.0,Industrials Services,56.0,Industrials Group,56.0,Industrials Industry,56.0,Industrials Activity,56.0,1994.0
SYN3374.X,SY0000003374,Synthetic Firm 3374,Austria,Austria,Financials,50.0,Financials Services,50.0,Financials Group,50.0,Financials Industry,50.0,Financials Activity,50.0,1984.0
SYN3375.X,SY0000003375,Synthetic Firm 3375,France,France,Financials,50.0,Financials Services,50.0,Financials Group,50.0,Financials Industry,50.0,Financials Activity,50.0,1966.0
SYN3376.X,SY0000003376,Synthetic Firm 3376,Spain,Spain,Healthcare,58.0,Healthcare Services,58.0,Healthcare Group,58.0,Healthcare Industry,58.0,Healthcare Activity,58.0,2012.0
SYN3377.X,SY0000003377,Synthetic Firm 3377,Germany,Germany,Healthcare,58.0,Healthcare Services,58.0,Healthcare Group,58.0,Healthcare Industry,58.0,Healthcare Activity,58.0,1975.0
SYN3378.X,SY0000003378,Synthetic Firm 3378,France,France,Industrials,56.0,Industrials Services,56.0,Industrials Group,56.0,Industrials Industry,56.0,Industrials Activity,56.0,0.0
SYN3379.X,SY0000003379,Synthetic Firm 3379,United Kingdom,United Kingdom,Healthcare,58.0,Healthcare Services,58.0,Healthcare Group,58.0,Healthcare Industry,58.0,Healthcare Activity,58.0,2011.0
SYN3380.X,SY0000003380,Synthetic Firm 3380,Germany,Germany,Utilities,57.0,Utilities Services,57.0,Utilities Group,57.0,Utilities Industry,57.0,Utilities Activity,57.0,2024.0
SYN3381.X,SY0000003381,Synthetic Firm 3381,Portugal,Portugal,Basic Materials,59.0,Basic Materials Services,59.0,Basic Materials Group,59.0,Basic Materials Industry,59.0,Basic Materials Activity,59.0,2017.0
SYN3382.X,SY0000003382,Synthetic Firm 3382,France,France,Basic Materials,59.0,Basic Materials Services,59.0,Basic Materials Group,59.0,Basic Materials Industry,59.0,Basic Materials Activity,59.0,1999.0
SYN3383.X,SY0000003383,Synthetic Firm 3383,Luxembourg,Luxembourg,Technology,53.0,Technology Services,53.0,Technology Group,53.0,Technology Industry,53.0,Technology Activity,53.0,2013.0
SYN3384.X,SY0000003384,Synthetic Firm 3384,Switzerland,Switzerland,Healthcare,58.0,Healthcare Services,58.0,Healthcare Group,58.0,Healthcare Industry,58.0,Healthcare Activity,58.0,2003.0
SYN3385.X,SY0000003385,Synthetic Firm 3385,Netherlands,Netherlands,Healthcare,58.0,Healthcare Services,58.0,Healthcare Group,58.0,Healthcare Industry,58.0,Healthcare Activity,58.0,1973.0
SYN3386.X,SY0000003386,Synthetic Firm 3386,Norway,Norway,Consumer Cyclicals,51.0,Consumer Cyclicals Services,51.0,Consumer Cyclicals Group,51.0,Consumer Cyclicals Industry,51.0,Consumer Cyclicals Activity,51.0,1959.0
SYN3387.X,SY0000003387,Synthetic Firm 3387,United Kingdom,United Kingdom,Financials,50.0,Financials Services,50.0,Financials Group,50.0,Financials Industry,50.0,Financials Activity,50.0,1965.0
SYN3388.X,SY0000003388,Synthetic Firm 3388,Austria,Austria,Industrials,56.0,Industrials Services,56.0,Industrials Group,56.0,Industrials Industry,56.0,Industrials Activity,56.0,1980.0
SYN3389.X,SY0000003389,Synthetic Firm 3389,Romania,Romania,Consumer Non-Cyclicals,52.0,Consumer Non-Cyclicals Services,52.0,Consumer Non-Cyclicals Group,52.0,Consumer Non-Cyclicals Industry,52.0,Consumer Non-Cyclicals Activity,52.0,1981.0
SYN3390.X,SY0000003390,Synthetic Firm 3390,Germany,Germany,Technology,53.0,Technology Services,53.0,Technology Group,53.0,Technology Industry,53.0,Technology Activity,53.0,1986.0
SYN3391.X,SY0000003391,Synthetic Firm 3391,United Kingdom,United Kingdom,Financials,50.0,Financials Services,50.0,Financials Group,50.0,Financials Industry,50.0,Financials Activity,50.0,1992.0
SYN3392.X,SY0000003392,Synthetic Firm 3392,Spain,Spain,Consumer Cyclicals,51.0,Consumer Cyclicals Services,51.0,Consumer Cyclicals Group,51.0,Consumer Cyclicals Industry,51.0,Consumer Cyclicals Activity,51.0,1930.0
SYN3393.X,SY0000003393,Synthetic Firm 3393,United Kingdom,United Kingdom,Financials,50.0,Financials Services,50.0,Financials Group,50.0,Financials Industry,50.0,Financials Activity,50.0,2020.0
SYN3394.X,SY0000003394,Synthetic Firm 3394,United Kingdom,United Kingdom,Industrials,56.0,Industrials Services,56.0,Industrials Group,56.0,Industrials Industry,56.0,Industrials Activity,56.0,2004.0
SYN3395.X,SY0000003395,Synthetic Firm 3395,Hungary,Hungary,Financials,50.0,Financials Services,50.0,Financials Group,50.0,Financials Industry,50.0,Financials Activity,50.0,2017.0
SYN3396.X,SY0000003396,Synthetic Firm 3396,Austria,Austria,Technology,53.0,Technology Services,53.0,Technology Group,53.0,Technology Industry,53.0,Technology Activity,53.0,2014.0
SYN3397.X,SY0000003397,Synthetic Firm 3397,Sweden,Sweden,Utilities,57.0,Utilities Services,57.0,Utilities Group,57.0,Utilities Industry,57.0,Utilities Activity,57.0,2024.0
SYN3398.X,SY0000003398,Synthetic Firm 3398,Germany,Germany,Consumer Cyclicals,51.0,Consumer Cyclicals Services,51.0,Consumer Cyclicals Group,51.0,Consumer Cyclicals Industry,51.0,Consumer Cyclicals Activity,51.0,2017.0
SYN3399.X,SY0000003399,Synthetic Firm 3399,Luxembourg,Luxembourg,Healthcare,58.0,Healthcare Services,58.0,Healthcare Group,58.0,Healthcare Industry,58.0,Healthcare Activity,58.0,2008.0
SYN3400.X,SY0000003400,Synthetic Firm 3400,Switzerland,Switzerland,Financials,50.0,Financials Services,50.0,Financials Group,50.0,Financials Industry,50.0,Financials Activity,50.0,2008.0
SYN3401.X,SY0000003401,Synthetic Firm 3401,Netherlands,Netherlands,Industrials,56.0,Industrials Services,56.0,Industrials Group,56.0,Industrials Industry,56.0,Industrials Activity,56.0,1961.0
SYN3402.X,SY0000003402,Synthetic Firm 3402,Switzerland,Switzerland,Industrials,56.0,Industrials Services,56.0,Industrials Group,56.0,Industrials Industry,56.0,Industrials Activity,56.0,1950.0
SYN3403.X,SY0000003403,Synthetic Firm 3403,United Kingdom,United Kingdom,Consumer Non-Cyclicals,52.0,Consumer Non-Cyclicals Services,52.0,Consumer Non-Cyclicals Group,52.0,Consumer Non-Cyclicals Industry,52.0,Consumer Non-Cyclicals Activity,52.0,1935.0
SYN3404.X,SY0000003404,Synthetic Firm 3404,Switzerland,Switzerland,Real Estate,55.0,Real Estate Services,55.0,Real Estate Group,55.0,Real Estate Industry,55.0,Real Estate Activity,55.0,1990.0
SYN3405.X,SY0000003405,Synthetic Firm 3405,Netherlands,Netherlands,Financials,50.0,Financials Services,50.0,Financials Group,50.0,Financials Industry,50.0,Financials Activity,50.0,1997.0
SYN3406.X,SY0000003406,Synthetic Firm 3406,Sweden,Sweden,Financials,50.0,Financials Services,50.0,Financials Group,50.0,Financials Industry,50.0,Financials Activity,50.0,1978.0
SYN3407.X,SY0000003407,Synthetic Firm 3407,Switzerland,Switzerland,Energy,54.0,Energy Services,54.0,Energy Group,54.0,Energy Industry,54.0,Energy Activity,54.0,1930.0
SYN3408.X,SY0000003408,Synthetic Firm 3408,Sweden,Sweden,Industrials,56.0,Industrials Services,56.0,Industrials Group,56.0,Industrials Industry,56.0,Industrials Activity,56.0,1915.0
SYN3409.X,SY0000003409,Synthetic Firm 3409,Germany,Germany,Financials,50.0,Financials Services,50.0,Financials Group,50.0,Financials Industry,50.0,Financials Activity,50.0,1992.0
SYN3410.X,SY0000003410,Synthetic Firm 3410,Spain,Spain,Industrials,56.0,Industrials Services,56.0,Industrials Group,56.0,Industrials Industry,56.0,Industrials Activity,56.0,2023.0
SYN3411.X,SY0000003411,Synthetic Firm 3411,France,France,Real Estate,55.0,Real Estate Services,55.0,Real Estate Group,55.0,Real Estate Industry,55.0,Real Estate Activity,55.0,2019.0
SYN3412.X,SY0000003412,Synthetic Firm 3412,Switzerland,Switzerland,Consumer Non-Cyclicals,52.0,Consumer Non-Cyclicals Services,52.0,Consumer Non-Cyclicals Group,52.0,Consumer Non-Cyclicals Industry,52.0,Consumer Non-Cyclicals Activity,52.0,2001.0
SYN3413.X,SY0000003413,Synthetic Firm 3413,Italy,Italy,Technology,53.0,Technology Services,53.0,Technology Group,53.0,Technology Industry,53.0,Technology Activity,53.0,1961.0
SYN3414.X,SY0000003414,Synthetic Firm 3414,United Kingdom,United Kingdom,Consumer Cyclicals,51.0,Consumer Cyclicals Services,51.0,Consumer Cyclicals Group,51.0,Consumer Cyclicals Industry,51.0,Consumer Cyclicals Activity,51.0,2012.0
SYN3415.X,SY0000003415,Synthetic Firm 3415,Switzerland,Switzerland,Industrials,56.0,Industrials Services,56.0,Industrials Group,56.0,Industrials Industry,56.0,Industrials Activity,56.0,1919.0
SYN3416.X,SY0000003416,Synthetic Firm 3416,United Kingdom,United Kingdom,Real Estate,55.0,Real Estate Services,55.0,Real Estate Group,55.0,Real Estate Industry,55.0,Real Estate Activity,55.0,1973.0
SYN3417.X,SY0000003417,Synthetic Firm 3417,United Kingdom,United Kingdom,Consumer Non-Cyclicals,52.0,Consumer Non-Cyclicals Services,52.0,Consumer Non-Cyclicals Group,52.0,Consumer Non-Cyclicals Industry,52.0,Consumer Non-Cyclicals Activity,52.0,2004.0
SYN3418.X,SY0000003418,Synthetic Firm 3418,Sweden,Sweden,Financials,50.0,Financials Services,50.0,Financials Group,50.0,Financials Industry,50.0,Financials Activity,50.0,1996.0
SYN3419.X,SY0000003419,Synthetic Firm 3419,Netherlands,Netherlands,Healthcare,58.0,Healthcare Services,58.0,Healthcare Group,58.0,Healthcare Industry,58.0,Healthcare Activity,58.0,2013.0
SYN3420.X,SY0000003420,Synthetic Firm 3420,United Kingdom,United Kingdom,Consumer Non-Cyclicals,52.0,Consumer Non-Cyclicals Services,52.0,Consumer Non-Cyclicals Group,52.0,Consumer Non-Cyclicals Industry,52.0,Consumer Non-Cyclicals Activity,52.0,1962.0
SYN3421.X,SY0000003421,Synthetic Firm 3421,United Kingdom,United Kingdom,Real Estate,55.0,Real Estate Services,55.0,Real Estate Group,55.0,Real Estate Industry,55.0,Real Estate Activity,55.0,2007.0
SYN3422.X,SY0000003422,Synthetic Firm 3422,Belgium,Belgium,Technology,53.0,Technology Services,53.0,Technology Group,53.0,Technology Industry,53.0,Technology Activity,53.0,1950.0
SYN3423.X,SY0000003423,Synthetic Firm 3423,Switzerland,Switzerland,Financials,50.0,Financials Services,50.0,Financials Group,50.0,Financials Industry,50.0,Financials Activity,50.0,1958.0
SYN3424.X,SY0000003424,Synthetic Firm 3424,Spain,Spain,Technology,53.0,Technology Services,53.0,Technology Group,53.0,Technology Industry,53.0,Technology Activity,53.0,2015.0
SYN3425.X,SY0000003425,Synthetic Firm 3425,Netherlands,Netherlands,Consumer Non-Cyclicals,52.0,Consumer Non-Cyclicals Services,52.0,Consumer Non-Cyclicals Group,52.0,Consumer Non-Cyclicals Industry,52.0,Consumer Non-Cyclicals Activity,52.0,1986.0
SYN3426.X,SY0000003426,Synthetic Firm 3426,France,France,Industrials,56.0,Industrials Services,56.0,Industrials Group,56.0,Industrials Industry,56.0,Industrials Activity,56.0,1953.0
SYN3427.X,SY0000003427,Synthetic Firm 3427,Germany,Germany,Consumer Cyclicals,51.0,Consumer Cyclicals Services,51.0,Consumer Cyclicals Group,51.0,Consumer Cyclicals Industry,51.0,Consumer Cyclicals Activity,51.0,2019.0
SYN3428.X,SY0000003428,Synthetic Firm 3428,Denmark,Denmark,Consumer Cyclicals,51.0,Consumer Cyclicals Services,51.0,Consumer Cyclicals Group,51.0,Consumer Cyclicals Industry,51.0,Consumer Cyclicals Activity,51.0,1999.0
SYN3429.X,SY0000003429,Synthetic Firm 3429,Italy,Italy,Technology,53.0,Technology Services,53.0,Technology Group,53.0,Technology Industry,53.0,Technology Activity,53.0,1996.0
SYN3430.X,SY0000003430,Synthetic Firm 3430,Switzerland,Switzerland,Healthcare,58.0,Healthcare Services,58.0,Healthcare Group,58.0,Healthcare Industry,58.0,Healthcare Activity,58.0,1957.0
SYN3431.X,SY0000003431,Synthetic Firm 3431,United Kingdom,United Kingdom,Industrials,56.0,Industrials Services,56.0,Industrials Group,56.0,Industrials Industry,56.0,Industrials Activity,56.0,2022.0
SYN3432.X,SY0000003432,Synthetic Firm 3432,Switzerland,Switzerland,Consumer Cyclicals,51.0,Consumer Cyclicals Services,51.0,Consumer Cyclicals Group,51.0,Consumer Cyclicals Industry,51.0,Consumer Cyclicals Activity,51.0,1977.0
SYN3433.X,SY0000003433,Synthetic Firm 3433,Ireland,Ireland,Technology,53.0,Technology Services,53.0,Technology Group,53.0,Technology Industry,53.0,Technology Activity,53.0,1963.0
SYN3434.X,SY0000003434,Synthetic Firm 3434,Switzerland,Switzerland,Industrials,56.0,Industrials Services,56.0,Industrials Group,56.0,Industrials Industry,56.0,Industrials Activity,56.0,1993.0
SYN3435.X,SY0000003435,Synthetic Firm 3435,Luxembourg,Luxembourg,Industrials,56.0,Industrials Services,56.0,Industrials Group,56.0,Industrials Industry,56.0,Industrials Activity,56.0,1994.0
SYN3436.X,SY0000003436,Synthetic Firm 3436,Ireland,Ireland,Technology,53.0,Technology Services,53.0,Technology Group,53.0,Technology Industry,53.0,Technology Activity,53.0,2018.0
SYN3437.X,SY0000003437,Synthetic Firm 3437,United Kingdom,United Kingdom,Real Estate,55.0,Real Estate Services,55.0,Real Estate Group,55.0,Real Estate Industry,55.0,Real Estate Activity,55.0,1972.0
SYN3438.X,SY0000003438,Synthetic Firm 3438,Germany,Germany,Energy,54.0,Energy Services,54.0,Energy Group,54.0,Energy Industry,54.0,Energy Activity,54.0,2007.0
SYN3439.X,SY0000003439,Synthetic Firm 3439,Turkey,Turkey,Consumer Cyclicals,51.0,Consumer Cyclicals Services,51.0,Consumer Cyclicals Group,51.0,Consumer Cyclicals Industry,51.0,Consumer Cyclicals Activity,51.0,1973.0
SYN3440.X,SY0000003440,Synthetic Firm 3440,United Kingdom,United Kingdom,Technology,53.0,Technology Services,53.0,Technology Group,53.0,Technology Industry,53.0,Technology Activity,53.0,2004.0
SYN3441.X,SY0000003441,Synthetic Firm 3441,Portugal,Portugal,Basic Materials,59.0,Basic Materials Services,59.0,Basic Materials Group,59.0,Basic Materials Industry,59.0,Basic Materials Activity,59.0,1993.0
SYN3442.X,SY0000003442,Synthetic Firm 3442,Hungary,Hungary,Technology,53.0,Technology Services,53.0,Technology Group,53.0,Technology Industry,53.0,Technology Activity,53.0,1969.0
SYN3443.X,SY0000003443,Synthetic Firm 3443,France,France,Basic Materials,59.0,Basic Materials Services,59.0,Basic Materials Group,59.0,Basic Materials Industry,59.0,Basic Materials Activity,59.0,2008.0
SYN3444.X,SY0000003444,Synthetic Firm 3444,Poland,Poland,Industrials,56.0,Industrials Services,56.0,Industrials Group,56.0,Industrials Industry,56.0,Industrials Activity,56.0,2010.0
SYN3445.X,SY0000003445,Synthetic Firm 3445,United Kingdom,United Kingdom,Financials,50.0,Financials Services,50.0,Financials Group,50.0,Financials Industry,50.0,Financials Activity,50.0,0.0
SYN3446.X,SY0000003446,Synthetic Firm 3446,Norway,Norway,Energy,54.0,Energy Services,54.0,Energy Group,54.0,Energy Industry,54.0,Energy Activity,54.0,1977.0
SYN3447.X,SY0000003447,Synthetic Firm 3447,Italy,Italy,Consumer Cyclicals,51.0,Consumer Cyclicals Services,51.0,Consumer Cyclicals Group,51.0,Consumer Cyclicals Industry,51.0,Consumer Cyclicals Activity,51.0,2005.0
SYN3448.X,SY0000003448,Synthetic Firm 3448,Belgium,Belgium,Financials,50.0,Financials Services,50.0,Financials Group,50.0,Financials Industry,50.0,Financials Activity,50.0,1976.0
SYN3449.X,SY0000003449,Synthetic Firm 3449,Switzerland,Switzerland,Consumer Cyclicals,51.0,Consumer Cyclicals Services,51.0,Consumer Cyclicals Group,51.0,Consumer Cyclicals Industry,51.0,Consumer Cyclicals Activity,51.0,1935.0
SYN3450.X,SY0000003450,Synthetic Firm 3450,Sweden,Sweden,Energy,54.0,Energy Services,54.0,Energy Group,54.0,Energy Industry,54.0,Energy Activity,54.0,1985.0
SYN3451.X,SY0000003451,Synthetic Firm 3451,United Kingdom,United Kingdom,Financials,50.0,Financials Services,50.0,Financials Group,50.0,Financials Industry,50.0,Financials Activity,50.0,1994.0
SYN3452.X,SY0000003452,Synthetic Firm 3452,Croatia,Croatia,Technology,53.0,Technology Services,53.0,Technology Group,53.0,Technology Industry,53.0,Technology Activity,53.0,2005.0
SYN3453.X,SY0000003453,Synthetic Firm 3453,Turkey,Turkey,Industrials,56.0,Industrials Services,56.0,Industrials Group,56.0,Industrials Industry,56.0,Industrials Activity,56.0,1993.0
SYN3454.X,SY0000003454,Synthetic Firm 3454,Iceland,Iceland,Financials,50.0,Financials Services,50.0,Financials Group,50.0,Financials Industry,50.0,Financials Activity,50.0,2026.0
SYN3455.X,SY0000003455,Synthetic Firm 3455,United Kingdom,United Kingdom,Real Estate,55.0,Real Estate Services,55.0,Real Estate Group,55.0,Real Estate Industry,55.0,Real Estate Activity,55.0,2008.0
SYN3456.X,SY0000003456,Synthetic Firm 3456,United Kingdom,United Kingdom,Financials,50.0,Financials Services,50.0,Financials Group,50.0,Financials Industry,50.0,Financials Activity,50.0,1999.0
SYN3457.X,SY0000003457,Synthetic Firm 3457,Switzerland,Switzerland,Financials,50.0,Financials Services,50.0,Financials Group,50.0,Financials Industry,50.0,Financials Activity,50.0,2013.0
SYN3458.X,SY0000003458,Synthetic Firm 3458,Sweden,Sweden,Industrials,56.0,Industrials Services,56.0,Industrials Group,56.0,Industrials Industry,56.0,Industrials Activity,56.0,1943.0
SYN3459.X,SY0000003459,Synthetic Firm 3459,Spain,Spain,Utilities,57.0,Utilities Services,57.0,Utilities Group,57.0,Utilities Industry,57.0,Utilities Activity,57.0,1993.0
SYN3460.X,SY0000003460,Synthetic Firm 3460,Greece,Greece,Industrials,56.0,Industrials Services,56.0,Industrials Group,56.0,Industrials Industry,56.0,Industrials Activity,56.0,1970.0
SYN3461.X,SY0000003461,Synthetic Firm 3461,Switzerland,Switzerland,Financials,50.0,Financials Services,50.0,Financials Group,50.0,Financials Industry,50.0,Financials Activity,50.0,0.0
SYN3462.X,SY0000003462,Synthetic Firm 3462,United Kingdom,United Kingdom,Healthcare,58.0,Healthcare Services,58.0,Healthcare Group,58.0,Healthcare Industry,58.0,Healthcare Activity,58.0,1984.0
SYN3463.X,SY0000003463,Synthetic Firm 3463,Sweden,Sweden,Financials,50.0,Financials Services,50.0,Financials Group,50.0,Financials Industry,50.0,Financials Activity,50.0,1981.0
SYN3464.X,SY0000003464,Synthetic Firm 3464,Russia,Russia,Financials,50.0,Financials Services,50.0,Financials Group,50.0,Financials Industry,50.0,Financials Activity,50.0,1993.0
SYN3465.X,SY0000003465,Synthetic Firm 3465,United Kingdom,United Kingdom,Healthcare,58.0,Healthcare Services,58.0,Healthcare Group,58.0,Healthcare Industry,58.0,Healthcare Activity,58.0,2021.0
SYN3466.X,SY0000003466,Synthetic Firm 3466,Germany,Germany,Energy,54.0,Energy Services,54.0,Energy Group,54.0,Energy Industry,54.0,Energy Activity,54.0,1993.0
SYN3467.X,SY0000003467,Synthetic Firm 3467,United Kingdom,United Kingdom,Industrials,56.0,Industrials Services,56.0,Industrials Group,56.0,Industrials Industry,56.0,Industrials Activity,56.0,1944.0
SYN3468.X,SY0000003468,Synthetic Firm 3468,United Kingdom,United Kingdom,Consumer Non-Cyclicals,52.0,Consumer Non-Cyclicals Services,52.0,Consumer Non-Cyclicals Group,52.0,Consumer Non-Cyclicals Industry,52.0,Consumer Non-Cyclicals Activity,52.0,1998.0
SYN3469.X,SY0000003469,Synthetic Firm 3469,Ireland,Ireland,Financials,50.0,Financials Services,50.0,Financials Group,50.0,Financials Industry,50.0,Financials Activity,50.0,2001.0
SYN3470.X,SY0000003470,Synthetic Firm 3470,Sweden,Sweden,Industrials,56.0,Industrials Services,56.0,Industrials Group,56.0,Industrials Industry,56.0,Industrials Activity,56.0,2018.0
SYN3471.X,SY0000003471,Synthetic Firm 3471,United Kingdom,United Kingdom,Industrials,56.0,Industrials Services,56.0,Industrials Group,56.0,Industrials Industry,56.0,Industrials Activity,56.0,1986.0
SYN3472.X,SY0000003472,Synthetic Firm 3472,Germany,Germany,Financials,50.0,Financials Services,50.0,Financials Group,50.0,Financials Industry,50.0,Financials Activity,50.0,2007.0
SYN3473.X,SY0000003473,Synthetic Firm 3473,Romania,Romania,Utilities,57.0,Utilities Services,57.0,Utilities Group,57.0,Utilities Industry,57.0,Utilities Activity,57.0,1987.0
SYN3474.X,SY0000003474,Synthetic Firm 3474,Ireland,Ireland,Consumer Non-Cyclicals,52.0,Consumer Non-Cyclicals Services,52.0,Consumer Non-Cyclicals Group,52.0,Consumer Non-Cyclicals Industry,52.0,Consumer Non-Cyclicals Activity,52.0,2013.0
SYN3475.X,SY0000003475,Synthetic Firm 3475,Portugal,Portugal,Industrials,56.0,Industrials Services,56.0,Industrials Group,56.0,Industrials Industry,56.0,Industrials Activity,56.0,1984.0
SYN3476.X,SY0000003476,Synthetic Firm 3476,Switzerland,Switzerland,Consumer Cyclicals,51.0,Consumer Cyclicals Services,51.0,Consumer Cyclicals Group,51.0,Consumer Cyclicals Industry,51.0,Consumer Cyclicals Activity,51.0,2005.0
SYN3477.X,SY0000003477,Synthetic Firm 3477,Sweden,Sweden,Real Estate,55.0,Real Estate Services,55.0,Real Estate Group,55.0,Real Estate Industry,55.0,Real Estate Activity,55.0,1979.0
SYN3478.X,SY0000003478,Synthetic Firm 3478,France,France,Healthcare,58.0,Healthcare Services,58.0,Healthcare Group,58.0,Healthcare Industry,58.0,Healthcare Activity,58.0,2014.0
SYN3479.X,SY0000003479,Synthetic Firm 3479,United Kingdom,United Kingdom,Energy,54.0,Energy Services,54.0,Energy Group,54.0,Energy Industry,54.0,Energy Activity,54.0,2001.0
SYN3480.X,SY0000003480,Synthetic Firm 3480,Switzerland,Switzerland,Industrials,56.0,Industrials Services,56.0,Industrials Group,56.0,Industrials Industry,56.0,Industrials Activity,56.0,1986.0
SYN3481.X,SY0000003481,Synthetic Firm 3481,United Kingdom,United Kingdom,Healthcare,58.0,Healthcare Services,58.0,Healthcare Group,58.0,Healthcare Industry,58.0,Healthcare Activity,58.0,2004.0
SYN3482.X,SY0000003482,Synthetic Firm 3482,Italy,Italy,Real Estate,55.0,Real Estate Services,55.0,Real Estate Group,55.0,Real Estate Industry,55.0,Real Estate Activity,55.0,2010.0
SYN3483.X,SY0000003483,Synthetic Firm 3483,United Kingdom,United Kingdom,Healthcare,58.0,Healthcare Services,58.0,Healthcare Group,58.0,Healthcare Industry,58.0,Healthcare Activity,58.0,2003.0
SYN3484.X,SY0000003484,Synthetic Firm 3484,United Kingdom,United Kingdom,Basic Materials,59.0,Basic Materials Services,59.0,Basic Materials Group,59.0,Basic Materials Industry,59.0,Basic Materials Activity,59.0,1937.0
SYN3485.X,SY0000003485,Synthetic Firm 3485,Portugal,Portugal,Industrials,56.0,Industrials Services,56.0,Industrials Group,56.0,Industrials Industry,56.0,Industrials Activity,56.0,2014.0
SYN3486.X,SY0000003486,Synthetic Firm 3486,United Kingdom,United Kingdom,Real Estate,55.0,Real Estate Services,55.0,Real Estate Group,55.0,Real Estate Industry,55.0,Real Estate Activity,55.0,1981.0
SYN3487.X,SY0000003487,Synthetic Firm 3487,Switzerland,Switzerland,Technology,53.0,Technology Services,53.0,Technology Group,53.0,Technology Industry,53.0,Technology Activity,53.0,1968.0
SYN3488.X,SY0000003488,Synthetic Firm 3488,United Kingdom,United Kingdom,Financials,50.0,Financials Services,50.0,Financials Group,50.0,Financials Industry,50.0,Financials Activity,50.0,2003.0
SYN3489.X,SY0000003489,Synthetic Firm 3489,Switzerland,Switzerland,Healthcare,58.0,Healthcare Services,58.0,Healthcare Group,58.0,Healthcare Industry,58.0,Healthcare Activity,58.0,1992.0
SYN3490.X,SY0000003490,Synthetic Firm 3490,Germany,Germany,Financials,50.0,Financials Services,50.0,Financials Group,50.0,Financials Industry,50.0,Financials Activity,50.0,1995.0
SYN3491.X,SY0000003491,Synthetic Firm 3491,Switzerland,Switzerland,Real Estate,55.0,Real Estate Services,55.0,Real Estate Group,55.0,Real Estate Industry,55.0,Real Estate Activity,55.0,1960.0
SYN3492.X,SY0000003492,Synthetic Firm 3492,Switzerland,Switzerland,Technology,53.0,Technology Services,53.0,Technology Group,53.0,Technology Industry,53.0,Technology Activity,53.0,2013.0
SYN3493.X,SY0000003493,Synthetic Firm 3493,Sweden,Sweden,Industrials,56.0,Industrials Services,56.0,Industrials Group,56.0,Industrials Industry,56.0,Industrials Activity,56.0,1983.0
SYN3494.X,SY0000003494,Synthetic Firm 3494,Luxembourg,Luxembourg,Consumer Non-Cyclicals,52.0,Consumer Non-Cyclicals Services,52.0,Consumer Non-Cyclicals Group,52.0,Consumer Non-Cyclicals Industry,52.0,Consumer Non-Cyclicals Activity,52.0,1974.0
SYN3495.X,SY0000003495,Synthetic Firm 3495,Israel,Israel,Real Estate,55.0,Real Estate Services,55.0,Real Estate Group,55.0,Real Estate Industry,55.0,Real Estate Activity,55.0,1963.0
SYN3496.X,SY0000003496,Synthetic Firm 3496,France,France,Consumer Cyclicals,51.0,Consumer Cyclicals Services,51.0,Consumer Cyclicals Group,51.0,Consumer Cyclicals Industry,51.0,Consumer Cyclicals Activity,51.0,2013.0
SYN3497.X,SY0000003497,Synthetic Firm 3497,Switzerland,Switzerland,Financials,50.0,Financials Services,50.0,Financials Group,50.0,Financials Industry,50.0,Financials Activity,50.0,1966.0
SYN3498.X,SY0000003498,Synthetic Firm 3498,Russia,Russia,Utilities,57.0,Utilities Services,57.0,Utilities Group,57.0,Utilities Industry,57.0,Utilities Activity,57.0,1947.0
SYN3499.X,SY0000003499,Synthetic Firm 3499,United Kingdom,United Kingdom,Healthcare,58.0,Healthcare Services,58.0,Healthcare Group,58.0,Healthcare Industry,58.0,Healthcare Activity,58.0,1991.0
SYN3500.X,SY0000003500,Synthetic Firm 3500,Switzerland,Switzerland,Industrials,56.0,Industrials Services,56.0,Industrials Group,56.0,Industrials Industry,56.0,Industrials Activity,56.0,1954.0
SYN3501.X,SY0000003501,Synthetic Firm 3501,United Kingdom,United Kingdom,Industrials,56.0,Industrials Services,56.0,Industrials Group,56.0,Industrials Industry,56.0,Industrials Activity,56.0,1957.0
SYN3502.X,SY0000003502,Synthetic Firm 3502,Switzerland,Switzerland,Consumer Non-Cyclicals,52.0,Consumer Non-Cyclicals Services,52.0,Consumer Non-Cyclicals Group,52.0,Consumer Non-Cyclicals Industry,52.0,Consumer Non-Cyclicals Activity,52.0,1979.0
SYN3503.X,SY0000003503,Synthetic Firm 3503,Germany,Germany,Consumer Cyclicals,51.0,Consumer Cyclicals Services,51.0,Consumer Cyclicals Group,51.0,Consumer Cyclicals Industry,51.0,Consumer Cyclicals Activity,51.0,1933.0
SYN3504.X,SY0000003504,Synthetic Firm 3504,Spain,Spain,Industrials,56.0,Industrials Services,56.0,Industrials Group,56.0,Industrials Industry,56.0,Industrials Activity,56.0,2013.0
SYN3505.X,SY0000003505,Synthetic Firm 3505,France,France,Basic Materials,59.0,Basic Materials Services,59.0,Basic Materials Group,59.0,Basic Materials Industry,59.0,Basic Materials Activity,59.0,2003.0
SYN3506.X,SY0000003506,Synthetic Firm 3506,Switzerland,Switzerland,Basic Materials,59.0,Basic Materials Services,59.0,Basic Materials Group,59.0,Basic Materials Industry,59.0,Basic Materials Activity,59.0,0.0
SYN3507.X,SY0000003507,Synthetic Firm 3507,United Kingdom,United Kingdom,Technology,53.0,Technology Services,53.0,Technology Group,53.0,Technology Industry,53.0,Technology Activity,53.0,1915.0
SYN3508.X,SY0000003508,Synthetic Firm 3508,Sweden,Sweden,Financials,50.0,Financials Services,50.0,Financials Group,50.0,Financials Industry,50.0,Financials Activity,50.0,1973.0
SYN3509.X,SY0000003509,Synthetic Firm 3509,Hungary,Hungary,Consumer Cyclicals,51.0,Consumer Cyclicals Services,51.0,Consumer Cyclicals Group,51.0,Consumer Cyclicals Industry,51.0,Consumer Cyclicals Activity,51.0,1984.0
SYN3510.X,SY0000003510,Synthetic Firm 3510,Luxembourg,Luxembourg,Technology,53.0,Technology Services,53.0,Technology Group,53.0,Technology Industry,53.0,Technology Activity,53.0,1976.0
SYN3511.X,SY0000003511,Synthetic Firm 3511,Ireland,Ireland,Utilities,57.0,Utilities Services,57.0,Utilities Group,57.0,Utilities Industry,57.0,Utilities Activity,57.0,1965.0
SYN3512.X,SY0000003512,Synthetic Firm 3512,United Kingdom,United Kingdom,Utilities,57.0,Utilities Services,57.0,Utilities Group,57.0,Utilities Industry,57.0,Utilities Activity,57.0,0.0
SYN3513.X,SY0000003513,Synthetic Firm 3513,Italy,Italy,Real Estate,55.0,Real Estate Services,55.0,Real Estate Group,55.0,Real Estate Industry,55.0,Real Estate Activity,55.0,2013.0
SYN3514.X,SY0000003514,Synthetic Firm 3514,Czechia,Czechia,Real Estate,55.0,Real Estate Services,55.0,Real Estate Group,55.0,Real Estate Industry,55.0,Real Estate Activity,55.0,1924.0
SYN3515.X,SY0000003515,Synthetic Firm 3515,Luxembourg,Luxembourg,Basic Materials,59.0,Basic Materials Services,59.0,Basic Materials Group,59.0,Basic Materials Industry,59.0,Basic Materials Activity,59.0,1982.0
SYN3516.X,SY0000003516,Synthetic Firm 3516,Ireland,Ireland,Basic Materials,59.0,Basic Materials Services,59.0,Basic Materials Group,59.0,Basic Materials Industry,59.0,Basic Materials Activity,59.0,1998.0
SYN3517.X,SY0000003517,Synthetic Firm 3517,Hungary,Hungary,Utilities,57.0,Utilities Services,57.0,Utilities Group,57.0,Utilities Industry,57.0,Utilities Activity,57.0,1933.0
SYN3518.X,SY0000003518,Synthetic Firm 3518,Netherlands,Netherlands,Financials,50.0,Financials Services,50.0,Financials Group,50.0,Financials Industry,50.0,Financials Activity,50.0,1981.0
SYN3519.X,SY0000003519,Synthetic Firm 3519,Austria,Austria,Financials,50.0,Financials Services,50.0,Financials Group,50.0,Financials Industry,50.0,Financials Activity,50.0,2003.0
SYN3520.X,SY0000003520,Synthetic Firm 3520,Sweden,Sweden,Industrials,56.0,Industrials Services,56.0,Industrials Group,56.0,Industrials Industry,56.0,Industrials Activity,56.0,2014.0
SYN3521.X,SY0000003521,Synthetic Firm 3521,Russia,Russia,Financials,50.0,Financials Services,50.0,Financials Group,50.0,Financials Industry,50.0,Financials Activity,50.0,2002.0
SYN3522.X,SY0000003522,Synthetic Firm 3522,Sweden,Sweden,Financials,50.0,Financials Services,50.0,Financials Group,50.0,Financials Industry,50.0,Financials Activity,50.0,1993.0
SYN3523.X,SY0000003523,Synthetic Firm 3523,Norway,Norway,Financials,50.0,Financials Services,50.0,Financials Group,50.0,Financials Industry,50.0,Financials Activity,50.0,2000.0
SYN3524.X,SY0000003524,Synthetic Firm 3524,Iceland,Iceland,Industrials,56.0,Industrials Services,56.0,Industrials Group,56.0,Industrials Industry,56.0,Industrials Activity,56.0,2003.0
SYN3525.X,SY0000003525,Synthetic Firm 3525,Greece,Greece,Financials,50.0,Financials Services,50.0,Financials Group,50.0,Financials Industry,50.0,Financials Activity,50.0,1965.0
SYN3526.X,SY0000003526,Synthetic Firm 3526,Germany,Germany,Healthcare,58.0,Healthcare Services,58.0,Healthcare Group,58.0,Healthcare Industry,58.0,Healthcare Activity,58.0,2002.0
SYN3527.X,SY0000003527,Synthetic Firm 3527,Israel,Israel,Industrials,56.0,Industrials Services,56.0,Industrials Group,56.0,Industrials Industry,56.0,Industrials Activity,56.0,1984.0
SYN3528.X,SY0000003528,Synthetic Firm 3528,United Kingdom,United Kingdom,Financials,50.0,Financials Services,50.0,Financials Group,50.0,Financials Industry,50.0,Financials Activity,50.0,2010.0
SYN3529.X,SY0000003529,Synthetic Firm 3529,United Kingdom,United Kingdom,Energy,54.0,Energy Services,54.0,Energy Group,54.0,Energy Industry,54.0,Energy Activity,54.0,1990.0
SYN3530.X,SY0000003530,Synthetic Firm 3530,United Kingdom,United Kingdom,Financials,50.0,Financials Services,50.0,Financials Group,50.0,Financials Industry,50.0,Financials Activity,50.0,0.0
SYN3531.X,SY0000003531,Synthetic Firm 3531,United Kingdom,United Kingdom,Utilities,57.0,Utilities Services,57.0,Utilities Group,57.0,Utilities Industry,57.0,Utilities Activity,57.0,1983.0
SYN3532.X,SY0000003532,Synthetic Firm 3532,United Kingdom,United Kingdom,Consumer Cyclicals,51.0,Consumer Cyclicals Services,51.0,Consumer Cyclicals Group,51.0,Consumer Cyclicals Industry,51.0,Consumer Cyclicals Activity,51.0,1974.0
SYN3533.X,SY0000003533,Synthetic Firm 3533,France,France,Industrials,56.0,Industrials Services,56.0,Industrials Group,56.0,Industrials Industry,56.0,Industrials Activity,56.0,2015.0
SYN3534.X,SY0000003534,Synthetic Firm 3534,Sweden,Sweden,Technology,53.0,Technology Services,53.0,Technology Group,53.0,Technology Industry,53.0,Technology Activity,53.0,2013.0
SYN3535.X,SY0000003535,Synthetic Firm 3535,United Kingdom,United Kingdom,Industrials,56.0,Industrials Services,56.0,Industrials Group,56.0,Industrials Industry,56.0,Industrials Activity,56.0,2023.0
SYN3536.X,SY0000003536,Synthetic Firm 3536,United Kingdom,United Kingdom,Real Estate,55.0,Real Estate Services,55.0,Real Estate Group,55.0,Real Estate Industry,55.0,Real Estate Activity,55.0,1979.0
SYN3537.X,SY0000003537,Synthetic Firm 3537,United Kingdom,United Kingdom,Consumer Cyclicals,51.0,Consumer Cyclicals Services,51.0,Consumer Cyclicals Group,51.0,Consumer Cyclicals Industry,51.0,Consumer Cyclicals Activity,51.0,1968.0
SYN3538.X,SY0000003538,Synthetic Firm 3538,Sweden,Sweden,Industrials,56.0,Industrials Services,56.0,Industrials Group,56.0,Industrials Industry,56.0,Industrials Activity,56.0,1996.0
SYN3539.X,SY0000003539,Synthetic Firm 3539,France,France,Consumer Cyclicals,51.0,Consumer Cyclicals Services,51.0,Consumer Cyclicals Group,51.0,Consumer Cyclicals Industry,51.0,Consumer Cyclicals Activity,51.0,2014.0
SYN3540.X,SY0000003540,Synthetic Firm 3540,Czechia,Czechia,Healthcare,58.0,Healthcare Services,58.0,Healthcare Group,58.0,Healthcare Industry,58.0,Healthcare Activity,58.0,1988.0
SYN3541.X,SY0000003541,Synthetic Firm 3541,United Kingdom,United Kingdom,Basic Materials,59.0,Basic Materials Services,59.0,Basic Materials Group,59.0,Basic Materials Industry,59.0,Basic Materials Activity,59.0,1997.0
SYN3542.X,SY0000003542,Synthetic Firm 3542,Germany,Germany,Real Estate,55.0,Real Estate Services,55.0,Real Estate Group,55.0,Real Estate Industry,55.0,Real Estate Activity,55.0,1999.0
SYN3543.X,SY0000003543,Synthetic Firm 3543,Spain,Spain,Industrials,56.0,Industrials Services,56.0,Industrials Group,56.0,Industrials Industry,56.0,Industrials Activity,56.0,1953.0
SYN3544.X,SY0000003544,Synthetic Firm 3544,Sweden,Sweden,Consumer Non-Cyclicals,52.0,Consumer Non-Cyclicals Services,52.0,Consumer Non-Cyclicals Group,52.0,Consumer Non-Cyclicals Industry,52.0,Consumer Non-Cyclicals Activity,52.0,1970.0
SYN3545.X,SY0000003545,Synthetic Firm 3545,United Kingdom,United Kingdom,Consumer Non-Cyclicals,52.0,Consumer Non-Cyclicals Services,52.0,Consumer Non-Cyclicals Group,52.0,Consumer Non-Cyclicals Industry,52.0,Consumer Non-Cyclicals Activity,52.0,2015.0
SYN3546.X,SY0000003546,Synthetic Firm 3546,Germany,Germany,Real Estate,55.0,Real Estate Services,55.0,Real Estate Group,55.0,Real Estate Industry,55.0,Real Estate Activity,55.0,1984.0
SYN3547.X,SY0000003547,Synthetic Firm 3547,Sweden,Sweden,Basic Materials,59.0,Basic Materials Services,59.0,Basic Materials Group,59.0,Basic Materials Industry,59.0,Basic Materials Activity,59.0,1978.0
SYN3548.X,SY0000003548,Synthetic Firm 3548,Luxembourg,Luxembourg,Financials,50.0,Financials Services,50.0,Financials Group,50.0,Financials Industry,50.0,Financials Activity,50.0,2017.0
SYN3549.X,SY0000003549,Synthetic Firm 3549,United Kingdom,United Kingdom,Healthcare,58.0,Healthcare Services,58.0,Healthcare Group,58.0,Healthcare Industry,58.0,Healthcare Activity,58.0,2018.0
SYN3550.X,SY0000003550,Synthetic Firm 3550,South Africa,South Africa,Industrials,56.0,Industrials Services,56.0,Industrials Group,56.0,Industrials Industry,56.0,Industrials Activity,56.0,2001.0
SYN3551.X,SY0000003551,Synthetic Firm 3551,Norway,Norway,Financials,50.0,Financials Services,50.0,Financials Group,50.0,Financials Industry,50.0,Financials Activity,50.0,1958.0
SYN3552.X,SY0000003552,Synthetic Firm 3552,Portugal,Portugal,Financials,50.0,Financials Services,50.0,Financials Group,50.0,Financials Industry,50.0,Financials Activity,50.0,1999.0
SYN3553.X,SY0000003553,Synthetic Firm 3553,Russia,Russia,Financials,50.0,Financials Services,50.0,Financials Group,50.0,Financials Industry,50.0,Financials Activity,50.0,1975.0
SYN3554.X,SY0000003554,Synthetic Firm 3554,Greece,Greece,Consumer Cyclicals,51.0,Consumer Cyclicals Services,51.0,Consumer Cyclicals Group,51.0,Consumer Cyclicals Industry,51.0,Consumer Cyclicals Activity,51.0,2004.0
SYN3555.X,SY0000003555,Synthetic Firm 3555,United Kingdom,United Kingdom,Industrials,56.0,Industrials Services,56.0,Industrials Group,56.0,Industrials Industry,56.0,Industrials Activity,56.0,2020.0
SYN3556.X,SY0000003556,Synthetic Firm 3556,Denmark,Denmark,Energy,54.0,Energy Services,54.0,Energy Group,54.0,Energy Industry,54.0,Energy Activity,54.0,2008.0
SYN3557.X,SY0000003557,Synthetic Firm 3557,Spain,Spain,Industrials,56.0,Industrials Services,56.0,Industrials Group,56.0,Industrials Industry,56.0,Industrials Activity,56.0,2015.0
SYN3558.X,SY0000003558,Synthetic Firm 3558,Germany,Germany,Financials,50.0,Financials Services,50.0,Financials Group,50.0,Financials Industry,50.0,Financials Activity,50.0,2002.0
SYN3559.X,SY0000003559,Synthetic Firm 3559,United Kingdom,United Kingdom,Real Estate,55.0,Real Estate Services,55.0,Real Estate Group,55.0,Real Estate Industry,55.0,Real Estate Activity,55.0,1989.0
SYN3560.X,SY0000003560,Synthetic Firm 3560,United Kingdom,United Kingdom,Consumer Cyclicals,51.0,Consumer Cyclicals Services,51.0,Consumer Cyclicals Group,51.0,Consumer Cyclicals Industry,51.0,Consumer Cyclicals Activity,51.0,0.0
SYN3561.X,SY0000003561,Synthetic Firm 3561,Russia,Russia,Consumer Cyclicals,51.0,Consumer Cyclicals Services,51.0,Consumer Cyclicals Group,51.0,Consumer Cyclicals Industry,51.0,Consumer Cyclicals Activity,51.0,1971.0
SYN3562.X,SY0000003562,Synthetic Firm 3562,Russia,Russia,Energy,54.0,Energy Services,54.0,Energy Group,54.0,Energy Industry,54.0,Energy Activity,54.0,2005.0
SYN3563.X,SY0000003563,Synthetic Firm 3563,Poland,Poland,Consumer Cyclicals,51.0,Consumer Cyclicals Services,51.0,Consumer Cyclicals Group,51.0,Consumer Cyclicals Industry,51.0,Consumer Cyclicals Activity,51.0,0.0
SYN3564.X,SY0000003564,Synthetic Firm 3564,Germany,Germany,Technology,53.0,Technology Services,53.0,Technology Group,53.0,Technology Industry,53.0,Technology Activity,53.0,1924.0
SYN3565.X,SY0000003565,Synthetic Firm 3565,Italy,Italy,Financials,50.0,Financials Services,50.0,Financials Group,50.0,Financials Industry,50.0,Financials Activity,50.0,1973.0
SYN3566.X,SY0000003566,Synthetic Firm 3566,Czechia,Czechia,Consumer Cyclicals,51.0,Consumer Cyclicals Services,51.0,Consumer Cyclicals Group,51.0,Consumer Cyclicals Industry,51.0,Consumer Cyclicals Activity,51.0,1962.0
SYN3567.X,SY0000003567,Synthetic Firm 3567,United Kingdom,United Kingdom,Industrials,56.0,Industrials Services,56.0,Industrials Group,56.0,Industrials Industry,56.0,Industrials Activity,56.0,2002.0
SYN3568.X,SY0000003568,Synthetic Firm 3568,Sweden,Sweden,Healthcare,58.0,Healthcare Services,58.0,Healthcare Group,58.0,Healthcare Industry,58.0,Healthcare Activity,58.0,2006.0
SYN3569.X,SY0000003569,Synthetic Firm 3569,Germany,Germany,Financials,50.0,Financials Services,50.0,Financials Group,50.0,Financials Industry,50.0,Financials Activity,50.0,2013.0
SYN3570.X,SY0000003570,Synthetic Firm 3570,Finland,Finland,Financials,50.0,Financials Services,50.0,Financials Group,50.0,Financials Industry,50.0,Financials Activity,50.0,1997.0
SYN3571.X,SY0000003571,Synthetic Firm 3571,Norway,Norway,Technology,53.0,Technology Services,53.0,Technology Group,53.0,Technology Industry,53.0,Technology Activity,53.0,1971.0
SYN3572.X,SY0000003572,Synthetic Firm 3572,Luxembourg,Luxembourg,Financials,50.0,Financials Services,50.0,Financials Group,50.0,Financials Industry,50.0,Financials Activity,50.0,2022.0
SYN3573.X,SY0000003573,Synthetic Firm 3573,Monaco,Monaco,Technology,53.0,Technology Services,53.0,Technology Group,53.0,Technology Industry,53.0,Technology Activity,53.0,2007.0
SYN3574.X,SY0000003574,Synthetic Firm 3574,Germany,Germany,Healthcare,58.0,Healthcare Services,58.0,Healthcare Group,58.0,Healthcare Industry,58.0,Healthcare Activity,58.0,2021.0
SYN3575.X,SY0000003575,Synthetic Firm 3575,France,France,Consumer Non-Cyclicals,52.0,Consumer Non-Cyclicals Services,52.0,Consumer Non-Cyclicals Group,52.0,Consumer Non-Cyclicals Industry,52.0,Consumer Non-Cyclicals Activity,52.0,2011.0
SYN3576.X,SY0000003576,Synthetic Firm 3576,Switzerland,Switzerland,Financials,50.0,Financials Services,50.0,Financials Group,50.0,Financials Industry,50.0,Financials Activity,50.0,2021.0
SYN3577.X,SY0000003577,Synthetic Firm 3577,Romania,Romania,Technology,53.0,Technology Services,53.0,Technology Group,53.0,Technology Industry,53.0,Technology Activity,53.0,1993.0
SYN3578.X,SY0000003578,Synthetic Firm 3578,Sweden,Sweden,Financials,50.0,Financials Services,50.0,Financials Group,50.0,Financials Industry,50.0,Financials Activity,50.0,1996.0
SYN3579.X,SY0000003579,Synthetic Firm 3579,Hungary,Hungary,Financials,50.0,Financials Services,50.0,Financials Group,50.0,Financials Industry,50.0,Financials Activity,50.0,1949.0
SYN3580.X,SY0000003580,Synthetic Firm 3580,United Kingdom,United Kingdom,Real Estate,55.0,Real Estate Services,55.0,Real Estate Group,55.0,Real Estate Industry,55.0,Real Estate Activity,55.0,2024.0
SYN3581.X,SY0000003581,Synthetic Firm 3581,Sweden,Sweden,Healthcare,58.0,Healthcare Services,58.0,Healthcare Group,58.0,Healthcare Industry,58.0,Healthcare Activity,58.0,1999.0
SYN3582.X,SY0000003582,Synthetic Firm 3582,United Kingdom,United Kingdom,,,,,,,,,,,
SYN3583.X,SY0000003583,Synthetic Firm 3583,Switzerland,Switzerland,,,,,,,,,,,
SYN3584.X,SY0000003584,Synthetic Firm 3584,Netherlands,Netherlands,,,,,,,,,,,
SYN3585.X,SY0000003585,Synthetic Firm 3585,United Kingdom,United Kingdom,,,,,,,,,,,
SYN3586.X,SY0000003586,Synthetic Firm 3586,Sweden,Sweden,,,,,,,,,,,
SYN3587.X,SY0000003587,Synthetic Firm 3587,Russia,Russia,,,,,,,,,,,
SYN3588.X,SY0000003588,Synthetic Firm 3588,France,France,,,,,,,,,,,
SYN3589.X,SY0000003589,Synthetic Firm 3589,United Kingdom,United Kingdom,,,,,,,,,,,
SYN3590.X,SY0000003590,Synthetic Firm 3590,Switzerland,Switzerland,,,,,,,,,,,
SYN3591.X,SY0000003591,Synthetic Firm 3591,Germany,Germany,,,,,,,,,,,
SYN3592.X,SY0000003592,Synthetic Firm 3592,Sweden,Sweden,,,,,,,,,,,
SYN3593.X,SY0000003593,Synthetic Firm 3593,Switzerland,Switzerland,,,,,,,,,,,
SYN3594.X,SY0000003594,Synthetic Firm 3594,Denmark,Denmark,,,,,,,,,,,
SYN3595.X,SY0000003595,Synthetic Firm 3595,Luxembourg,Luxembourg,,,,,,,,,,,
SYN3596.X,SY0000003596,Synthetic Firm 3596,Sweden,Sweden,,,,,,,,,,,
SYN3597.X,SY0000003597,Synthetic Firm 3597,United Kingdom,United Kingdom,,,,,,,,,,,
SYN3598.X,SY0000003598,Synthetic Firm 3598,Italy,Italy,,,,,,,,,,,
SYN3599.X,SY0000003599,Synthetic Firm 3599,United Kingdom,United Kingdom,,,,,,,,,,,
SYN3600.X,SY0000003600,Synthetic Firm 3600,Switzerland,Switzerland,,,,,,,,,,,
SYN3601.X,SY0000003601,Synthetic Firm 3601,Switzerland,Switzerland,,,,,,,,,,,
SYN3602.X,SY0000003602,Synthetic Firm 3602,United Kingdom,United Kingdom,,,,,,,,,,,
SYN3603.X,SY0000003603,Synthetic Firm 3603,United Kingdom,United Kingdom,,,,,,,,,,,
SYN3604.X,SY0000003604,Synthetic Firm 3604,Lithuania,Lithuania,,,,,,,,,,,
SYN3605.X,SY0000003605,Synthetic Firm 3605,Switzerland,Switzerland,,,,,,,,,,,
SYN3606.X,SY0000003606,Synthetic Firm 3606,Switzerland,Switzerland,,,,,,,,,,,
SYN3607.X,SY0000003607,Synthetic Firm 3607,Switzerland,Switzerland,,,,,,,,,,,
SYN3608.X,SY0000003608,Synthetic Firm 3608,United Kingdom,United Kingdom,,,,,,,,,,,
SYN3609.X,SY0000003609,Synthetic Firm 3609,United Kingdom,United Kingdom,,,,,,,,,,,
SYN3610.X,SY0000003610,Synthetic Firm 3610,France,France,,,,,,,,,,,
SYN3611.X,SY0000003611,Synthetic Firm 3611,Hungary,Hungary,,,,,,,,,,,
SYN3612.X,SY0000003612,Synthetic Firm 3612,United Kingdom,United Kingdom,,,,,,,,,,,
SYN3613.X,SY0000003613,Synthetic Firm 3613,Hungary,Hungary,,,,,,,,,,,
SYN3614.X,SY0000003614,Synthetic Firm 3614,Czechia,Czechia,,,,,,,,,,,
SYN3615.X,SY0000003615,Synthetic Firm 3615,Germany,Germany,,,,,,,,,,,
SYN3616.X,SY0000003616,Synthetic Firm 3616,Greece,Greece,,,,,,,,,,,
SYN3617.X,SY0000003617,Synthetic Firm 3617,France,France,,,,,,,,,,,
SYN3618.X,SY0000003618,Synthetic Firm 3618,United Kingdom,United Kingdom,,,,,,,,,,,
SYN3619.X,SY0000003619,Synthetic Firm 3619,Sweden,Sweden,,,,,,,,,,,
SYN3620.X,SY0000003620,Synthetic Firm 3620,Sweden,Sweden,,,,,,,,,,,
SYN3621.X,SY0000003621,Synthetic Firm 3621,Poland,Poland,,,,,,,,,,,
SYN3622.X,SY0000003622,Synthetic Firm 3622,Switzerland,Switzerland,,,,,,,,,,,
SYN3623.X,SY0000003623,Synthetic Firm 3623,United Kingdom,United Kingdom,,,,,,,,,,,
SYN3624.X,SY0000003624,Synthetic Firm 3624,United Kingdom,United Kingdom,,,,,,,,,,,
SYN3625.X,SY0000003625,Synthetic Firm 3625,Israel,Israel,,,,,,,,,,,
SYN3626.X,SY0000003626,Synthetic Firm 3626,United Kingdom,United Kingdom,,,,,,,,,,,
SYN3627.X,SY0000003627,Synthetic Firm 3627,Poland,Poland,,,,,,,,,,,
SYN3628.X,SY0000003628,Synthetic Firm 3628,Denmark,Denmark,,,,,,,,,,,
SYN3629.X,SY0000003629,Synthetic Firm 3629,United Kingdom,United Kingdom,,,,,,,,,,,
SYN3630.X,SY0000003630,Synthetic Firm 3630,France,France,,,,,,,,,,,
SYN3631.X,SY0000003631,Synthetic Firm 3631,United Kingdom,United Kingdom,,,,,,,,,,,
SYN3632.X,SY0000003632,Synthetic Firm 3632,United Kingdom,United Kingdom,,,,,,,,,,,
SYN3633.X,SY0000003633,Synthetic Firm 3633,United Kingdom,United Kingdom,,,,,,,,,,,
SYN3634.X,SY0000003634,Synthetic Firm 3634,United Kingdom,United Kingdom,,,,,,,,,,,
SYN3635.X,SY0000003635,Synthetic Firm 3635,Germany,Germany,,,,,,,,,,,
SYN3636.X,SY0000003636,Synthetic Firm 3636,Germany,Germany,,,,,,,,,,,
SYN3637.X,SY0000003637,Synthetic Firm 3637,France,France,,,,,,,,,,,
SYN3638.X,SY0000003638,Synthetic Firm 3638,Belgium,Belgium,,,,,,,,,,,
SYN3639.X,SY0000003639,Synthetic Firm 3639,Germany,Germany,,,,,,,,,,,
SYN3640.X,SY0000003640,Synthetic Firm 3640,Switzerland,Switzerland,,,,,,,,,,,
SYN3641.X,SY0000003641,Synthetic Firm 3641,Russia,Russia,,,,,,,,,,,
SYN3642.X,SY0000003642,Synthetic Firm 3642,Switzerland,Switzerland,,,,,,,,,,,
SYN3643.X,SY0000003643,Synthetic Firm 3643,United Kingdom,United Kingdom,,,,,,,,,,,
SYN3644.X,SY0000003644,Synthetic Firm 3644,Netherlands,Netherlands,,,,,,,,,,,
SYN3645.X,SY0000003645,Synthetic Firm 3645,Austria,Austria,,,,,,,,,,,
SYN3646.X,SY0000003646,Synthetic Firm 3646,Switzerland,Switzerland,,,,,,,,,,,
SYN3647.X,SY0000003647,Synthetic Firm 3647,Denmark,Denmark,,,,,,,,,,,
SYN3648.X,SY0000003648,Synthetic Firm 3648,United Kingdom,United Kingdom,,,,,,,,,,,
SYN3649.X,SY0000003649,Synthetic Firm 3649,Sweden,Sweden,,,,,,,,,,,
SYN3650.X,SY0000003650,Synthetic Firm 3650,Sweden,Sweden,,,,,,,,,,,
SYN3651.X,SY0000003651,Synthetic Firm 3651,Belgium,Belgium,,,,,,,,,,,
SYN3652.X,SY0000003652,Synthetic Firm 3652,France,France,,,,,,,,,,,
SYN3653.X,SY0000003653,Synthetic Firm 3653,United Kingdom,United Kingdom,,,,,,,,,,,
SYN3654.X,SY0000003654,Synthetic Firm 3654,United Kingdom,United Kingdom,,,,,,,,,,,
SYN3655.X,SY0000003655,Synthetic Firm 3655,Switzerland,Switzerland,,,,,,,,,,,
SYN3656.X,SY0000003656,Synthetic Firm 3656,Iceland,Iceland,,,,,,,,,,,
SYN3657.X,SY0000003657,Synthetic Firm 3657,United Kingdom,United Kingdom,,,,,,,,,,,
SYN3658.X,SY0000003658,Synthetic Firm 3658,Cyprus,Cyprus,,,,,,,,,,,
SYN3659.X,SY0000003659,Synthetic Firm 3659,Denmark,Denmark,,,,,,,,,,,
SYN3660.X,SY0000003660,Synthetic Firm 3660,United Kingdom,United Kingdom,,,,,,,,,,,
SYN3661.X,SY0000003661,Synthetic Firm 3661,Luxembourg,Luxembourg,,,,,,,,,,,
SYN3662.X,SY0000003662,Synthetic Firm 3662,France,France,,,,,,,,,,,
SYN3663.X,SY0000003663,Synthetic Firm 3663,Norway,Norway,,,,,,,,,,,
SYN3664.X,SY0000003664,Synthetic Firm 3664,Finland,Finland,,,,,,,,,,,
SYN3665.X,SY0000003665,Synthetic Firm 3665,Sweden,Sweden,,,,,,,,,,,
SYN3666.X,SY0000003666,Synthetic Firm 3666,United Kingdom,United Kingdom,,,,,,,,,,,
SYN3667.X,SY0000003667,Synthetic Firm 3667,United Kingdom,United Kingdom,,,,,,,,,,,
SYN3668.X,SY0000003668,Synthetic Firm 3668,France,France,,,,,,,,,,,
SYN3669.X,SY0000003669,Synthetic Firm 3669,United Kingdom,United Kingdom,,,,,,,,,,,
SYN3670.X,SY0000003670,Synthetic Firm 3670,United Kingdom,United Kingdom,,,,,,,,,,,
SYN3671.X,SY0000003671,Synthetic Firm 3671,Finland,Finland,,,,,,,,,,,
SYN3672.X,SY0000003672,Synthetic Firm 3672,Germany,Germany,,,,,,,,,,,
SYN3673.X,SY0000003673,Synthetic Firm 3673,United Kingdom,United Kingdom,,,,,,,,,,,
SYN3674.X,SY0000003674,Synthetic Firm 3674,Spain,Spain,,,,,,,,,,,
SYN3675.X,SY0000003675,Synthetic Firm 3675,Russia,Russia,,,,,,,,,,,
SYN3676.X,SY0000003676,Synthetic Firm 3676,France,France,,,,,,,,,,,
SYN3677.X,SY0000003677,Synthetic Firm 3677,Norway,Norway,,,,,,,,,,,
SYN3678.X,SY0000003678,Synthetic Firm 3678,Croatia,Croatia,,,,,,,,,,,
SYN3679.X,SY0000003679,Synthetic Firm 3679,Germany,Germany,,,,,,,,,,,
SYN3680.X,SY0000003680,Synthetic Firm 3680,Austria,Austria,,,,,,,,,,,
SYN3681.X,SY0000003681,Synthetic Firm 3681,Greece,Greece,,,,,,,,,,,
SYN3682.X,SY0000003682,Synthetic Firm 3682,Sweden,Sweden,,,,,,,,,,,
SYN3683.X,SY0000003683,Synthetic Firm 3683,Turkey,Turkey,,,,,,,,,,,
SYN3684.X,SY0000003684,Synthetic Firm 3684,France,France,,,,,,,,,,,
SYN3685.X,SY0000003685,Synthetic Firm 3685,United Kingdom,United Kingdom,,,,,,,,,,,
SYN3686.X,SY0000003686,Synthetic Firm 3686,United Kingdom,United Kingdom,,,,,,,,,,,
SYN3687.X,SY0000003687,Synthetic Firm 3687,Sweden,Sweden,,,,,,,,,,,
SYN3688.X,SY0000003688,Synthetic Firm 3688,United Kingdom,United Kingdom,,,,,,,,,,,
SYN3689.X,SY0000003689,Synthetic Firm 3689,United Kingdom,United Kingdom,,,,,,,,,,,
SYN3690.X,SY0000003690,Synthetic Firm 3690,Luxembourg,Luxembourg,,,,,,,,,,,
SYN3691.X,SY0000003691,Synthetic Firm 3691,Czechia,Czechia,,,,,,,,,,,
SYN3692.X,SY0000003692,Synthetic Firm 3692,Greece,Greece,,,,,,,,,,,
SYN3693.X,SY0000003693,Synthetic Firm 3693,Switzerland,Switzerland,,,,,,,,,,,
SYN3694.X,SY0000003694,Synthetic Firm 3694,Sweden,Sweden,,,,,,,,,,,
SYN3695.X,SY0000003695,Synthetic Firm 3695,United Kingdom,United Kingdom,,,,,,,,,,,
SYN3696.X,SY0000003696,Synthetic Firm 3696,Sweden,Sweden,,,,,,,,,,,
SYN3697.X,SY0000003697,Synthetic Firm 3697,United Kingdom,United Kingdom,,,,,,,,,,,
SYN3698.X,SY0000003698,Synthetic Firm 3698,Norway,Norway,,,,,,,,,,,
SYN3699.X,SY0000003699,Synthetic Firm 3699,Switzerland,Switzerland,,,,,,,,,,,
SYN3700.X,SY0000003700,Synthetic Firm 3700,Netherlands,Netherlands,,,,,,,,,,,
SYN3701.X,SY0000003701,Synthetic Firm 3701,Switzerland,Switzerland,,,,,,,,,,,
SYN3702.X,SY0000003702,Synthetic Firm 3702,United Kingdom,United Kingdom,,,,,,,,,,,
SYN3703.X,SY0000003703,Synthetic Firm 3703,Austria,Austria,,,,,,,,,,,
SYN3704.X,SY0000003704,Synthetic Firm 3704,United Kingdom,United Kingdom,,,,,,,,,,,
SYN3705.X,SY0000003705,Synthetic Firm 3705,Poland,Poland,,,,,,,,,,,
SYN3706.X,SY0000003706,Synthetic Firm 3706,Sweden,Sweden,,,,,,,,,,,
SYN3707.X,SY0000003707,Synthetic Firm 3707,United Kingdom,United Kingdom,,,,,,,,,,,
SYN3708.X,SY0000003708,Synthetic Firm 3708,Sweden,Sweden,,,,,,,,,,,
SYN3709.X,SY0000003709,Synthetic Firm 3709,Finland,Finland,,,,,,,,,,,
SYN3710.X,SY0000003710,Synthetic Firm 3710,Austria,Austria,,,,,,,,,,,
SYN3711.X,SY0000003711,Synthetic Firm 3711,United Kingdom,United Kingdom,,,,,,,,,,,
SYN3712.X,SY0000003712,Synthetic Firm 3712,France,France,,,,,,,,,,,
SYN3713.X,SY0000003713,Synthetic Firm 3713,United Kingdom,United Kingdom,,,,,,,,,,,
SYN3714.X,SY0000003714,Synthetic Firm 3714,Sweden,Sweden,,,,,,,,,,,
SYN3715.X,SY0000003715,Synthetic Firm 3715,Finland,Finland,,,,,,,,,,,
SYN3716.X,SY0000003716,Synthetic Firm 3716,United Kingdom,United Kingdom,,,,,,,,,,,
SYN3717.X,SY0000003717,Synthetic Firm 3717,Germany,Germany,,,,,,,,,,,
SYN3718.X,SY0000003718,Synthetic Firm 3718,Romania,Romania,,,,,,,,,,,
SYN3719.X,SY0000003719,Synthetic Firm 3719,Germany,Germany,,,,,,,,,,,
SYN3720.X,SY0000003720,Synthetic Firm 3720,Germany,Germany,,,,,,,,,,,
SYN3721.X,SY0000003721,Synthetic Firm 3721,Luxembourg,Luxembourg,,,,,,,,,,,
SYN3722.X,SY0000003722,Synthetic Firm 3722,Germany,Germany,,,,,,,,,,,
SYN3723.X,SY0000003723,Synthetic Firm 3723,Netherlands,Netherlands,,,,,,,,,,,
SYN3724.X,SY0000003724,Synthetic Firm 3724,Luxembourg,Luxembourg,,,,,,,,,,,
SYN3725.X,SY0000003725,Synthetic Firm 3725,France,France,,,,,,,,,,,
SYN3726.X,SY0000003726,Synthetic Firm 3726,Germany,Germany,,,,,,,,,,,
SYN3727.X,SY0000003727,Synthetic Firm 3727,Switzerland,Switzerland,,,,,,,,,,,
SYN3728.X,SY0000003728,Synthetic Firm 3728,Turkey,Turkey,,,,,,,,,,,
SYN3729.X,SY0000003729,Synthetic Firm 3729,Sweden,Sweden,,,,,,,,,,,
SYN3730.X,SY0000003730,Synthetic Firm 3730,United Kingdom,United Kingdom,,,,,,,,,,,
SYN3731.X,SY0000003731,Synthetic Firm 3731,France,France,,,,,,,,,,,
SYN3732.X,SY0000003732,Synthetic Firm 3732,Sweden,Sweden,,,,,,,,,,,
SYN3733.X,SY0000003733,Synthetic Firm 3733,Hungary,Hungary,,,,,,,,,,,
SYN3734.X,SY0000003734,Synthetic Firm 3734,Denmark,Denmark,,,,,,,,,,,
SYN3735.X,SY0000003735,Synthetic Firm 3735,United Kingdom,United Kingdom,,,,,,,,,,,
SYN3736.X,SY0000003736,Synthetic Firm 3736,Germany,Germany,,,,,,,,,,,
SYN3737.X,SY0000003737,Synthetic Firm 3737,Greece,Greece,,,,,,,,,,,
SYN3738.X,SY0000003738,Synthetic Firm 3738,Iceland,Iceland,,,,,,,,,,,
SYN3739.X,SY0000003739,Synthetic Firm 3739,United Kingdom,United Kingdom,,,,,,,,,,,
SYN3740.X,SY0000003740,Synthetic Firm 3740,United Kingdom,United Kingdom,,,,,,,,,,,
SYN3741.X,SY0000003741,Synthetic Firm 3741,Spain,Spain,,,,,,,,,,,
SYN3742.X,SY0000003742,Synthetic Firm 3742,United Kingdom,United Kingdom,,,,,,,,,,,
SYN3743.X,SY0000003743,Synthetic Firm 3743,United Kingdom,United Kingdom,,,,,,,,,,,
SYN3744.X,SY0000003744,Synthetic Firm 3744,United Kingdom,United Kingdom,,,,,,,,,,,
SYN3745.X,SY0000003745,Synthetic Firm 3745,Germany,Germany,,,,,,,,,,,
SYN3746.X,SY0000003746,Synthetic Firm 3746,United Kingdom,United Kingdom,,,,,,,,,,,
SYN3747.X,SY0000003747,Synthetic Firm 3747,United Kingdom,United Kingdom,,,,,,,,,,,
SYN3748.X,SY0000003748,Synthetic Firm 3748,Sweden,Sweden,,,,,,,,,,,
SYN3749.X,SY0000003749,Synthetic Firm 3749,France,France,,,,,,,,,,,
SYN3750.X,SY0000003750,Synthetic Firm 3750,Netherlands,Netherlands,,,,,,,,,,,
SYN3751.X,SY0000003751,Synthetic Firm 3751,United Kingdom,United Kingdom,,,,,,,,,,,
SYN3752.X,SY0000003752,Synthetic Firm 3752,United Kingdom,United Kingdom,,,,,,,,,,,
SYN3753.X,SY0000003753,Synthetic Firm 3753,United Kingdom,United Kingdom,,,,,,,,,,,
SYN3754.X,SY0000003754,Synthetic Firm 3754,United Kingdom,United Kingdom,,,,,,,,,,,
SYN3755.X,SY0000003755,Synthetic Firm 3755,Sweden,Sweden,,,,,,,,,,,
SYN3756.X,SY0000003756,Synthetic Firm 3756,Sweden,Sweden,,,,,,,,,,,
SYN3757.X,SY0000003757,Synthetic Firm 3757,Belgium,Belgium,,,,,,,,,,,
SYN3758.X,SY0000003758,Synthetic Firm 3758,United Kingdom,United Kingdom,,,,,,,,,,,
SYN3759.X,SY0000003759,Synthetic Firm 3759,United Kingdom,United Kingdom,,,,,,,,,,,
SYN3760.X,SY0000003760,Synthetic Firm 3760,United Kingdom,United Kingdom,,,,,,,,,,,
SYN3761.X,SY0000003761,Synthetic Firm 3761,Netherlands,Netherlands,,,,,,,,,,,
SYN3762.X,SY0000003762,Synthetic Firm 3762,Romania,Romania,,,,,,,,,,,
SYN3763.X,SY0000003763,Synthetic Firm 3763,Russia,Russia,,,,,,,,,,,
SYN3764.X,SY0000003764,Synthetic Firm 3764,Switzerland,Switzerland,,,,,,,,,,,
SYN3765.X,SY0000003765,Synthetic Firm 3765,Greece,Greece,,,,,,,,,,,
SYN3766.X,SY0000003766,Synthetic Firm 3766,Switzerland,Switzerland,,,,,,,,,,,
SYN3767.X,SY0000003767,Synthetic Firm 3767,United Kingdom,United Kingdom,,,,,,,,,,,
SYN3768.X,SY0000003768,Synthetic Firm 3768,United Kingdom,United Kingdom,,,,,,,,,,,
SYN3769.X,SY0000003769,Synthetic Firm 3769,Sweden,Sweden,,,,,,,,,,,
SYN3770.X,SY0000003770,Synthetic Firm 3770,Spain,Spain,,,,,,,,,,,
SYN3771.X,SY0000003771,Synthetic Firm 3771,Italy,Italy,,,,,,,,,,,
SYN3772.X,SY0000003772,Synthetic Firm 3772,Luxembourg,Luxembourg,,,,,,,,,,,
SYN3773.X,SY0000003773,Synthetic Firm 3773,United Kingdom,United Kingdom,,,,,,,,,,,
SYN3774.X,SY0000003774,Synthetic Firm 3774,Czechia,Czechia,,,,,,,,,,,
SYN3775.X,SY0000003775,Synthetic Firm 3775,United Kingdom,United Kingdom,,,,,,,,,,,
SYN3776.X,SY0000003776,Synthetic Firm 3776,Germany,Germany,,,,,,,,,,,
SYN3777.X,SY0000003777,Synthetic Firm 3777,Switzerland,Switzerland,,,,,,,,,,,
SYN3778.X,SY0000003778,Synthetic Firm 3778,Germany,Germany,,,,,,,,,,,
SYN3779.X,SY0000003779,Synthetic Firm 3779,Denmark,Denmark,,,,,,,,,,,
SYN3780.X,SY0000003780,Synthetic Firm 3780,Germany,Germany,,,,,,,,,,,
SYN3781.X,SY0000003781,Synthetic Firm 3781,Spain,Spain,,,,,,,,,,,
SYN3782.X,SY0000003782,Synthetic Firm 3782,United Kingdom,United Kingdom,,,,,,,,,,,
SYN3783.X,SY0000003783,Synthetic Firm 3783,United Kingdom,United Kingdom,,,,,,,,,,,
SYN3784.X,SY0000003784,Synthetic Firm 3784,Spain,Spain,,,,,,,,,,,
SYN3785.X,SY0000003785,Synthetic Firm 3785,United Kingdom,United Kingdom,,,,,,,,,,,
SYN3786.X,SY0000003786,Synthetic Firm 3786,Belgium,Belgium,,,,,,,,,,,
SYN3787.X,SY0000003787,Synthetic Firm 3787,Germany,Germany,,,,,,,,,,,
SYN3788.X,SY0000003788,Synthetic Firm 3788,Russia,Russia,,,,,,,,,,,
SYN3789.X,SY0000003789,Synthetic Firm 3789,United Kingdom,United Kingdom,,,,,,,,,,,
SYN3790.X,SY0000003790,Synthetic Firm 3790,Switzerland,Switzerland,,,,,,,,,,,
SYN3791.X,SY0000003791,Synthetic Firm 3791,Switzerland,Switzerland,,,,,,,,,,,
SYN3792.X,SY0000003792,Synthetic Firm 3792,Switzerland,Switzerland,,,,,,,,,,,
SYN3793.X,SY0000003793,Synthetic Firm 3793,United Kingdom,United Kingdom,,,,,,,,,,,
SYN3794.X,SY0000003794,Synthetic Firm 3794,Iceland,Iceland,,,,,,,,,,,
SYN3795.X,SY0000003795,Synthetic Firm 3795,Belgium,Belgium,,,,,,,,,,,
SYN3796.X,SY0000003796,Synthetic Firm 3796,Spain,Spain,,,,,,,,,,,
SYN3797.X,SY0000003797,Synthetic Firm 3797,Sweden,Sweden,,,,,,,,,,,
SYN3798.X,SY0000003798,Synthetic Firm 3798,France,France,,,,,,,,,,,
SYN3799.X,SY0000003799,Synthetic Firm 3799,Germany,Germany,,,,,,,,,,,
SYN3800.X,SY0000003800,Synthetic Firm 3800,Spain,Spain,,,,,,,,,,,
SYN3801.X,SY0000003801,Synthetic Firm 3801,United Kingdom,United Kingdom,,,,,,,,,,,
SYN3802.X,SY0000003802,Synthetic Firm 3802,Spain,Spain,,,,,,,,,,,
SYN3803.X,SY0000003803,Synthetic Firm 3803,United Kingdom,United Kingdom,,,,,,,,,,,
SYN3804.X,SY0000003804,Synthetic Firm 3804,Denmark,Denmark,,,,,,,,,,,
SYN3805.X,SY0000003805,Synthetic Firm 3805,France,France,,,,,,,,,,,
SYN3806.X,SY0000003806,Synthetic Firm 3806,United Kingdom,United Kingdom,,,,,,,,,,,
SYN3807.X,SY0000003807,Synthetic Firm 3807,Italy,Italy,,,,,,,,,,,
SYN3808.X,SY0000003808,Synthetic Firm 3808,Germany,Germany,,,,,,,,,,,
SYN3809.X,SY0000003809,Synthetic Firm 3809,Romania,Romania,,,,,,,,,,,
SYN3810.X,SY0000003810,Synthetic Firm 3810,United Kingdom,United Kingdom,,,,,,,,,,,
SYN3811.X,SY0000003811,Synthetic Firm 3811,Switzerland,Switzerland,,,,,,,,,,,
SYN3812.X,SY0000003812,Synthetic Firm 3812,Netherlands,Netherlands,,,,,,,,,,,
SYN3813.X,SY0000003813,Synthetic Firm 3813,United Kingdom,United Kingdom,,,,,,,,,,,
SYN3814.X,SY0000003814,Synthetic Firm 3814,Italy,Italy,,,,,,,,,,,
SYN3815.X,SY0000003815,Synthetic Firm 3815,Portugal,Portugal,,,,,,,,,,,
SYN3816.X,SY0000003816,Synthetic Firm 3816,United Kingdom,United Kingdom,,,,,,,,,,,
SYN3817.X,SY0000003817,Synthetic Firm 3817,Germany,Germany,,,,,,,,,,,
SYN3818.X,SY0000003818,Synthetic Firm 3818,United Kingdom,United Kingdom,,,,,,,,,,,
SYN3819.X,SY0000003819,Synthetic Firm 3819,United Kingdom,United Kingdom,,,,,,,,,,,
SYN3820.X,SY0000003820,Synthetic Firm 3820,Poland,Poland,,,,,,,,,,,
SYN3821.X,SY0000003821,Synthetic Firm 3821,United Kingdom,United Kingdom,,,,,,,,,,,
SYN3822.X,SY0000003822,Synthetic Firm 3822,France,France,,,,,,,,,,,
SYN3823.X,SY0000003823,Synthetic Firm 3823,Switzerland,Switzerland,,,,,,,,,,,
SYN3824.X,SY0000003824,Synthetic Firm 3824,Sweden,Sweden,,,,,,,,,,,
SYN3825.X,SY0000003825,Synthetic Firm 3825,United Kingdom,United Kingdom,,,,,,,,,,,
SYN3826.X,SY0000003826,Synthetic Firm 3826,United Kingdom,United Kingdom,,,,,,,,,,,
SYN3827.X,SY0000003827,Synthetic Firm 3827,France,France,,,,,,,,,,,
SYN3828.X,SY0000003828,Synthetic Firm 3828,United Kingdom,United Kingdom,,,,,,,,,,,
SYN3829.X,SY0000003829,Synthetic Firm 3829,Germany,Germany,,,,,,,,,,,
SYN3830.X,SY0000003830,Synthetic Firm 3830,Belgium,Belgium,,,,,,,,,,,
SYN3831.X,SY0000003831,Synthetic Firm 3831,United Kingdom,United Kingdom,,,,,,,,,,,
SYN3832.X,SY0000003832,Synthetic Firm 3832,Greece,Greece,,,,,,,,,,,
SYN3833.X,SY0000003833,Synthetic Firm 3833,Italy,Italy,,,,,,,,,,,
SYN3834.X,SY0000003834,Synthetic Firm 3834,Russia,Russia,,,,,,,,,,,
SYN3835.X,SY0000003835,Synthetic Firm 3835,Luxembourg,Luxembourg,,,,,,,,,,,
SYN3836.X,SY0000003836,Synthetic Firm 3836,Italy,Italy,,,,,,,,,,,
SYN3837.X,SY0000003837,Synthetic Firm 3837,Switzerland,Switzerland,,,,,,,,,,,
SYN3838.X,SY0000003838,Synthetic Firm 3838,France,France,,,,,,,,,,,
SYN3839.X,SY0000003839,Synthetic Firm 3839,United Kingdom,United Kingdom,,,,,,,,,,,
SYN3840.X,SY0000003840,Synthetic Firm 3840,United Kingdom,United Kingdom,,,,,,,,,,,
SYN3841.X,SY0000003841,Synthetic Firm 3841,United Kingdom,United Kingdom,,,,,,,,,,,
SYN3842.X,SY0000003842,Synthetic Firm 3842,United Kingdom,United Kingdom,,,,,,,,,,,
SYN3843.X,SY0000003843,Synthetic Firm 3843,Israel,Israel,,,,,,,,,,,
SYN3844.X,SY0000003844,Synthetic Firm 3844,United Kingdom,United Kingdom,,,,,,,,,,,
SYN3845.X,SY0000003845,Synthetic Firm 3845,United Kingdom,United Kingdom,,,,,,,,,,,
SYN3846.X,SY0000003846,Synthetic Firm 3846,Switzerland,Switzerland,,,,,,,,,,,
SYN3847.X,SY0000003847,Synthetic Firm 3847,Croatia,Croatia,,,,,,,,,,,
SYN3848.X,SY0000003848,Synthetic Firm 3848,Ireland,Ireland,,,,,,,,,,,
SYN3849.X,SY0000003849,Synthetic Firm 3849,Netherlands,Netherlands,,,,,,,,,,,
SYN3850.X,SY0000003850,Synthetic Firm 3850,Sweden,Sweden,,,,,,,,,,,
SYN3851.X,SY0000003851,Synthetic Firm 3851,Germany,Germany,,,,,,,,,,,
SYN3852.X,SY0000003852,Synthetic Firm 3852,Greece,Greece,,,,,,,,,,,
SYN3853.X,SY0000003853,Synthetic Firm 3853,Greece,Greece,,,,,,,,,,,
SYN3854.X,SY0000003854,Synthetic Firm 3854,United Kingdom,United Kingdom,,,,,,,,,,,
SYN3855.X,SY0000003855,Synthetic Firm 3855,United Kingdom,United Kingdom,,,,,,,,,,,
SYN3856.X,SY0000003856,Synthetic Firm 3856,Canada,Canada,,,,,,,,,,,
SYN3857.X,SY0000003857,Synthetic Firm 3857,France,France,,,,,,,,,,,
SYN3858.X,SY0000003858,Synthetic Firm 3858,Russia,Russia,,,,,,,,,,,
SYN3859.X,SY0000003859,Synthetic Firm 3859,Belgium,Belgium,,,,,,,,,,,
SYN3860.X,SY0000003860,Synthetic Firm 3860,United Kingdom,United Kingdom,,,,,,,,,,,
SYN3861.X,SY0000003861,Synthetic Firm 3861,United Kingdom,United Kingdom,,,,,,,,,,,
SYN3862.X,SY0000003862,Synthetic Firm 3862,United Kingdom,United Kingdom,,,,,,,,,,,
SYN3863.X,SY0000003863,Synthetic Firm 3863,United Kingdom,United Kingdom,,,,,,,,,,,
SYN3864.X,SY0000003864,Synthetic Firm 3864,United Kingdom,United Kingdom,,,,,,,,,,,
SYN3865.X,SY0000003865,Synthetic Firm 3865,Canada,Canada,,,,,,,,,,,
SYN3866.X,SY0000003866,Synthetic Firm 3866,Netherlands,Netherlands,,,,,,,,,,,
SYN3867.X,SY0000003867,Synthetic Firm 3867,Denmark,Denmark,,,,,,,,,,,
SYN3868.X,SY0000003868,Synthetic Firm 3868,United Kingdom,United Kingdom,,,,,,,,,,,
SYN3869.X,SY0000003869,Synthetic Firm 3869,Romania,Romania,,,,,,,,,,,
SYN3870.X,SY0000003870,Synthetic Firm 3870,Czechia,Czechia,,,,,,,,,,,
SYN3871.X,SY0000003871,Synthetic Firm 3871,Hungary,Hungary,,,,,,,,,,,
SYN3872.X,SY0000003872,Synthetic Firm 3872,France,France,,,,,,,,,,,
SYN3873.X,SY0000003873,Synthetic Firm 3873,Sweden,Sweden,,,,,,,,,,,
SYN3874.X,SY0000003874,Synthetic Firm 3874,Switzerland,Switzerland,,,,,,,,,,,
SYN3875.X,SY0000003875,Synthetic Firm 3875,United Kingdom,United Kingdom,,,,,,,,,,,
SYN3876.X,SY0000003876,Synthetic Firm 3876,Norway,Norway,,,,,,,,,,,
SYN3877.X,SY0000003877,Synthetic Firm 3877,Poland,Poland,,,,,,,,,,,
SYN3878.X,SY0000003878,Synthetic Firm 3878,Germany,Germany,,,,,,,,,,,
SYN3879.X,SY0000003879,Synthetic Firm 3879,Spain,Spain,,,,,,,,,,,
SYN3880.X,SY0000003880,Synthetic Firm 3880,France,France,,,,,,,,,,,
SYN3881.X,SY0000003881,Synthetic Firm 3881,Sweden,Sweden,,,,,,,,,,,
SYN3882.X,SY0000003882,Synthetic Firm 3882,Germany,Germany,,,,,,,,,,,
SYN3883.X,SY0000003883,Synthetic Firm 3883,Iceland,Iceland,,,,,,,,,,,
SYN3884.X,SY0000003884,Synthetic Firm 3884,United Kingdom,United Kingdom,,,,,,,,,,,
SYN3885.X,SY0000003885,Synthetic Firm 3885,Sweden,Sweden,,,,,,,,,,,
SYN3886.X,SY0000003886,Synthetic Firm 3886,Austria,Austria,,,,,,,,,,,
SYN3887.X,SY0000003887,Synthetic Firm 3887,Sweden,Sweden,,,,,,,,,,,
SYN3888.X,SY0000003888,Synthetic Firm 3888,Luxembourg,Luxembourg,,,,,,,,,,,
SYN3889.X,SY0000003889,Synthetic Firm 3889,United Kingdom,United Kingdom,,,,,,,,,,,
SYN3890.X,SY0000003890,Synthetic Firm 3890,United Kingdom,United Kingdom,,,,,,,,,,,
SYN3891.X,SY0000003891,Synthetic Firm 3891,Poland,Poland,,,,,,,,,,,
SYN3892.X,SY0000003892,Synthetic Firm 3892,Germany,Germany,,,,,,,,,,,
SYN3893.X,SY0000003893,Synthetic Firm 3893,United Kingdom,United Kingdom,,,,,,,,,,,
SYN3894.X,SY0000003894,Synthetic Firm 3894,Romania,Romania,,,,,,,,,,,
SYN3895.X,SY0000003895,Synthetic Firm 3895,United Kingdom,United Kingdom,,,,,,,,,,,
SYN3896.X,SY0000003896,Synthetic Firm 3896,Hungary,Hungary,,,,,,,,,,,
SYN3897.X,SY0000003897,Synthetic Firm 3897,United Kingdom,United Kingdom,,,,,,,,,,,
SYN3898.X,SY0000003898,Synthetic Firm 3898,Switzerland,Switzerland,,,,,,,,,,,
SYN3899.X,SY0000003899,Synthetic Firm 3899,France,France,,,,,,,,,,,
SYN3900.X,SY0000003900,Synthetic Firm 3900,Poland,Poland,,,,,,,,,,,
SYN3901.X,SY0000003901,Synthetic Firm 3901,Portugal,Portugal,,,,,,,,,,,
SYN3902.X,SY0000003902,Synthetic Firm 3902,Sweden,Sweden,,,,,,,,,,,
SYN3903.X,SY0000003903,Synthetic Firm 3903,Poland,Poland,,,,,,,,,,,
SYN3904.X,SY0000003904,Synthetic Firm 3904,Iceland,Iceland,,,,,,,,,,,
SYN3905.X,SY0000003905,Synthetic Firm 3905,United Kingdom,United Kingdom,,,,,,,,,,,
SYN3906.X,SY0000003906,Synthetic Firm 3906,Sweden,Sweden,,,,,,,,,,,
SYN3907.X,SY0000003907,Synthetic Firm 3907,Finland,Finland,,,,,,,,,,,
SYN3908.X,SY0000003908,Synthetic Firm 3908,Portugal,Portugal,,,,,,,,,,,
SYN3909.X,SY0000003909,Synthetic Firm 3909,Norway,Norway,,,,,,,,,,,
SYN3910.X,SY0000003910,Synthetic Firm 3910,Turkey,Turkey,,,,,,,,,,,
SYN3911.X,SY0000003911,Synthetic Firm 3911,United Kingdom,United Kingdom,,,,,,,,,,,
SYN3912.X,SY0000003912,Synthetic Firm 3912,Germany,Germany,,,,,,,,,,,
SYN3913.X,SY0000003913,Synthetic Firm 3913,United Kingdom,United Kingdom,,,,,,,,,,,
SYN3914.X,SY0000003914,Synthetic Firm 3914,United Kingdom,United Kingdom,,,,,,,,,,,
SYN3915.X,SY0000003915,Synthetic Firm 3915,United Kingdom,United Kingdom,,,,,,,,,,,
SYN3916.X,SY0000003916,Synthetic Firm 3916,Netherlands,Netherlands,,,,,,,,,,,
SYN3917.X,SY0000003917,Synthetic Firm 3917,Iceland,Iceland,,,,,,,,,,,
SYN3918.X,SY0000003918,Synthetic Firm 3918,United Kingdom,United Kingdom,,,,,,,,,,,
SYN3919.X,SY0000003919,Synthetic Firm 3919,Austria,Austria,,,,,,,,,,,
SYN3920.X,SY0000003920,Synthetic Firm 3920,United Kingdom,United Kingdom,,,,,,,,,,,
SYN3921.X,SY0000003921,Synthetic Firm 3921,Sweden,Sweden,,,,,,,,,,,
SYN3922.X,SY0000003922,Synthetic Firm 3922,United Kingdom,United Kingdom,,,,,,,,,,,
SYN3923.X,SY0000003923,Synthetic Firm 3923,Czechia,Czechia,,,,,,,,,,,
SYN3924.X,SY0000003924,Synthetic Firm 3924,United Kingdom,United Kingdom,,,,,,,,,,,
SYN3925.X,SY0000003925,Synthetic Firm 3925,Bulgaria,Bulgaria,,,,,,,,,,,
SYN3926.X,SY0000003926,Synthetic Firm 3926,United Kingdom,United Kingdom,,,,,,,,,,,
SYN3927.X,SY0000003927,Synthetic Firm 3927,Austria,Austria,,,,,,,,,,,
SYN3928.X,SY0000003928,Synthetic Firm 3928,Belgium,Belgium,,,,,,,,,,,
SYN3929.X,SY0000003929,Synthetic Firm 3929,Turkey,Turkey,,,,,,,,,,,
SYN3930.X,SY0000003930,Synthetic Firm 3930,United Kingdom,United Kingdom,,,,,,,,,,,
SYN3931.X,SY0000003931,Synthetic Firm 3931,Germany,Germany,,,,,,,,,,,
SYN3932.X,SY0000003932,Synthetic Firm 3932,Italy,Italy,,,,,,,,,,,
SYN3933.X,SY0000003933,Synthetic Firm 3933,Greece,Greece,,,,,,,,,,,
SYN3934.X,SY0000003934,Synthetic Firm 3934,Sweden,Sweden,,,,,,,,,,,
SYN3935.X,SY0000003935,Synthetic Firm 3935,France,France,,,,,,,,,,,
SYN3936.X,SY0000003936,Synthetic Firm 3936,Sweden,Sweden,,,,,,,,,,,
SYN3937.X,SY0000003937,Synthetic Firm 3937,Switzerland,Switzerland,,,,,,,,,,,
SYN3938.X,SY0000003938,Synthetic Firm 3938,Denmark,Denmark,,,,,,,,,,,
SYN3939.X,SY0000003939,Synthetic Firm 3939,Switzerland,Switzerland,,,,,,,,,,,
SYN3940.X,SY0000003940,Synthetic Firm 3940,United Kingdom,United Kingdom,,,,,,,,,,,
SYN3941.X,SY0000003941,Synthetic Firm 3941,Norway,Norway,,,,,,,,,,,
SYN3942.X,SY0000003942,Synthetic Firm 3942,France,France,,,,,,,,,,,
SYN3943.X,SY0000003943,Synthetic Firm 3943,Malta,Malta,,,,,,,,,,,
SYN3944.X,SY0000003944,Synthetic Firm 3944,Spain,Spain,,,,,,,,,,,
SYN3945.X,SY0000003945,Synthetic Firm 3945,Israel,Israel,,,,,,,,,,,
SYN3946.X,SY0000003946,Synthetic Firm 3946,Finland,Finland,,,,,,,,,,,
SYN3947.X,SY0000003947,Synthetic Firm 3947,Luxembourg,Luxembourg,,,,,,,,,,,
SYN3948.X,SY0000003948,Synthetic Firm 3948,United Kingdom,United Kingdom,,,,,,,,,,,
SYN3949.X,SY0000003949,Synthetic Firm 3949,United Kingdom,United Kingdom,,,,,,,,,,,
SYN3950.X,SY0000003950,Synthetic Firm 3950,Turkey,Turkey,,,,,,,,,,,
SYN3951.X,SY0000003951,Synthetic Firm 3951,Greece,Greece,,,,,,,,,,,
SYN3952.X,SY0000003952,Synthetic Firm 3952,Sweden,Sweden,,,,,,,,,,,
SYN3953.X,SY0000003953,Synthetic Firm 3953,Austria,Austria,,,,,,,,,,,
SYN3954.X,SY0000003954,Synthetic Firm 3954,United Kingdom,United Kingdom,,,,,,,,,,,
SYN3955.X,SY0000003955,Synthetic Firm 3955,Hungary,Hungary,,,,,,,,,,,
SYN3956.X,SY0000003956,Synthetic Firm 3956,Luxembourg,Luxembourg,,,,,,,,,,,
SYN3957.X,SY0000003957,Synthetic Firm 3957,Hungary,Hungary,,,,,,,,,,,
SYN3958.X,SY0000003958,Synthetic Firm 3958,Ireland,Ireland,,,,,,,,,,,
SYN3959.X,SY0000003959,Synthetic Firm 3959,Germany,Germany,,,,,,,,,,,
SYN3960.X,SY0000003960,Synthetic Firm 3960,France,France,,,,,,,,,,,
SYN3961.X,SY0000003961,Synthetic Firm 3961,Germany,Germany,,,,,,,,,,,
SYN3962.X,SY0000003962,Synthetic Firm 3962,France,France,,,,,,,,,,,
SYN3963.X,SY0000003963,Synthetic Firm 3963,Norway,Norway,,,,,,,,,,,
SYN3964.X,SY0000003964,Synthetic Firm 3964,Portugal,Portugal,,,,,,,,,,,
SYN3965.X,SY0000003965,Synthetic Firm 3965,France,France,,,,,,,,,,,
SYN3966.X,SY0000003966,Synthetic Firm 3966,United Kingdom,United Kingdom,,,,,,,,,,,
SYN3967.X,SY0000003967,Synthetic Firm 3967,France,France,,,,,,,,,,,
SYN3968.X,SY0000003968,Synthetic Firm 3968,France,France,,,,,,,,,,,
SYN3969.X,SY0000003969,Synthetic Firm 3969,United Kingdom,United Kingdom,,,,,,,,,,,
SYN3970.X,SY0000003970,Synthetic Firm 3970,Hungary,Hungary,,,,,,,,,,,
SYN3971.X,SY0000003971,Synthetic Firm 3971,Norway,Norway,,,,,,,,,,,
SYN3972.X,SY0000003972,Synthetic Firm 3972,France,France,,,,,,,,,,,
SYN3973.X,SY0000003973,Synthetic Firm 3973,Switzerland,Switzerland,,,,,,,,,,,
SYN3974.X,SY0000003974,Synthetic Firm 3974,United Kingdom,United Kingdom,,,,,,,,,,,
SYN3975.X,SY0000003975,Synthetic Firm 3975,France,France,,,,,,,,,,,
SYN3976.X,SY0000003976,Synthetic Firm 3976,Switzerland,Switzerland,,,,,,,,,,,
SYN3977.X,SY0000003977,Synthetic Firm 3977,Romania,Romania,,,,,,,,,,,
SYN3978.X,SY0000003978,Synthetic Firm 3978,United Kingdom,United Kingdom,,,,,,,,,,,
SYN3979.X,SY0000003979,Synthetic Firm 3979,United Kingdom,United Kingdom,,,,,,,,,,,
SYN3980.X,SY0000003980,Synthetic Firm 3980,Switzerland,Switzerland,,,,,,,,,,,
SYN3981.X,SY0000003981,Synthetic Firm 3981,United Kingdom,United Kingdom,,,,,,,,,,,
SYN3982.X,SY0000003982,Synthetic Firm 3982,Turkey,Turkey,,,,,,,,,,,
SYN3983.X,SY0000003983,Synthetic Firm 3983,United Kingdom,United Kingdom,,,,,,,,,,,
SYN3984.X,SY0000003984,Synthetic Firm 3984,Romania,Romania,,,,,,,,,,,
SYN3985.X,SY0000003985,Synthetic Firm 3985,Germany,Germany,,,,,,,,,,,
SYN3986.X,SY0000003986,Synthetic Firm 3986,Finland,Finland,,,,,,,,,,,
SYN3987.X,SY0000003987,Synthetic Firm 3987,France,France,,,,,,,,,,,
SYN3988.X,SY0000003988,Synthetic Firm 3988,France,France,,,,,,,,,,,
SYN3989.X,SY0000003989,Synthetic Firm 3989,France,France,,,,,,,,,,,
SYN3990.X,SY0000003990,Synthetic Firm 3990,Austria,Austria,,,,,,,,,,,
SYN3991.X,SY0000003991,Synthetic Firm 3991,France,France,,,,,,,,,,,
SYN3992.X,SY0000003992,Synthetic Firm 3992,Germany,Germany,,,,,,,,,,,
SYN3993.X,SY0000003993,Synthetic Firm 3993,United Kingdom,United Kingdom,,,,,,,,,,,
SYN3994.X,SY0000003994,Synthetic Firm 3994,Sweden,Sweden,,,,,,,,,,,
SYN3995.X,SY0000003995,Synthetic Firm 3995,United Kingdom,United Kingdom,,,,,,,,,,,
SYN3996.X,SY0000003996,Synthetic Firm 3996,Switzerland,Switzerland,,,,,,,,,,,
SYN3997.X,SY0000003997,Synthetic Firm 3997,France,France,,,,,,,,,,,
SYN3998.X,SY0000003998,Synthetic Firm 3998,Norway,Norway,,,,,,,,,,,
SYN3999.X,SY0000003999,Synthetic Firm 3999,Romania,Romania,,,,,,,,,,,
SYN4000.X,SY0000004000,Synthetic Firm 4000,United Kingdom,United Kingdom,,,,,,,,,,,
SYN4001.X,SY0000004001,Synthetic Firm 4001,Finland,Finland,,,,,,,,,,,
SYN4002.X,SY0000004002,Synthetic Firm 4002,Australia,Australia,,,,,,,,,,,
SYN4003.X,SY0000004003,Synthetic Firm 4003,Hungary,Hungary,,,,,,,,,,,
SYN4004.X,SY0000004004,Synthetic Firm 4004,France,France,,,,,,,,,,,
SYN4005.X,SY0000004005,Synthetic Firm 4005,Romania,Romania,,,,,,,,,,,
SYN4006.X,SY0000004006,Synthetic Firm 4006,Germany,Germany,,,,,,,,,,,
SYN4007.X,SY0000004007,Synthetic Firm 4007,United Kingdom,United Kingdom,,,,,,,,,,,
SYN4008.X,SY0000004008,Synthetic Firm 4008,United Kingdom,United Kingdom,,,,,,,,,,,
SYN4009.X,SY0000004009,Synthetic Firm 4009,Denmark,Denmark,,,,,,,,,,,
SYN4010.X,SY0000004010,Synthetic Firm 4010,Belgium,Belgium,,,,,,,,,,,
SYN4011.X,SY0000004011,Synthetic Firm 4011,Sweden,Sweden,,,,,,,,,,,
SYN4012.X,SY0000004012,Synthetic Firm 4012,Denmark,Denmark,,,,,,,,,,,
SYN4013.X,SY0000004013,Synthetic Firm 4013,Italy,Italy,,,,,,,,,,,
SYN4014.X,SY0000004014,Synthetic Firm 4014,Germany,Germany,,,,,,,,,,,
SYN4015.X,SY0000004015,Synthetic Firm 4015,Romania,Romania,,,,,,,,,,,
SYN4016.X,SY0000004016,Synthetic Firm 4016,Germany,Germany,,,,,,,,,,,
SYN4017.X,SY0000004017,Synthetic Firm 4017,Germany,Germany,,,,,,,,,,,
SYN4018.X,SY0000004018,Synthetic Firm 4018,United Kingdom,United Kingdom,,,,,,,,,,,
SYN4019.X,SY0000004019,Synthetic Firm 4019,Sweden,Sweden,,,,,,,,,,,
SYN4020.X,SY0000004020,Synthetic Firm 4020,Italy,Italy,,,,,,,,,,,
SYN4021.X,SY0000004021,Synthetic Firm 4021,Israel,Israel,,,,,,,,,,,
SYN4022.X,SY0000004022,Synthetic Firm 4022,Denmark,Denmark,,,,,,,,,,,
SYN4023.X,SY0000004023,Synthetic Firm 4023,Italy,Italy,,,,,,,,,,,
SYN4024.X,SY0000004024,Synthetic Firm 4024,Poland,Poland,,,,,,,,,,,
SYN4025.X,SY0000004025,Synthetic Firm 4025,Czechia,Czechia,,,,,,,,,,,
SYN4026.X,SY0000004026,Synthetic Firm 4026,Austria,Austria,,,,,,,,,,,
SYN4027.X,SY0000004027,Synthetic Firm 4027,Germany,Germany,,,,,,,,,,,
SYN4028.X,SY0000004028,Synthetic Firm 4028,Germany,Germany,,,,,,,,,,,
SYN4029.X,SY0000004029,Synthetic Firm 4029,Sweden,Sweden,,,,,,,,,,,
SYN4030.X,SY0000004030,Synthetic Firm 4030,Germany,Germany,,,,,,,,,,,
SYN4031.X,SY0000004031,Synthetic Firm 4031,Sweden,Sweden,,,,,,,,,,,
SYN4032.X,SY0000004032,Synthetic Firm 4032,Greece,Greece,,,,,,,,,,,
SYN4033.X,SY0000004033,Synthetic Firm 4033,Sweden,Sweden,,,,,,,,,,,
SYN4034.X,SY0000004034,Synthetic Firm 4034,Finland,Finland,,,,,,,,,,,
SYN4035.X,SY0000004035,Synthetic Firm 4035,Portugal,Portugal,,,,,,,,,,,
SYN4036.X,SY0000004036,Synthetic Firm 4036,United Kingdom,United Kingdom,,,,,,,,,,,
SYN4037.X,SY0000004037,Synthetic Firm 4037,United Kingdom,United Kingdom,,,,,,,,,,,
SYN4038.X,SY0000004038,Synthetic Firm 4038,Turkey,Turkey,,,,,,,,,,,
SYN4039.X,SY0000004039,Synthetic Firm 4039,France,France,,,,,,,,,,,
SYN4040.X,SY0000004040,Synthetic Firm 4040,United Kingdom,United Kingdom,,,,,,,,,,,
SYN4041.X,SY0000004041,Synthetic Firm 4041,Switzerland,Switzerland,,,,,,,,,,,
SYN4042.X,SY0000004042,Synthetic Firm 4042,Spain,Spain,,,,,,,,,,,
SYN4043.X,SY0000004043,Synthetic Firm 4043,United Kingdom,United Kingdom,,,,,,,,,,,
SYN4044.X,SY0000004044,Synthetic Firm 4044,Netherlands,Netherlands,,,,,,,,,,,
SYN4045.X,SY0000004045,Synthetic Firm 4045,United Kingdom,United Kingdom,,,,,,,,,,,
SYN4046.X,SY0000004046,Synthetic Firm 4046,Denmark,Denmark,,,,,,,,,,,
SYN4047.X,SY0000004047,Synthetic Firm 4047,Norway,Norway,,,,,,,,,,,
SYN4048.X,SY0000004048,Synthetic Firm 4048,Switzerland,Switzerland,,,,,,,,,,,
SYN4049.X,SY0000004049,Synthetic Firm 4049,Germany,Germany,,,,,,,,,,,
SYN4050.X,SY0000004050,Synthetic Firm 4050,Iceland,Iceland,,,,,,,,,,,
SYN4051.X,SY0000004051,Synthetic Firm 4051,Israel,Israel,,,,,,,,,,,
SYN4052.X,SY0000004052,Synthetic Firm 4052,Germany,Germany,,,,,,,,,,,
SYN4053.X,SY0000004053,Synthetic Firm 4053,Switzerland,Switzerland,,,,,,,,,,,
SYN4054.X,SY0000004054,Synthetic Firm 4054,Switzerland,Switzerland,,,,,,,,,,,
SYN4055.X,SY0000004055,Synthetic Firm 4055,Netherlands,Netherlands,,,,,,,,,,,
SYN4056.X,SY0000004056,Synthetic Firm 4056,United Kingdom,United Kingdom,,,,,,,,,,,
SYN4057.X,SY0000004057,Synthetic Firm 4057,United Kingdom,United Kingdom,,,,,,,,,,,
SYN4058.X,SY0000004058,Synthetic Firm 4058,France,France,,,,,,,,,,,
SYN4059.X,SY0000004059,Synthetic Firm 4059,Lithuania,Lithuania,,,,,,,,,,,
SYN4060.X,SY0000004060,Synthetic Firm 4060,Germany,Germany,,,,,,,,,,,
SYN4061.X,SY0000004061,Synthetic Firm 4061,Poland,Poland,,,,,,,,,,,
SYN4062.X,SY0000004062,Synthetic Firm 4062,Spain,Spain,,,,,,,,,,,
SYN4063.X,SY0000004063,Synthetic Firm 4063,Sweden,Sweden,,,,,,,,,,,
SYN4064.X,SY0000004064,Synthetic Firm 4064,Switzerland,Switzerland,,,,,,,,,,,
SYN4065.X,SY0000004065,Synthetic Firm 4065,Ireland,Ireland,,,,,,,,,,,
SYN4066.X,SY0000004066,Synthetic Firm 4066,Czechia,Czechia,,,,,,,,,,,
SYN4067.X,SY0000004067,Synthetic Firm 4067,Germany,Germany,,,,,,,,,,,
SYN4068.X,SY0000004068,Synthetic Firm 4068,Iceland,Iceland,,,,,,,,,,,
SYN4069.X,SY0000004069,Synthetic Firm 4069,Denmark,Denmark,,,,,,,,,,,
SYN4070.X,SY0000004070,Synthetic Firm 4070,Sweden,Sweden,,,,,,,,,,,
SYN4071.X,SY0000004071,Synthetic Firm 4071,Russia,Russia,,,,,,,,,,,
SYN4072.X,SY0000004072,Synthetic Firm 4072,Germany,Germany,,,,,,,,,,,
SYN4073.X,SY0000004073,Synthetic Firm 4073,Germany,Germany,,,,,,,,,,,
SYN4074.X,SY0000004074,Synthetic Firm 4074,Hungary,Hungary,,,,,,,,,,,
SYN4075.X,SY0000004075,Synthetic Firm 4075,United Kingdom,United Kingdom,,,,,,,,,,,
SYN4076.X,SY0000004076,Synthetic Firm 4076,United Kingdom,United Kingdom,,,,,,,,,,,
SYN4077.X,SY0000004077,Synthetic Firm 4077,Cyprus,Cyprus,,,,,,,,,,,
SYN4078.X,SY0000004078,Synthetic Firm 4078,United Kingdom,United Kingdom,,,,,,,,,,,
SYN4079.X,SY0000004079,Synthetic Firm 4079,Czechia,Czechia,,,,,,,,,,,
SYN4080.X,SY0000004080,Synthetic Firm 4080,Germany,Germany,,,,,,,,,,,
SYN4081.X,SY0000004081,Synthetic Firm 4081,United Kingdom,United Kingdom,,,,,,,,,,,
SYN4082.X,SY0000004082,Synthetic Firm 4082,Italy,Italy,,,,,,,,,,,
SYN4083.X,SY0000004083,Synthetic Firm 4083,Germany,Germany,,,,,,,,,,,
SYN4084.X,SY0000004084,Synthetic Firm 4084,Austria,Austria,,,,,,,,,,,
SYN4085.X,SY0000004085,Synthetic Firm 4085,Sweden,Sweden,,,,,,,,,,,
SYN4086.X,SY0000004086,Synthetic Firm 4086,Sweden,Sweden,,,,,,,,,,,
SYN4087.X,SY0000004087,Synthetic Firm 4087,Sweden,Sweden,,,,,,,,,,,
SYN4088.X,SY0000004088,Synthetic Firm 4088,France,France,,,,,,,,,,,
SYN4089.X,SY0000004089,Synthetic Firm 4089,Switzerland,Switzerland,,,,,,,,,,,
SYN4090.X,SY0000004090,Synthetic Firm 4090,United Kingdom,United Kingdom,,,,,,,,,,,
SYN4091.X,SY0000004091,Synthetic Firm 4091,United Kingdom,United Kingdom,,,,,,,,,,,
SYN4092.X,SY0000004092,Synthetic Firm 4092,Germany,Germany,,,,,,,,,,,
SYN4093.X,SY0000004093,Synthetic Firm 4093,Italy,Italy,,,,,,,,,,,
SYN4094.X,SY0000004094,Synthetic Firm 4094,United Kingdom,United Kingdom,,,,,,,,,,,
SYN4095.X,SY0000004095,Synthetic Firm 4095,Sweden,Sweden,,,,,,,,,,,
SYN4096.X,SY0000004096,Synthetic Firm 4096,Sweden,Sweden,,,,,,,,,,,
SYN4097.X,SY0000004097,Synthetic Firm 4097,Switzerland,Switzerland,,,,,,,,,,,
SYN4098.X,SY0000004098,Synthetic Firm 4098,United Kingdom,United Kingdom,,,,,,,,,,,
SYN4099.X,SY0000004099,Synthetic Firm 4099,Sweden,Sweden,,,,,,,,,,,
SYN4100.X,SY0000004100,Synthetic Firm 4100,Luxembourg,Luxembourg,,,,,,,,,,,
SYN4101.X,SY0000004101,Synthetic Firm 4101,Australia,Australia,,,,,,,,,,,
SYN4102.X,SY0000004102,Synthetic Firm 4102,France,France,,,,,,,,,,,
SYN4103.X,SY0000004103,Synthetic Firm 4103,United Kingdom,United Kingdom,,,,,,,,,,,
SYN4104.X,SY0000004104,Synthetic Firm 4104,Portugal,Portugal,,,,,,,,,,,
SYN4105.X,SY0000004105,Synthetic Firm 4105,United Kingdom,United Kingdom,,,,,,,,,,,
SYN4106.X,SY0000004106,Synthetic Firm 4106,Iceland,Iceland,,,,,,,,,,,
SYN4107.X,SY0000004107,Synthetic Firm 4107,United Kingdom,United Kingdom,,,,,,,,,,,
SYN4108.X,SY0000004108,Synthetic Firm 4108,Switzerland,Switzerland,,,,,,,,,,,
SYN4109.X,SY0000004109,Synthetic Firm 4109,France,France,,,,,,,,,,,
SYN4110.X,SY0000004110,Synthetic Firm 4110,Sweden,Sweden,,,,,,,,,,,
SYN4111.X,SY0000004111,Synthetic Firm 4111,Germany,Germany,,,,,,,,,,,
SYN4112.X,SY0000004112,Synthetic Firm 4112,Switzerland,Switzerland,,,,,,,,,,,
SYN4113.X,SY0000004113,Synthetic Firm 4113,United Kingdom,United Kingdom,,,,,,,,,,,
SYN4114.X,SY0000004114,Synthetic Firm 4114,France,France,,,,,,,,,,,
SYN4115.X,SY0000004115,Synthetic Firm 4115,United Kingdom,United Kingdom,,,,,,,,,,,
SYN4116.X,SY0000004116,Synthetic Firm 4116,Poland,Poland,,,,,,,,,,,
SYN4117.X,SY0000004117,Synthetic Firm 4117,Germany,Germany,,,,,,,,,,,
SYN4118.X,SY0000004118,Synthetic Firm 4118,Sweden,Sweden,,,,,,,,,,,
SYN4119.X,SY0000004119,Synthetic Firm 4119,United Kingdom,United Kingdom,,,,,,,,,,,
SYN4120.X,SY0000004120,Synthetic Firm 4120,Germany,Germany,,,,,,,,,,,
SYN4121.X,SY0000004121,Synthetic Firm 4121,Sweden,Sweden,,,,,,,,,,,
SYN4122.X,SY0000004122,Synthetic Firm 4122,Portugal,Portugal,,,,,,,,,,,
SYN4123.X,SY0000004123,Synthetic Firm 4123,Italy,Italy,,,,,,,,,,,
SYN4124.X,SY0000004124,Synthetic Firm 4124,Portugal,Portugal,,,,,,,,,,,
SYN4125.X,SY0000004125,Synthetic Firm 4125,Sweden,Sweden,,,,,,,,,,,
SYN4126.X,SY0000004126,Synthetic Firm 4126,United Kingdom,United Kingdom,,,,,,,,,,,
SYN4127.X,SY0000004127,Synthetic Firm 4127,Germany,Germany,,,,,,,,,,,
SYN4128.X,SY0000004128,Synthetic Firm 4128,United Kingdom,United Kingdom,,,,,,,,,,,
SYN4129.X,SY0000004129,Synthetic Firm 4129,United Kingdom,United Kingdom,,,,,,,,,,,
SYN4130.X,SY0000004130,Synthetic Firm 4130,Sweden,Sweden,,,,,,,,,,,
SYN4131.X,SY0000004131,Synthetic Firm 4131,France,France,,,,,,,,,,,
SYN4132.X,SY0000004132,Synthetic Firm 4132,United Kingdom,United Kingdom,,,,,,,,,,,
SYN4133.X,SY0000004133,Synthetic Firm 4133,Switzerland,Switzerland,,,,,,,,,,,
SYN4134.X,SY0000004134,Synthetic Firm 4134,Iceland,Iceland,,,,,,,,,,,
SYN4135.X,SY0000004135,Synthetic Firm 4135,Austria,Austria,,,,,,,,,,,
SYN4136.X,SY0000004136,Synthetic Firm 4136,United Kingdom,United Kingdom,,,,,,,,,,,
SYN4137.X,SY0000004137,Synthetic Firm 4137,United Kingdom,United Kingdom,,,,,,,,,,,
SYN4138.X,SY0000004138,Synthetic Firm 4138,Czechia,Czechia,,,,,,,,,,,
SYN4139.X,SY0000004139,Synthetic Firm 4139,Belgium,Belgium,,,,,,,,,,,
SYN4140.X,SY0000004140,Synthetic Firm 4140,Turkey,Turkey,,,,,,,,,,,
SYN4141.X,SY0000004141,Synthetic Firm 4141,Switzerland,Switzerland,,,,,,,,,,,
SYN4142.X,SY0000004142,Synthetic Firm 4142,United Kingdom,United Kingdom,,,,,,,,,,,
SYN4143.X,SY0000004143,Synthetic Firm 4143,Germany,Germany,,,,,,,,,,,
SYN4144.X,SY0000004144,Synthetic Firm 4144,Denmark,Denmark,,,,,,,,,,,
SYN4145.X,SY0000004145,Synthetic Firm 4145,United Kingdom,United Kingdom,,,,,,,,,,,
SYN4146.X,SY0000004146,Synthetic Firm 4146,Germany,Germany,,,,,,,,,,,
SYN4147.X,SY0000004147,Synthetic Firm 4147,Croatia,Croatia,,,,,,,,,,,
SYN4148.X,SY0000004148,Synthetic Firm 4148,Israel,Israel,,,,,,,,,,,
SYN4149.X,SY0000004149,Synthetic Firm 4149,France,France,,,,,,,,,,,
SYN4150.X,SY0000004150,Synthetic Firm 4150,United Kingdom,United Kingdom,,,,,,,,,,,
SYN4151.X,SY0000004151,Synthetic Firm 4151,United Kingdom,United Kingdom,,,,,,,,,,,
SYN4152.X,SY0000004152,Synthetic Firm 4152,United Kingdom,United Kingdom,,,,,,,,,,,
SYN4153.X,SY0000004153,Synthetic Firm 4153,Czechia,Czechia,,,,,,,,,,,
SYN4154.X,SY0000004154,Synthetic Firm 4154,Switzerland,Switzerland,,,,,,,,,,,
SYN4155.X,SY0000004155,Synthetic Firm 4155,France,France,,,,,,,,,,,
SYN4156.X,SY0000004156,Synthetic Firm 4156,Netherlands,Netherlands,,,,,,,,,,,
SYN4157.X,SY0000004157,Synthetic Firm 4157,United Kingdom,United Kingdom,,,,,,,,,,,
SYN4158.X,SY0000004158,Synthetic Firm 4158,Netherlands,Netherlands,,,,,,,,,,,
SYN4159.X,SY0000004159,Synthetic Firm 4159,Spain,Spain,,,,,,,,,,,
SYN4160.X,SY0000004160,Synthetic Firm 4160,Turkey,Turkey,,,,,,,,,,,
SYN4161.X,SY0000004161,Synthetic Firm 4161,Czechia,Czechia,,,,,,,,,,,
SYN4162.X,SY0000004162,Synthetic Firm 4162,Ireland,Ireland,,,,,,,,,,,
SYN4163.X,SY0000004163,Synthetic Firm 4163,Russia,Russia,,,,,,,,,,,
SYN4164.X,SY0000004164,Synthetic Firm 4164,Sweden,Sweden,,,,,,,,,,,
SYN4165.X,SY0000004165,Synthetic Firm 4165,Czechia,Czechia,,,,,,,,,,,
SYN4166.X,SY0000004166,Synthetic Firm 4166,Sweden,Sweden,,,,,,,,,,,
SYN4167.X,SY0000004167,Synthetic Firm 4167,Netherlands,Netherlands,,,,,,,,,,,
SYN4168.X,SY0000004168,Synthetic Firm 4168,United Kingdom,United Kingdom,,,,,,,,,,,
SYN4169.X,SY0000004169,Synthetic Firm 4169,Belgium,Belgium,,,,,,,,,,,
SYN4170.X,SY0000004170,Synthetic Firm 4170,France,France,,,,,,,,,,,
SYN4171.X,SY0000004171,Synthetic Firm 4171,Monaco,Monaco,,,,,,,,,,,
SYN4172.X,SY0000004172,Synthetic Firm 4172,Italy,Italy,,,,,,,,,,,
SYN4173.X,SY0000004173,Synthetic Firm 4173,Germany,Germany,,,,,,,,,,,
SYN4174.X,SY0000004174,Synthetic Firm 4174,Hungary,Hungary,,,,,,,,,,,
SYN4175.X,SY0000004175,Synthetic Firm 4175,Portugal,Portugal,,,,,,,,,,,
SYN4176.X,SY0000004176,Synthetic Firm 4176,France,France,,,,,,,,,,,
SYN4177.X,SY0000004177,Synthetic Firm 4177,Sweden,Sweden,,,,,,,,,,,
SYN4178.X,SY0000004178,Synthetic Firm 4178,Sweden,Sweden,,,,,,,,,,,
SYN4179.X,SY0000004179,Synthetic Firm 4179,France,France,,,,,,,,,,,
SYN4180.X,SY0000004180,Synthetic Firm 4180,France,France,,,,,,,,,,,
SYN4181.X,SY0000004181,Synthetic Firm 4181,Israel,Israel,,,,,,,,,,,
SYN4182.X,SY0000004182,Synthetic Firm 4182,Luxembourg,Luxembourg,,,,,,,,,,,
SYN4183.X,SY0000004183,Synthetic Firm 4183,Switzerland,Switzerland,,,,,,,,,,,
SYN4184.X,SY0000004184,Synthetic Firm 4184,Germany,Germany,,,,,,,,,,,
SYN4185.X,SY0000004185,Synthetic Firm 4185,United Kingdom,United Kingdom,,,,,,,,,,,
SYN4186.X,SY0000004186,Synthetic Firm 4186,Finland,Finland,,,,,,,,,,,
SYN4187.X,SY0000004187,Synthetic Firm 4187,Liechtenstein,Liechtenstein,,,,,,,,,,,
SYN4188.X,SY0000004188,Synthetic Firm 4188,Russia,Russia,,,,,,,,,,,
SYN4189.X,SY0000004189,Synthetic Firm 4189,Sweden,Sweden,,,,,,,,,,,
SYN4190.X,SY0000004190,Synthetic Firm 4190,Greece,Greece,,,,,,,,,,,
SYN4191.X,SY0000004191,Synthetic Firm 4191,United Kingdom,United Kingdom,,,,,,,,,,,
SYN4192.X,SY0000004192,Synthetic Firm 4192,United Kingdom,United Kingdom,,,,,,,,,,,
SYN4193.X,SY0000004193,Synthetic Firm 4193,Italy,Italy,,,,,,,,,,,
SYN4194.X,SY0000004194,Synthetic Firm 4194,Finland,Finland,,,,,,,,,,,
SYN4195.X,SY0000004195,Synthetic Firm 4195,Luxembourg,Luxembourg,,,,,,,,,,,
SYN4196.X,SY0000004196,Synthetic Firm 4196,Sweden,Sweden,,,,,,,,,,,
SYN4197.X,SY0000004197,Synthetic Firm 4197,Slovenia,Slovenia,,,,,,,,,,,
SYN4198.X,SY0000004198,Synthetic Firm 4198,United Kingdom,United Kingdom,,,,,,,,,,,
SYN4199.X,SY0000004199,Synthetic Firm 4199,United Kingdom,United Kingdom,,,,,,,,,,,
SYN4200.X,SY0000004200,Synthetic Firm 4200,Sweden,Sweden,,,,,,,,,,,
SYN4201.X,SY0000004201,Synthetic Firm 4201,Poland,Poland,,,,,,,,,,,
SYN4202.X,SY0000004202,Synthetic Firm 4202,Russia,Russia,,,,,,,,,,,
SYN4203.X,SY0000004203,Synthetic Firm 4203,United Kingdom,United Kingdom,,,,,,,,,,,
SYN4204.X,SY0000004204,Synthetic Firm 4204,Switzerland,Switzerland,,,,,,,,,,,
SYN4205.X,SY0000004205,Synthetic Firm 4205,United Kingdom,United Kingdom,,,,,,,,,,,
SYN4206.X,SY0000004206,Synthetic Firm 4206,Russia,Russia,,,,,,,,,,,
SYN4207.X,SY0000004207,Synthetic Firm 4207,Russia,Russia,,,,,,,,,,,
SYN4208.X,SY0000004208,Synthetic Firm 4208,Switzerland,Switzerland,,,,,,,,,,,
SYN4209.X,SY0000004209,Synthetic Firm 4209,Lithuania,Lithuania,,,,,,,,,,,
SYN4210.X,SY0000004210,Synthetic Firm 4210,Sweden,Sweden,,,,,,,,,,,
SYN4211.X,SY0000004211,Synthetic Firm 4211,United Kingdom,United Kingdom,,,,,,,,,,,
SYN4212.X,SY0000004212,Synthetic Firm 4212,Russia,Russia,,,,,,,,,,,
SYN4213.X,SY0000004213,Synthetic Firm 4213,Czechia,Czechia,,,,,,,,,,,
SYN4214.X,SY0000004214,Synthetic Firm 4214,Sweden,Sweden,,,,,,,,,,,
SYN4215.X,SY0000004215,Synthetic Firm 4215,United Kingdom,United Kingdom,,,,,,,,,,,
SYN4216.X,SY0000004216,Synthetic Firm 4216,Germany,Germany,,,,,,,,,,,
SYN4217.X,SY0000004217,Synthetic Firm 4217,Spain,Spain,,,,,,,,,,,
SYN4218.X,SY0000004218,Synthetic Firm 4218,Finland,Finland,,,,,,,,,,,
SYN4219.X,SY0000004219,Synthetic Firm 4219,Switzerland,Switzerland,,,,,,,,,,,
SYN4220.X,SY0000004220,Synthetic Firm 4220,Austria,Austria,,,,,,,,,,,
SYN4221.X,SY0000004221,Synthetic Firm 4221,United Kingdom,United Kingdom,,,,,,,,,,,
SYN4222.X,SY0000004222,Synthetic Firm 4222,France,France,,,,,,,,,,,
SYN4223.X,SY0000004223,Synthetic Firm 4223,Germany,Germany,,,,,,,,,,,
SYN4224.X,SY0000004224,Synthetic Firm 4224,Luxembourg,Luxembourg,,,,,,,,,,,
SYN4225.X,SY0000004225,Synthetic Firm 4225,Turkey,Turkey,,,,,,,,,,,
SYN4226.X,SY0000004226,Synthetic Firm 4226,Romania,Romania,,,,,,,,,,,
SYN4227.X,SY0000004227,Synthetic Firm 4227,Sweden,Sweden,,,,,,,,,,,
SYN4228.X,SY0000004228,Synthetic Firm 4228,France,France,,,,,,,,,,,
SYN4229.X,SY0000004229,Synthetic Firm 4229,Russia,Russia,,,,,,,,,,,
SYN4230.X,SY0000004230,Synthetic Firm 4230,United Kingdom,United Kingdom,,,,,,,,,,,
SYN4231.X,SY0000004231,Synthetic Firm 4231,Germany,Germany,,,,,,,,,,,
SYN4232.X,SY0000004232,Synthetic Firm 4232,Switzerland,Switzerland,,,,,,,,,,,
SYN4233.X,SY0000004233,Synthetic Firm 4233,United Kingdom,United Kingdom,,,,,,,,,,,
SYN4234.X,SY0000004234,Synthetic Firm 4234,Germany,Germany,,,,,,,,,,,
SYN4235.X,SY0000004235,Synthetic Firm 4235,France,France,,,,,,,,,,,
SYN4236.X,SY0000004236,Synthetic Firm 4236,United Kingdom,United Kingdom,,,,,,,,,,,
SYN4237.X,SY0000004237,Synthetic Firm 4237,United Kingdom,United Kingdom,,,,,,,,,,,
SYN4238.X,SY0000004238,Synthetic Firm 4238,Belgium,Belgium,,,,,,,,,,,
SYN4239.X,SY0000004239,Synthetic Firm 4239,Luxembourg,Luxembourg,,,,,,,,,,,
SYN4240.X,SY0000004240,Synthetic Firm 4240,Germany,Germany,,,,,,,,,,,
SYN4241.X,SY0000004241,Synthetic Firm 4241,United Kingdom,United Kingdom,,,,,,,,,,,
SYN4242.X,SY0000004242,Synthetic Firm 4242,France,France,,,,,,,,,,,
SYN4243.X,SY0000004243,Synthetic Firm 4243,Iceland,Iceland,,,,,,,,,,,
SYN4244.X,SY0000004244,Synthetic Firm 4244,France,France,,,,,,,,,,,
SYN4245.X,SY0000004245,Synthetic Firm 4245,Germany,Germany,,,,,,,,,,,
SYN4246.X,SY0000004246,Synthetic Firm 4246,Austria,Austria,,,,,,,,,,,
SYN4247.X,SY0000004247,Synthetic Firm 4247,United Kingdom,United Kingdom,,,,,,,,,,,
SYN4248.X,SY0000004248,Synthetic Firm 4248,Germany,Germany,,,,,,,,,,,
SYN4249.X,SY0000004249,Synthetic Firm 4249,Spain,Spain,,,,,,,,,,,
SYN4250.X,SY0000004250,Synthetic Firm 4250,Denmark,Denmark,,,,,,,,,,,
SYN4251.X,SY0000004251,Synthetic Firm 4251,United Kingdom,United Kingdom,,,,,,,,,,,
SYN4252.X,SY0000004252,Synthetic Firm 4252,United Kingdom,United Kingdom,,,,,,,,,,,
SYN4253.X,SY0000004253,Synthetic Firm 4253,Sweden,Sweden,,,,,,,,,,,
SYN4254.X,SY0000004254,Synthetic Firm 4254,United Kingdom,United Kingdom,,,,,,,,,,,
SYN4255.X,SY0000004255,Synthetic Firm 4255,United Kingdom,United Kingdom,,,,,,,,,,,
SYN4256.X,SY0000004256,Synthetic Firm 4256,United Kingdom,United Kingdom,,,,,,,,,,,
SYN4257.X,SY0000004257,Synthetic Firm 4257,Denmark,Denmark,,,,,,,,,,,
SYN4258.X,SY0000004258,Synthetic Firm 4258,United Kingdom,United Kingdom,,,,,,,,,,,
SYN4259.X,SY0000004259,Synthetic Firm 4259,United Kingdom,United Kingdom,,,,,,,,,,,
SYN4260.X,SY0000004260,Synthetic Firm 4260,Iceland,Iceland,,,,,,,,,,,
SYN4261.X,SY0000004261,Synthetic Firm 4261,Sweden,Sweden,,,,,,,,,,,
SYN4262.X,SY0000004262,Synthetic Firm 4262,Turkey,Turkey,,,,,,,,,,,
SYN4263.X,SY0000004263,Synthetic Firm 4263,Germany,Germany,,,,,,,,,,,
SYN4264.X,SY0000004264,Synthetic Firm 4264,Austria,Austria,,,,,,,,,,,
SYN4265.X,SY0000004265,Synthetic Firm 4265,United Kingdom,United Kingdom,,,,,,,,,,,
SYN4266.X,SY0000004266,Synthetic Firm 4266,Hungary,Hungary,,,,,,,,,,,
SYN4267.X,SY0000004267,Synthetic Firm 4267,Canada,Canada,,,,,,,,,,,
SYN4268.X,SY0000004268,Synthetic Firm 4268,Norway,Norway,,,,,,,,,,,
SYN4269.X,SY0000004269,Synthetic Firm 4269,Sweden,Sweden,,,,,,,,,,,
SYN4270.X,SY0000004270,Synthetic Firm 4270,Poland,Poland,,,,,,,,,,,
SYN4271.X,SY0000004271,Synthetic Firm 4271,Switzerland,Switzerland,,,,,,,,,,,
SYN4272.X,SY0000004272,Synthetic Firm 4272,France,France,,,,,,,,,,,
SYN4273.X,SY0000004273,Synthetic Firm 4273,United Kingdom,United Kingdom,,,,,,,,,,,
SYN4274.X,SY0000004274,Synthetic Firm 4274,Denmark,Denmark,,,,,,,,,,,
SYN4275.X,SY0000004275,Synthetic Firm 4275,France,France,,,,,,,,,,,
SYN4276.X,SY0000004276,Synthetic Firm 4276,United Kingdom,United Kingdom,,,,,,,,,,,
SYN4277.X,SY0000004277,Synthetic Firm 4277,United Kingdom,United Kingdom,,,,,,,,,,,
SYN4278.X,SY0000004278,Synthetic Firm 4278,France,France,,,,,,,,,,,
SYN4279.X,SY0000004279,Synthetic Firm 4279,Romania,Romania,,,,,,,,,,,
SYN4280.X,SY0000004280,Synthetic Firm 4280,Germany,Germany,,,,,,,,,,,
SYN4281.X,SY0000004281,Synthetic Firm 4281,United Kingdom,United Kingdom,,,,,,,,,,,
SYN4282.X,SY0000004282,Synthetic Firm 4282,Sweden,Sweden,,,,,,,,,,,
SYN4283.X,SY0000004283,Synthetic Firm 4283,France,France,,,,,,,,,,,
SYN4284.X,SY0000004284,Synthetic Firm 4284,United Kingdom,United Kingdom,,,,,,,,,,,
SYN4285.X,SY0000004285,Synthetic Firm 4285,Norway,Norway,,,,,,,,,,,
SYN4286.X,SY0000004286,Synthetic Firm 4286,United Kingdom,United Kingdom,,,,,,,,,,,
SYN4287.X,SY0000004287,Synthetic Firm 4287,Luxembourg,Luxembourg,,,,,,,,,,,
SYN4288.X,SY0000004288,Synthetic Firm 4288,Norway,Norway,,,,,,,,,,,
SYN4289.X,SY0000004289,Synthetic Firm 4289,Switzerland,Switzerland,,,,,,,,,,,
SYN4290.X,SY0000004290,Synthetic Firm 4290,France,France,,,,,,,,,,,
SYN4291.X,SY0000004291,Synthetic Firm 4291,United Kingdom,United Kingdom,,,,,,,,,,,
SYN4292.X,SY0000004292,Synthetic Firm 4292,United Kingdom,United Kingdom,,,,,,,,,,,
SYN4293.X,SY0000004293,Synthetic Firm 4293,Germany,Germany,,,,,,,,,,,
SYN4294.X,SY0000004294,Synthetic Firm 4294,Germany,Germany,,,,,,,,,,,
SYN4295.X,SY0000004295,Synthetic Firm 4295,Germany,Germany,,,,,,,,,,,
SYN4296.X,SY0000004296,Synthetic Firm 4296,Sweden,Sweden,,,,,,,,,,,
SYN4297.X,SY0000004297,Synthetic Firm 4297,United Kingdom,United Kingdom,,,,,,,,,,,
SYN4298.X,SY0000004298,Synthetic Firm 4298,Iceland,Iceland,,,,,,,,,,,
SYN4299.X,SY0000004299,Synthetic Firm 4299,Hungary,Hungary,,,,,,,,,,,
SYN4300.X,SY0000004300,Synthetic Firm 4300,United Kingdom,United Kingdom,,,,,,,,,,,
SYN4301.X,SY0000004301,Synthetic Firm 4301,United Kingdom,United Kingdom,,,,,,,,,,,
SYN4302.X,SY0000004302,Synthetic Firm 4302,United Kingdom,United Kingdom,,,,,,,,,,,
SYN4303.X,SY0000004303,Synthetic Firm 4303,United Kingdom,United Kingdom,,,,,,,,,,,
SYN4304.X,SY0000004304,Synthetic Firm 4304,Turkey,Turkey,,,,,,,,,,,
SYN4305.X,SY0000004305,Synthetic Firm 4305,Czechia,Czechia,,,,,,,,,,,
SYN4306.X,SY0000004306,Synthetic Firm 4306,Russia,Russia,,,,,,,,,,,
SYN4307.X,SY0000004307,Synthetic Firm 4307,Ireland,Ireland,,,,,,,,,,,
SYN4308.X,SY0000004308,Synthetic Firm 4308,Ireland,Ireland,,,,,,,,,,,
SYN4309.X,SY0000004309,Synthetic Firm 4309,Germany,Germany,,,,,,,,,,,
SYN4310.X,SY0000004310,Synthetic Firm 4310,Germany,Germany,,,,,,,,,,,
SYN4311.X,SY0000004311,Synthetic Firm 4311,Hungary,Hungary,,,,,,,,,,,
SYN4312.X,SY0000004312,Synthetic Firm 4312,Germany,Germany,,,,,,,,,,,
SYN4313.X,SY0000004313,Synthetic Firm 4313,Switzerland,Switzerland,,,,,,,,,,,
SYN4314.X,SY0000004314,Synthetic Firm 4314,France,France,,,,,,,,,,,
SYN4315.X,SY0000004315,Synthetic Firm 4315,United Kingdom,United Kingdom,,,,,,,,,,,
SYN4316.X,SY0000004316,Synthetic Firm 4316,Ireland,Ireland,,,,,,,,,,,
SYN4317.X,SY0000004317,Synthetic Firm 4317,Italy,Italy,,,,,,,,,,,
SYN4318.X,SY0000004318,Synthetic Firm 4318,Hungary,Hungary,,,,,,,,,,,
SYN4319.X,SY0000004319,Synthetic Firm 4319,Germany,Germany,,,,,,,,,,,
SYN4320.X,SY0000004320,Synthetic Firm 4320,Germany,Germany,,,,,,,,,,,
SYN4321.X,SY0000004321,Synthetic Firm 4321,Romania,Romania,,,,,,,,,,,
SYN4322.X,SY0000004322,Synthetic Firm 4322,Switzerland,Switzerland,,,,,,,,,,,
SYN4323.X,SY0000004323,Synthetic Firm 4323,France,France,,,,,,,,,,,
SYN4324.X,SY0000004324,Synthetic Firm 4324,United Kingdom,United Kingdom,,,,,,,,,,,
SYN4325.X,SY0000004325,Synthetic Firm 4325,United Kingdom,United Kingdom,,,,,,,,,,,
SYN4326.X,SY0000004326,Synthetic Firm 4326,Denmark,Denmark,,,,,,,,,,,
SYN4327.X,SY0000004327,Synthetic Firm 4327,Sweden,Sweden,,,,,,,,,,,
SYN4328.X,SY0000004328,Synthetic Firm 4328,Romania,Romania,,,,,,,,,,,
